2026-05-17 12:44:59,964 - __main__ - INFO - Found Fortnite window at (0, 0, 1920, 1080)
2026-05-17 12:44:59,967 - __main__ - INFO - Template loaded: (425, 283, 3)
2026-05-17 12:45:00,369 - __main__ - INFO - Found Fortnite window at (0, 0, 1920, 1080)
2026-05-17 12:45:00,767 - __main__ - INFO - Detection engine started
2026-05-17 12:45:00,767 - __main__ - INFO - Aimbot engine started
2026-05-17 12:45:00,767 - __main__ - ERROR - Detection loop error: '_thread._local' object has no attribute 'srcdc'
2026-05-17 12:45:00,767 - __main__ - INFO - Main window initialized
2026-05-17 12:45:00,816 - __main__ - INFO - Application started
2026-05-17 12:45:00,879 - __main__ - ERROR - Detection loop error: '_thread._local' object has no attribute 'srcdc'
2026-05-17 12:45:00,989 - __main__ - ERROR - Detection loop error: '_thread._local' object has no attribute 'srcdc'
2026-05-17 12:45:01,098 - __main__ - ERROR - Detection loop error: '_thread._local' object has no attribute 'srcdc'
2026-05-17 12:45:01,208 - __main__ - ERROR - Detection loop error: '_thread._local' object has no attribute 'srcdc'
2026-05-17 12:45:01,316 - __main__ - ERROR - Detection loop error: '_thread._local' object has no attribute 'srcdc'
2026-05-17 12:45:01,427 - __main__ - ERROR - Detection loop error: '_thread._local' object has no attribute 'srcdc'
2026-05-17 12:45:01,535 - __main__ - ERROR - Detection loop error: '_thread._local' object has no attribute 'srcdc'
2026-05-17 12:45:01,642 - __main__ - ERROR - Detection loop error: '_thread._local' object has no attribute 'srcdc'
2026-05-17 12:45:01,751 - __main__ - ERROR - Detection loop error: '_thread._local' object has no attribute 'srcdc'
2026-05-17 12:45:01,863 - __main__ - ERROR - Detection loop error: '_thread._local' object has no attribute 'srcdc'
2026-05-17 12:45:01,971 - __main__ - ERROR - Detection loop error: '_thread._local' object has no attribute 'srcdc'
2026-05-17 12:45:02,080 - __main__ - ERROR - Detection loop error: '_thread._local' object has no attribute 'srcdc'
2026-05-17 12:45:02,190 - __main__ - ERROR - Detection loop error: '_thread._local' object has no attribute 'srcdc'
2026-05-17 12:45:02,297 - __main__ - ERROR - Detection loop error: '_thread._local' object has no attribute 'srcdc'
2026-05-17 12:45:02,405 - __main__ - ERROR - Detection loop error: '_thread._local' object has no attribute 'srcdc'
2026-05-17 12:45:02,517 - __main__ - ERROR - Detection loop error: '_thread._local' object has no attribute 'srcdc'
2026-05-17 12:45:02,624 - __main__ - ERROR - Detection loop error: '_thread._local' object has no attribute 'srcdc'
2026-05-17 12:45:02,733 - __main__ - ERROR - Detection loop error: '_thread._local' object has no attribute 'srcdc'
2026-05-17 12:45:02,844 - __main__ - ERROR - Detection loop error: '_thread._local' object has no attribute 'srcdc'
2026-05-17 12:45:02,953 - __main__ - ERROR - Detection loop error: '_thread._local' object has no attribute 'srcdc'
2026-05-17 12:45:03,062 - __main__ - ERROR - Detection loop error: '_thread._local' object has no attribute 'srcdc'
2026-05-17 12:45:03,172 - __main__ - ERROR - Detection loop error: '_thread._local' object has no attribute 'srcdc'
2026-05-17 12:45:03,281 - __main__ - ERROR - Detection loop error: '_thread._local' object has no attribute 'srcdc'
2026-05-17 12:45:03,389 - __main__ - ERROR - Detection loop error: '_thread._local' object has no attribute 'srcdc'
2026-05-17 12:45:03,498 - __main__ - ERROR - Detection loop error: '_thread._local' object has no attribute 'srcdc'
2026-05-17 12:45:03,608 - __main__ - ERROR - Detection loop error: '_thread._local' object has no attribute 'srcdc'
2026-05-17 12:45:03,717 - __main__ - ERROR - Detection loop error: '_thread._local' object has no attribute 'srcdc'
2026-05-17 12:45:03,827 - __main__ - ERROR - Detection loop error: '_thread._local' object has no attribute 'srcdc'
2026-05-17 12:45:03,937 - __main__ - ERROR - Detection loop error: '_thread._local' object has no attribute 'srcdc'
2026-05-17 12:45:04,046 - __main__ - ERROR - Detection loop error: '_thread._local' object has no attribute 'srcdc'
2026-05-17 12:45:04,157 - __main__ - ERROR - Detection loop error: '_thread._local' object has no attribute 'srcdc'
2026-05-17 12:45:04,267 - __main__ - ERROR - Detection loop error: '_thread._local' object has no attribute 'srcdc'
2026-05-17 12:45:04,375 - __main__ - ERROR - Detection loop error: '_thread._local' object has no attribute 'srcdc'
2026-05-17 12:45:04,485 - __main__ - ERROR - Detection loop error: '_thread._local' object has no attribute 'srcdc'
2026-05-17 12:45:04,595 - __main__ - ERROR - Detection loop error: '_thread._local' object has no attribute 'srcdc'
2026-05-17 12:45:04,705 - __main__ - ERROR - Detection loop error: '_thread._local' object has no attribute 'srcdc'
2026-05-17 12:45:04,817 - __main__ - ERROR - Detection loop error: '_thread._local' object has no attribute 'srcdc'
2026-05-17 12:45:04,930 - __main__ - ERROR - Detection loop error: '_thread._local' object has no attribute 'srcdc'
2026-05-17 12:45:05,039 - __main__ - ERROR - Detection loop error: '_thread._local' object has no attribute 'srcdc'
2026-05-17 12:45:05,147 - __main__ - ERROR - Detection loop error: '_thread._local' object has no attribute 'srcdc'
2026-05-17 12:45:05,255 - __main__ - ERROR - Detection loop error: '_thread._local' object has no attribute 'srcdc'
2026-05-17 12:45:05,363 - __main__ - ERROR - Detection loop error: '_thread._local' object has no attribute 'srcdc'
2026-05-17 12:45:05,472 - __main__ - ERROR - Detection loop error: '_thread._local' object has no attribute 'srcdc'
2026-05-17 12:45:05,581 - __main__ - ERROR - Detection loop error: '_thread._local' object has no attribute 'srcdc'
2026-05-17 12:45:05,689 - __main__ - ERROR - Detection loop error: '_thread._local' object has no attribute 'srcdc'
2026-05-17 12:45:05,797 - __main__ - ERROR - Detection loop error: '_thread._local' object has no attribute 'srcdc'
2026-05-17 12:45:05,905 - __main__ - ERROR - Detection loop error: '_thread._local' object has no attribute 'srcdc'
2026-05-17 12:45:06,015 - __main__ - ERROR - Detection loop error: '_thread._local' object has no attribute 'srcdc'
2026-05-17 12:45:06,125 - __main__ - ERROR - Detection loop error: '_thread._local' object has no attribute 'srcdc'
2026-05-17 12:45:06,234 - __main__ - ERROR - Detection loop error: '_thread._local' object has no attribute 'srcdc'
2026-05-17 12:45:06,345 - __main__ - ERROR - Detection loop error: '_thread._local' object has no attribute 'srcdc'
2026-05-17 12:45:06,454 - __main__ - ERROR - Detection loop error: '_thread._local' object has no attribute 'srcdc'
2026-05-17 12:45:06,563 - __main__ - ERROR - Detection loop error: '_thread._local' object has no attribute 'srcdc'
2026-05-17 12:45:06,670 - __main__ - ERROR - Detection loop error: '_thread._local' object has no attribute 'srcdc'
2026-05-17 12:45:06,779 - __main__ - ERROR - Detection loop error: '_thread._local' object has no attribute 'srcdc'
2026-05-17 12:45:06,887 - __main__ - ERROR - Detection loop error: '_thread._local' object has no attribute 'srcdc'
2026-05-17 12:45:06,998 - __main__ - ERROR - Detection loop error: '_thread._local' object has no attribute 'srcdc'
2026-05-17 12:45:07,105 - __main__ - ERROR - Detection loop error: '_thread._local' object has no attribute 'srcdc'
2026-05-17 12:45:07,215 - __main__ - ERROR - Detection loop error: '_thread._local' object has no attribute 'srcdc'
2026-05-17 12:45:07,326 - __main__ - ERROR - Detection loop error: '_thread._local' object has no attribute 'srcdc'
2026-05-17 12:45:07,436 - __main__ - ERROR - Detection loop error: '_thread._local' object has no attribute 'srcdc'
2026-05-17 12:45:07,545 - __main__ - ERROR - Detection loop error: '_thread._local' object has no attribute 'srcdc'
2026-05-17 12:45:07,646 - __main__ - ERROR - Detection loop error: '_thread._local' object has no attribute 'srcdc'
2026-05-17 12:45:07,750 - __main__ - ERROR - Detection loop error: '_thread._local' object has no attribute 'srcdc'
2026-05-17 12:45:07,858 - __main__ - ERROR - Detection loop error: '_thread._local' object has no attribute 'srcdc'
2026-05-17 12:45:07,966 - __main__ - ERROR - Detection loop error: '_thread._local' object has no attribute 'srcdc'
2026-05-17 12:45:08,074 - __main__ - ERROR - Detection loop error: '_thread._local' object has no attribute 'srcdc'
2026-05-17 12:45:08,183 - __main__ - ERROR - Detection loop error: '_thread._local' object has no attribute 'srcdc'
2026-05-17 12:45:08,294 - __main__ - ERROR - Detection loop error: '_thread._local' object has no attribute 'srcdc'
2026-05-17 12:45:08,403 - __main__ - ERROR - Detection loop error: '_thread._local' object has no attribute 'srcdc'
2026-05-17 12:45:08,511 - __main__ - ERROR - Detection loop error: '_thread._local' object has no attribute 'srcdc'
2026-05-17 12:45:08,622 - __main__ - ERROR - Detection loop error: '_thread._local' object has no attribute 'srcdc'
2026-05-17 12:45:08,731 - __main__ - ERROR - Detection loop error: '_thread._local' object has no attribute 'srcdc'
2026-05-17 12:45:08,841 - __main__ - ERROR - Detection loop error: '_thread._local' object has no attribute 'srcdc'
2026-05-17 12:45:08,951 - __main__ - ERROR - Detection loop error: '_thread._local' object has no attribute 'srcdc'
2026-05-17 12:45:09,061 - __main__ - ERROR - Detection loop error: '_thread._local' object has no attribute 'srcdc'
2026-05-17 12:45:09,169 - __main__ - ERROR - Detection loop error: '_thread._local' object has no attribute 'srcdc'
2026-05-17 12:45:09,279 - __main__ - ERROR - Detection loop error: '_thread._local' object has no attribute 'srcdc'
2026-05-17 12:45:09,388 - __main__ - ERROR - Detection loop error: '_thread._local' object has no attribute 'srcdc'
2026-05-17 12:45:09,496 - __main__ - ERROR - Detection loop error: '_thread._local' object has no attribute 'srcdc'
2026-05-17 12:45:09,605 - __main__ - ERROR - Detection loop error: '_thread._local' object has no attribute 'srcdc'
2026-05-17 12:45:09,715 - __main__ - ERROR - Detection loop error: '_thread._local' object has no attribute 'srcdc'
2026-05-17 12:45:09,826 - __main__ - ERROR - Detection loop error: '_thread._local' object has no attribute 'srcdc'
2026-05-17 12:45:09,934 - __main__ - ERROR - Detection loop error: '_thread._local' object has no attribute 'srcdc'
2026-05-17 12:45:10,043 - __main__ - ERROR - Detection loop error: '_thread._local' object has no attribute 'srcdc'
2026-05-17 12:45:10,151 - __main__ - ERROR - Detection loop error: '_thread._local' object has no attribute 'srcdc'
2026-05-17 12:45:10,260 - __main__ - ERROR - Detection loop error: '_thread._local' object has no attribute 'srcdc'
2026-05-17 12:45:10,369 - __main__ - ERROR - Detection loop error: '_thread._local' object has no attribute 'srcdc'
2026-05-17 12:45:10,478 - __main__ - ERROR - Detection loop error: '_thread._local' object has no attribute 'srcdc'
2026-05-17 12:45:10,587 - __main__ - ERROR - Detection loop error: '_thread._local' object has no attribute 'srcdc'
2026-05-17 12:45:10,697 - __main__ - ERROR - Detection loop error: '_thread._local' object has no attribute 'srcdc'
2026-05-17 12:45:10,804 - __main__ - ERROR - Detection loop error: '_thread._local' object has no attribute 'srcdc'
2026-05-17 12:45:10,912 - __main__ - ERROR - Detection loop error: '_thread._local' object has no attribute 'srcdc'
2026-05-17 12:45:11,011 - __main__ - INFO - Snap preset changed to: Instant
2026-05-17 12:45:11,022 - __main__ - ERROR - Detection loop error: '_thread._local' object has no attribute 'srcdc'
2026-05-17 12:45:11,131 - __main__ - ERROR - Detection loop error: '_thread._local' object has no attribute 'srcdc'
2026-05-17 12:45:11,240 - __main__ - ERROR - Detection loop error: '_thread._local' object has no attribute 'srcdc'
2026-05-17 12:45:11,350 - __main__ - ERROR - Detection loop error: '_thread._local' object has no attribute 'srcdc'
2026-05-17 12:45:11,458 - __main__ - ERROR - Detection loop error: '_thread._local' object has no attribute 'srcdc'
2026-05-17 12:45:11,568 - __main__ - ERROR - Detection loop error: '_thread._local' object has no attribute 'srcdc'
2026-05-17 12:45:11,676 - __main__ - ERROR - Detection loop error: '_thread._local' object has no attribute 'srcdc'
2026-05-17 12:45:11,784 - __main__ - ERROR - Detection loop error: '_thread._local' object has no attribute 'srcdc'
2026-05-17 12:45:11,894 - __main__ - ERROR - Detection loop error: '_thread._local' object has no attribute 'srcdc'
2026-05-17 12:45:12,006 - __main__ - ERROR - Detection loop error: '_thread._local' object has no attribute 'srcdc'
2026-05-17 12:45:12,117 - __main__ - ERROR - Detection loop error: '_thread._local' object has no attribute 'srcdc'
2026-05-17 12:45:12,225 - __main__ - ERROR - Detection loop error: '_thread._local' object has no attribute 'srcdc'
2026-05-17 12:45:12,336 - __main__ - ERROR - Detection loop error: '_thread._local' object has no attribute 'srcdc'
2026-05-17 12:45:12,444 - __main__ - ERROR - Detection loop error: '_thread._local' object has no attribute 'srcdc'
2026-05-17 12:45:12,553 - __main__ - ERROR - Detection loop error: '_thread._local' object has no attribute 'srcdc'
2026-05-17 12:45:12,661 - __main__ - ERROR - Detection loop error: '_thread._local' object has no attribute 'srcdc'
2026-05-17 12:45:12,772 - __main__ - ERROR - Detection loop error: '_thread._local' object has no attribute 'srcdc'
2026-05-17 12:45:12,881 - __main__ - ERROR - Detection loop error: '_thread._local' object has no attribute 'srcdc'
2026-05-17 12:45:12,992 - __main__ - ERROR - Detection loop error: '_thread._local' object has no attribute 'srcdc'
2026-05-17 12:45:13,103 - __main__ - ERROR - Detection loop error: '_thread._local' object has no attribute 'srcdc'
2026-05-17 12:45:13,212 - __main__ - ERROR - Detection loop error: '_thread._local' object has no attribute 'srcdc'
2026-05-17 12:45:13,320 - __main__ - ERROR - Detection loop error: '_thread._local' object has no attribute 'srcdc'
2026-05-17 12:45:13,431 - __main__ - ERROR - Detection loop error: '_thread._local' object has no attribute 'srcdc'
2026-05-17 12:45:13,540 - __main__ - ERROR - Detection loop error: '_thread._local' object has no attribute 'srcdc'
2026-05-17 12:45:13,650 - __main__ - ERROR - Detection loop error: '_thread._local' object has no attribute 'srcdc'
2026-05-17 12:45:13,759 - __main__ - ERROR - Detection loop error: '_thread._local' object has no attribute 'srcdc'
2026-05-17 12:45:13,868 - __main__ - ERROR - Detection loop error: '_thread._local' object has no attribute 'srcdc'
2026-05-17 12:45:13,976 - __main__ - ERROR - Detection loop error: '_thread._local' object has no attribute 'srcdc'
2026-05-17 12:45:14,086 - __main__ - ERROR - Detection loop error: '_thread._local' object has no attribute 'srcdc'
2026-05-17 12:45:14,196 - __main__ - ERROR - Detection loop error: '_thread._local' object has no attribute 'srcdc'
2026-05-17 12:45:14,303 - __main__ - ERROR - Detection loop error: '_thread._local' object has no attribute 'srcdc'
2026-05-17 12:45:14,411 - __main__ - ERROR - Detection loop error: '_thread._local' object has no attribute 'srcdc'
2026-05-17 12:45:14,522 - __main__ - ERROR - Detection loop error: '_thread._local' object has no attribute 'srcdc'
2026-05-17 12:45:14,631 - __main__ - ERROR - Detection loop error: '_thread._local' object has no attribute 'srcdc'
2026-05-17 12:45:14,743 - __main__ - ERROR - Detection loop error: '_thread._local' object has no attribute 'srcdc'
2026-05-17 12:45:14,852 - __main__ - ERROR - Detection loop error: '_thread._local' object has no attribute 'srcdc'
2026-05-17 12:45:14,962 - __main__ - ERROR - Detection loop error: '_thread._local' object has no attribute 'srcdc'
2026-05-17 12:45:15,071 - __main__ - ERROR - Detection loop error: '_thread._local' object has no attribute 'srcdc'
2026-05-17 12:45:15,181 - __main__ - ERROR - Detection loop error: '_thread._local' object has no attribute 'srcdc'
2026-05-17 12:45:15,289 - __main__ - ERROR - Detection loop error: '_thread._local' object has no attribute 'srcdc'
2026-05-17 12:45:15,398 - __main__ - ERROR - Detection loop error: '_thread._local' object has no attribute 'srcdc'
2026-05-17 12:45:15,508 - __main__ - ERROR - Detection loop error: '_thread._local' object has no attribute 'srcdc'
2026-05-17 12:45:15,618 - __main__ - ERROR - Detection loop error: '_thread._local' object has no attribute 'srcdc'
2026-05-17 12:45:15,728 - __main__ - ERROR - Detection loop error: '_thread._local' object has no attribute 'srcdc'
2026-05-17 12:45:15,839 - __main__ - ERROR - Detection loop error: '_thread._local' object has no attribute 'srcdc'
2026-05-17 12:45:15,949 - __main__ - ERROR - Detection loop error: '_thread._local' object has no attribute 'srcdc'
2026-05-17 12:45:16,058 - __main__ - ERROR - Detection loop error: '_thread._local' object has no attribute 'srcdc'
2026-05-17 12:45:16,168 - __main__ - ERROR - Detection loop error: '_thread._local' object has no attribute 'srcdc'
2026-05-17 12:45:16,279 - __main__ - ERROR - Detection loop error: '_thread._local' object has no attribute 'srcdc'
2026-05-17 12:45:16,389 - __main__ - ERROR - Detection loop error: '_thread._local' object has no attribute 'srcdc'
2026-05-17 12:45:16,496 - __main__ - ERROR - Detection loop error: '_thread._local' object has no attribute 'srcdc'
2026-05-17 12:45:16,607 - __main__ - ERROR - Detection loop error: '_thread._local' object has no attribute 'srcdc'
2026-05-17 12:45:16,717 - __main__ - ERROR - Detection loop error: '_thread._local' object has no attribute 'srcdc'
2026-05-17 12:45:16,824 - __main__ - ERROR - Detection loop error: '_thread._local' object has no attribute 'srcdc'
2026-05-17 12:45:16,933 - __main__ - ERROR - Detection loop error: '_thread._local' object has no attribute 'srcdc'
2026-05-17 12:45:17,042 - __main__ - ERROR - Detection loop error: '_thread._local' object has no attribute 'srcdc'
2026-05-17 12:45:17,151 - __main__ - ERROR - Detection loop error: '_thread._local' object has no attribute 'srcdc'
2026-05-17 12:45:17,260 - __main__ - ERROR - Detection loop error: '_thread._local' object has no attribute 'srcdc'
2026-05-17 12:45:17,368 - __main__ - ERROR - Detection loop error: '_thread._local' object has no attribute 'srcdc'
2026-05-17 12:45:17,478 - __main__ - ERROR - Detection loop error: '_thread._local' object has no attribute 'srcdc'
2026-05-17 12:45:17,587 - __main__ - ERROR - Detection loop error: '_thread._local' object has no attribute 'srcdc'
2026-05-17 12:45:17,696 - __main__ - ERROR - Detection loop error: '_thread._local' object has no attribute 'srcdc'
2026-05-17 12:45:17,805 - __main__ - ERROR - Detection loop error: '_thread._local' object has no attribute 'srcdc'
2026-05-17 12:45:17,913 - __main__ - ERROR - Detection loop error: '_thread._local' object has no attribute 'srcdc'
2026-05-17 12:45:18,022 - __main__ - ERROR - Detection loop error: '_thread._local' object has no attribute 'srcdc'
2026-05-17 12:45:18,130 - __main__ - ERROR - Detection loop error: '_thread._local' object has no attribute 'srcdc'
2026-05-17 12:45:18,239 - __main__ - ERROR - Detection loop error: '_thread._local' object has no attribute 'srcdc'
2026-05-17 12:45:18,348 - __main__ - ERROR - Detection loop error: '_thread._local' object has no attribute 'srcdc'
2026-05-17 12:45:18,458 - __main__ - ERROR - Detection loop error: '_thread._local' object has no attribute 'srcdc'
2026-05-17 12:45:18,568 - __main__ - ERROR - Detection loop error: '_thread._local' object has no attribute 'srcdc'
2026-05-17 12:45:18,676 - __main__ - ERROR - Detection loop error: '_thread._local' object has no attribute 'srcdc'
2026-05-17 12:45:18,786 - __main__ - ERROR - Detection loop error: '_thread._local' object has no attribute 'srcdc'
2026-05-17 12:45:18,895 - __main__ - ERROR - Detection loop error: '_thread._local' object has no attribute 'srcdc'
2026-05-17 12:45:19,003 - __main__ - ERROR - Detection loop error: '_thread._local' object has no attribute 'srcdc'
2026-05-17 12:45:19,112 - __main__ - ERROR - Detection loop error: '_thread._local' object has no attribute 'srcdc'
2026-05-17 12:45:19,221 - __main__ - ERROR - Detection loop error: '_thread._local' object has no attribute 'srcdc'
2026-05-17 12:45:19,329 - __main__ - ERROR - Detection loop error: '_thread._local' object has no attribute 'srcdc'
2026-05-17 12:45:19,439 - __main__ - ERROR - Detection loop error: '_thread._local' object has no attribute 'srcdc'
2026-05-17 12:45:19,549 - __main__ - ERROR - Detection loop error: '_thread._local' object has no attribute 'srcdc'
2026-05-17 12:45:19,658 - __main__ - ERROR - Detection loop error: '_thread._local' object has no attribute 'srcdc'
2026-05-17 12:45:19,767 - __main__ - ERROR - Detection loop error: '_thread._local' object has no attribute 'srcdc'
2026-05-17 12:45:19,878 - __main__ - ERROR - Detection loop error: '_thread._local' object has no attribute 'srcdc'
2026-05-17 12:45:19,987 - __main__ - ERROR - Detection loop error: '_thread._local' object has no attribute 'srcdc'
2026-05-17 12:45:20,096 - __main__ - ERROR - Detection loop error: '_thread._local' object has no attribute 'srcdc'
2026-05-17 12:45:20,204 - __main__ - ERROR - Detection loop error: '_thread._local' object has no attribute 'srcdc'
2026-05-17 12:45:20,314 - __main__ - ERROR - Detection loop error: '_thread._local' object has no attribute 'srcdc'
2026-05-17 12:45:20,423 - __main__ - ERROR - Detection loop error: '_thread._local' object has no attribute 'srcdc'
2026-05-17 12:45:20,532 - __main__ - ERROR - Detection loop error: '_thread._local' object has no attribute 'srcdc'
2026-05-17 12:45:20,641 - __main__ - ERROR - Detection loop error: '_thread._local' object has no attribute 'srcdc'
2026-05-17 12:45:20,748 - __main__ - ERROR - Detection loop error: '_thread._local' object has no attribute 'srcdc'
2026-05-17 12:45:20,858 - __main__ - ERROR - Detection loop error: '_thread._local' object has no attribute 'srcdc'
2026-05-17 12:45:20,969 - __main__ - ERROR - Detection loop error: '_thread._local' object has no attribute 'srcdc'
2026-05-17 12:45:21,078 - __main__ - ERROR - Detection loop error: '_thread._local' object has no attribute 'srcdc'
2026-05-17 12:45:21,189 - __main__ - ERROR - Detection loop error: '_thread._local' object has no attribute 'srcdc'
2026-05-17 12:45:21,299 - __main__ - ERROR - Detection loop error: '_thread._local' object has no attribute 'srcdc'
2026-05-17 12:45:21,410 - __main__ - ERROR - Detection loop error: '_thread._local' object has no attribute 'srcdc'
2026-05-17 12:45:21,518 - __main__ - ERROR - Detection loop error: '_thread._local' object has no attribute 'srcdc'
2026-05-17 12:45:21,627 - __main__ - ERROR - Detection loop error: '_thread._local' object has no attribute 'srcdc'
2026-05-17 12:45:21,735 - __main__ - ERROR - Detection loop error: '_thread._local' object has no attribute 'srcdc'
2026-05-17 12:45:21,846 - __main__ - ERROR - Detection loop error: '_thread._local' object has no attribute 'srcdc'
2026-05-17 12:45:21,957 - __main__ - ERROR - Detection loop error: '_thread._local' object has no attribute 'srcdc'
2026-05-17 12:45:22,066 - __main__ - ERROR - Detection loop error: '_thread._local' object has no attribute 'srcdc'
2026-05-17 12:45:22,174 - __main__ - ERROR - Detection loop error: '_thread._local' object has no attribute 'srcdc'
2026-05-17 12:45:22,284 - __main__ - ERROR - Detection loop error: '_thread._local' object has no attribute 'srcdc'
2026-05-17 12:45:22,393 - __main__ - ERROR - Detection loop error: '_thread._local' object has no attribute 'srcdc'
2026-05-17 12:45:22,501 - __main__ - ERROR - Detection loop error: '_thread._local' object has no attribute 'srcdc'
2026-05-17 12:45:22,612 - __main__ - ERROR - Detection loop error: '_thread._local' object has no attribute 'srcdc'
2026-05-17 12:45:22,719 - __main__ - ERROR - Detection loop error: '_thread._local' object has no attribute 'srcdc'
2026-05-17 12:45:22,829 - __main__ - ERROR - Detection loop error: '_thread._local' object has no attribute 'srcdc'
2026-05-17 12:45:22,939 - __main__ - ERROR - Detection loop error: '_thread._local' object has no attribute 'srcdc'
2026-05-17 12:45:23,049 - __main__ - ERROR - Detection loop error: '_thread._local' object has no attribute 'srcdc'
2026-05-17 12:45:23,158 - __main__ - ERROR - Detection loop error: '_thread._local' object has no attribute 'srcdc'
2026-05-17 12:45:23,266 - __main__ - ERROR - Detection loop error: '_thread._local' object has no attribute 'srcdc'
2026-05-17 12:45:23,373 - __main__ - ERROR - Detection loop error: '_thread._local' object has no attribute 'srcdc'
2026-05-17 12:45:23,483 - __main__ - ERROR - Detection loop error: '_thread._local' object has no attribute 'srcdc'
2026-05-17 12:45:23,594 - __main__ - ERROR - Detection loop error: '_thread._local' object has no attribute 'srcdc'
2026-05-17 12:45:23,703 - __main__ - ERROR - Detection loop error: '_thread._local' object has no attribute 'srcdc'
2026-05-17 12:45:23,811 - __main__ - ERROR - Detection loop error: '_thread._local' object has no attribute 'srcdc'
2026-05-17 12:45:23,920 - __main__ - ERROR - Detection loop error: '_thread._local' object has no attribute 'srcdc'
2026-05-17 12:45:24,027 - __main__ - ERROR - Detection loop error: '_thread._local' object has no attribute 'srcdc'
2026-05-17 12:45:24,136 - __main__ - ERROR - Detection loop error: '_thread._local' object has no attribute 'srcdc'
2026-05-17 12:45:24,244 - __main__ - ERROR - Detection loop error: '_thread._local' object has no attribute 'srcdc'
2026-05-17 12:45:24,353 - __main__ - ERROR - Detection loop error: '_thread._local' object has no attribute 'srcdc'
2026-05-17 12:45:24,462 - __main__ - ERROR - Detection loop error: '_thread._local' object has no attribute 'srcdc'
2026-05-17 12:45:24,572 - __main__ - ERROR - Detection loop error: '_thread._local' object has no attribute 'srcdc'
2026-05-17 12:45:24,681 - __main__ - ERROR - Detection loop error: '_thread._local' object has no attribute 'srcdc'
2026-05-17 12:45:24,791 - __main__ - ERROR - Detection loop error: '_thread._local' object has no attribute 'srcdc'
2026-05-17 12:45:24,901 - __main__ - ERROR - Detection loop error: '_thread._local' object has no attribute 'srcdc'
2026-05-17 12:45:25,010 - __main__ - ERROR - Detection loop error: '_thread._local' object has no attribute 'srcdc'
2026-05-17 12:45:25,120 - __main__ - ERROR - Detection loop error: '_thread._local' object has no attribute 'srcdc'
2026-05-17 12:45:25,228 - __main__ - ERROR - Detection loop error: '_thread._local' object has no attribute 'srcdc'
2026-05-17 12:45:25,336 - __main__ - ERROR - Detection loop error: '_thread._local' object has no attribute 'srcdc'
2026-05-17 12:45:25,443 - __main__ - ERROR - Detection loop error: '_thread._local' object has no attribute 'srcdc'
2026-05-17 12:45:25,553 - __main__ - ERROR - Detection loop error: '_thread._local' object has no attribute 'srcdc'
2026-05-17 12:45:25,663 - __main__ - ERROR - Detection loop error: '_thread._local' object has no attribute 'srcdc'
2026-05-17 12:45:25,772 - __main__ - ERROR - Detection loop error: '_thread._local' object has no attribute 'srcdc'
2026-05-17 12:45:25,882 - __main__ - ERROR - Detection loop error: '_thread._local' object has no attribute 'srcdc'
2026-05-17 12:45:25,992 - __main__ - ERROR - Detection loop error: '_thread._local' object has no attribute 'srcdc'
2026-05-17 12:45:26,100 - __main__ - ERROR - Detection loop error: '_thread._local' object has no attribute 'srcdc'
2026-05-17 12:45:26,208 - __main__ - ERROR - Detection loop error: '_thread._local' object has no attribute 'srcdc'
2026-05-17 12:45:26,317 - __main__ - ERROR - Detection loop error: '_thread._local' object has no attribute 'srcdc'
2026-05-17 12:45:26,426 - __main__ - ERROR - Detection loop error: '_thread._local' object has no attribute 'srcdc'
2026-05-17 12:45:26,536 - __main__ - ERROR - Detection loop error: '_thread._local' object has no attribute 'srcdc'
2026-05-17 12:45:26,647 - __main__ - ERROR - Detection loop error: '_thread._local' object has no attribute 'srcdc'
2026-05-17 12:45:26,757 - __main__ - ERROR - Detection loop error: '_thread._local' object has no attribute 'srcdc'
2026-05-17 12:45:26,867 - __main__ - ERROR - Detection loop error: '_thread._local' object has no attribute 'srcdc'
2026-05-17 12:45:26,976 - __main__ - ERROR - Detection loop error: '_thread._local' object has no attribute 'srcdc'
2026-05-17 12:45:27,085 - __main__ - ERROR - Detection loop error: '_thread._local' object has no attribute 'srcdc'
2026-05-17 12:45:27,196 - __main__ - ERROR - Detection loop error: '_thread._local' object has no attribute 'srcdc'
2026-05-17 12:45:27,304 - __main__ - ERROR - Detection loop error: '_thread._local' object has no attribute 'srcdc'
2026-05-17 12:45:27,413 - __main__ - ERROR - Detection loop error: '_thread._local' object has no attribute 'srcdc'
2026-05-17 12:45:27,522 - __main__ - ERROR - Detection loop error: '_thread._local' object has no attribute 'srcdc'
2026-05-17 12:45:27,633 - __main__ - ERROR - Detection loop error: '_thread._local' object has no attribute 'srcdc'
2026-05-17 12:45:27,743 - __main__ - ERROR - Detection loop error: '_thread._local' object has no attribute 'srcdc'
2026-05-17 12:45:27,853 - __main__ - ERROR - Detection loop error: '_thread._local' object has no attribute 'srcdc'
2026-05-17 12:45:27,961 - __main__ - ERROR - Detection loop error: '_thread._local' object has no attribute 'srcdc'
2026-05-17 12:45:28,069 - __main__ - ERROR - Detection loop error: '_thread._local' object has no attribute 'srcdc'
2026-05-17 12:45:28,179 - __main__ - ERROR - Detection loop error: '_thread._local' object has no attribute 'srcdc'
2026-05-17 12:45:28,288 - __main__ - ERROR - Detection loop error: '_thread._local' object has no attribute 'srcdc'
2026-05-17 12:45:28,396 - __main__ - ERROR - Detection loop error: '_thread._local' object has no attribute 'srcdc'
2026-05-17 12:45:28,506 - __main__ - ERROR - Detection loop error: '_thread._local' object has no attribute 'srcdc'
2026-05-17 12:45:28,616 - __main__ - ERROR - Detection loop error: '_thread._local' object has no attribute 'srcdc'
2026-05-17 12:45:28,724 - __main__ - ERROR - Detection loop error: '_thread._local' object has no attribute 'srcdc'
2026-05-17 12:45:28,833 - __main__ - ERROR - Detection loop error: '_thread._local' object has no attribute 'srcdc'
2026-05-17 12:45:28,943 - __main__ - ERROR - Detection loop error: '_thread._local' object has no attribute 'srcdc'
2026-05-17 12:45:29,050 - __main__ - ERROR - Detection loop error: '_thread._local' object has no attribute 'srcdc'
2026-05-17 12:45:29,160 - __main__ - ERROR - Detection loop error: '_thread._local' object has no attribute 'srcdc'
2026-05-17 12:45:29,270 - __main__ - ERROR - Detection loop error: '_thread._local' object has no attribute 'srcdc'
2026-05-17 12:45:29,380 - __main__ - ERROR - Detection loop error: '_thread._local' object has no attribute 'srcdc'
2026-05-17 12:45:29,489 - __main__ - ERROR - Detection loop error: '_thread._local' object has no attribute 'srcdc'
2026-05-17 12:45:29,597 - __main__ - ERROR - Detection loop error: '_thread._local' object has no attribute 'srcdc'
2026-05-17 12:45:29,708 - __main__ - ERROR - Detection loop error: '_thread._local' object has no attribute 'srcdc'
2026-05-17 12:45:29,819 - __main__ - ERROR - Detection loop error: '_thread._local' object has no attribute 'srcdc'
2026-05-17 12:45:29,931 - __main__ - ERROR - Detection loop error: '_thread._local' object has no attribute 'srcdc'
2026-05-17 12:45:30,038 - __main__ - ERROR - Detection loop error: '_thread._local' object has no attribute 'srcdc'
2026-05-17 12:45:30,149 - __main__ - ERROR - Detection loop error: '_thread._local' object has no attribute 'srcdc'
2026-05-17 12:45:30,258 - __main__ - ERROR - Detection loop error: '_thread._local' object has no attribute 'srcdc'
2026-05-17 12:45:30,368 - __main__ - ERROR - Detection loop error: '_thread._local' object has no attribute 'srcdc'
2026-05-17 12:45:30,477 - __main__ - ERROR - Detection loop error: '_thread._local' object has no attribute 'srcdc'
2026-05-17 12:45:30,587 - __main__ - ERROR - Detection loop error: '_thread._local' object has no attribute 'srcdc'
2026-05-17 12:45:30,698 - __main__ - ERROR - Detection loop error: '_thread._local' object has no attribute 'srcdc'
2026-05-17 12:45:30,807 - __main__ - ERROR - Detection loop error: '_thread._local' object has no attribute 'srcdc'
2026-05-17 12:45:30,917 - __main__ - ERROR - Detection loop error: '_thread._local' object has no attribute 'srcdc'
2026-05-17 12:45:31,027 - __main__ - ERROR - Detection loop error: '_thread._local' object has no attribute 'srcdc'
2026-05-17 12:45:31,136 - __main__ - ERROR - Detection loop error: '_thread._local' object has no attribute 'srcdc'
2026-05-17 12:45:31,244 - __main__ - ERROR - Detection loop error: '_thread._local' object has no attribute 'srcdc'
2026-05-17 12:45:31,354 - __main__ - ERROR - Detection loop error: '_thread._local' object has no attribute 'srcdc'
2026-05-17 12:45:31,465 - __main__ - ERROR - Detection loop error: '_thread._local' object has no attribute 'srcdc'
2026-05-17 12:45:31,574 - __main__ - ERROR - Detection loop error: '_thread._local' object has no attribute 'srcdc'
2026-05-17 12:45:31,684 - __main__ - ERROR - Detection loop error: '_thread._local' object has no attribute 'srcdc'
2026-05-17 12:45:31,792 - __main__ - ERROR - Detection loop error: '_thread._local' object has no attribute 'srcdc'
2026-05-17 12:45:31,900 - __main__ - ERROR - Detection loop error: '_thread._local' object has no attribute 'srcdc'
2026-05-17 12:45:32,010 - __main__ - ERROR - Detection loop error: '_thread._local' object has no attribute 'srcdc'
2026-05-17 12:45:32,120 - __main__ - ERROR - Detection loop error: '_thread._local' object has no attribute 'srcdc'
2026-05-17 12:45:32,232 - __main__ - ERROR - Detection loop error: '_thread._local' object has no attribute 'srcdc'
2026-05-17 12:45:32,341 - __main__ - ERROR - Detection loop error: '_thread._local' object has no attribute 'srcdc'
2026-05-17 12:45:32,452 - __main__ - ERROR - Detection loop error: '_thread._local' object has no attribute 'srcdc'
2026-05-17 12:45:32,562 - __main__ - ERROR - Detection loop error: '_thread._local' object has no attribute 'srcdc'
2026-05-17 12:45:32,672 - __main__ - ERROR - Detection loop error: '_thread._local' object has no attribute 'srcdc'
2026-05-17 12:45:32,781 - __main__ - ERROR - Detection loop error: '_thread._local' object has no attribute 'srcdc'
2026-05-17 12:45:32,890 - __main__ - ERROR - Detection loop error: '_thread._local' object has no attribute 'srcdc'
2026-05-17 12:45:33,001 - __main__ - ERROR - Detection loop error: '_thread._local' object has no attribute 'srcdc'
2026-05-17 12:45:33,110 - __main__ - ERROR - Detection loop error: '_thread._local' object has no attribute 'srcdc'
2026-05-17 12:45:33,222 - __main__ - ERROR - Detection loop error: '_thread._local' object has no attribute 'srcdc'
2026-05-17 12:45:33,331 - __main__ - ERROR - Detection loop error: '_thread._local' object has no attribute 'srcdc'
2026-05-17 12:45:33,440 - __main__ - ERROR - Detection loop error: '_thread._local' object has no attribute 'srcdc'
2026-05-17 12:45:33,550 - __main__ - ERROR - Detection loop error: '_thread._local' object has no attribute 'srcdc'
2026-05-17 12:45:33,658 - __main__ - ERROR - Detection loop error: '_thread._local' object has no attribute 'srcdc'
2026-05-17 12:45:33,767 - __main__ - ERROR - Detection loop error: '_thread._local' object has no attribute 'srcdc'
2026-05-17 12:45:33,877 - __main__ - ERROR - Detection loop error: '_thread._local' object has no attribute 'srcdc'
2026-05-17 12:45:33,985 - __main__ - ERROR - Detection loop error: '_thread._local' object has no attribute 'srcdc'
2026-05-17 12:45:34,096 - __main__ - ERROR - Detection loop error: '_thread._local' object has no attribute 'srcdc'
2026-05-17 12:45:34,205 - __main__ - ERROR - Detection loop error: '_thread._local' object has no attribute 'srcdc'
2026-05-17 12:45:34,315 - __main__ - ERROR - Detection loop error: '_thread._local' object has no attribute 'srcdc'
2026-05-17 12:45:34,424 - __main__ - ERROR - Detection loop error: '_thread._local' object has no attribute 'srcdc'
2026-05-17 12:45:34,533 - __main__ - ERROR - Detection loop error: '_thread._local' object has no attribute 'srcdc'
2026-05-17 12:45:34,642 - __main__ - ERROR - Detection loop error: '_thread._local' object has no attribute 'srcdc'
2026-05-17 12:45:34,753 - __main__ - ERROR - Detection loop error: '_thread._local' object has no attribute 'srcdc'
2026-05-17 12:45:34,863 - __main__ - ERROR - Detection loop error: '_thread._local' object has no attribute 'srcdc'
2026-05-17 12:45:34,972 - __main__ - ERROR - Detection loop error: '_thread._local' object has no attribute 'srcdc'
2026-05-17 12:45:35,081 - __main__ - ERROR - Detection loop error: '_thread._local' object has no attribute 'srcdc'
2026-05-17 12:45:35,189 - __main__ - ERROR - Detection loop error: '_thread._local' object has no attribute 'srcdc'
2026-05-17 12:45:35,298 - __main__ - ERROR - Detection loop error: '_thread._local' object has no attribute 'srcdc'
2026-05-17 12:45:35,406 - __main__ - ERROR - Detection loop error: '_thread._local' object has no attribute 'srcdc'
2026-05-17 12:45:35,515 - __main__ - ERROR - Detection loop error: '_thread._local' object has no attribute 'srcdc'
2026-05-17 12:45:35,624 - __main__ - ERROR - Detection loop error: '_thread._local' object has no attribute 'srcdc'
2026-05-17 12:45:35,734 - __main__ - ERROR - Detection loop error: '_thread._local' object has no attribute 'srcdc'
2026-05-17 12:45:35,844 - __main__ - ERROR - Detection loop error: '_thread._local' object has no attribute 'srcdc'
2026-05-17 12:45:35,956 - __main__ - ERROR - Detection loop error: '_thread._local' object has no attribute 'srcdc'
2026-05-17 12:45:36,065 - __main__ - ERROR - Detection loop error: '_thread._local' object has no attribute 'srcdc'
2026-05-17 12:45:36,174 - __main__ - ERROR - Detection loop error: '_thread._local' object has no attribute 'srcdc'
2026-05-17 12:45:36,285 - __main__ - ERROR - Detection loop error: '_thread._local' object has no attribute 'srcdc'
2026-05-17 12:45:36,394 - __main__ - ERROR - Detection loop error: '_thread._local' object has no attribute 'srcdc'
2026-05-17 12:45:36,503 - __main__ - ERROR - Detection loop error: '_thread._local' object has no attribute 'srcdc'
2026-05-17 12:45:36,612 - __main__ - ERROR - Detection loop error: '_thread._local' object has no attribute 'srcdc'
2026-05-17 12:45:36,720 - __main__ - ERROR - Detection loop error: '_thread._local' object has no attribute 'srcdc'
2026-05-17 12:45:36,828 - __main__ - ERROR - Detection loop error: '_thread._local' object has no attribute 'srcdc'
2026-05-17 12:45:36,938 - __main__ - ERROR - Detection loop error: '_thread._local' object has no attribute 'srcdc'
2026-05-17 12:45:37,046 - __main__ - ERROR - Detection loop error: '_thread._local' object has no attribute 'srcdc'
2026-05-17 12:45:37,156 - __main__ - ERROR - Detection loop error: '_thread._local' object has no attribute 'srcdc'
2026-05-17 12:45:37,266 - __main__ - ERROR - Detection loop error: '_thread._local' object has no attribute 'srcdc'
2026-05-17 12:45:37,374 - __main__ - ERROR - Detection loop error: '_thread._local' object has no attribute 'srcdc'
2026-05-17 12:45:37,483 - __main__ - ERROR - Detection loop error: '_thread._local' object has no attribute 'srcdc'
2026-05-17 12:45:37,593 - __main__ - ERROR - Detection loop error: '_thread._local' object has no attribute 'srcdc'
2026-05-17 12:45:37,700 - __main__ - ERROR - Detection loop error: '_thread._local' object has no attribute 'srcdc'
2026-05-17 12:45:37,808 - __main__ - ERROR - Detection loop error: '_thread._local' object has no attribute 'srcdc'
2026-05-17 12:45:37,917 - __main__ - ERROR - Detection loop error: '_thread._local' object has no attribute 'srcdc'
2026-05-17 12:45:38,028 - __main__ - ERROR - Detection loop error: '_thread._local' object has no attribute 'srcdc'
2026-05-17 12:45:38,139 - __main__ - ERROR - Detection loop error: '_thread._local' object has no attribute 'srcdc'
2026-05-17 12:45:38,248 - __main__ - ERROR - Detection loop error: '_thread._local' object has no attribute 'srcdc'
2026-05-17 12:45:38,356 - __main__ - ERROR - Detection loop error: '_thread._local' object has no attribute 'srcdc'
2026-05-17 12:45:38,466 - __main__ - ERROR - Detection loop error: '_thread._local' object has no attribute 'srcdc'
2026-05-17 12:45:38,574 - __main__ - ERROR - Detection loop error: '_thread._local' object has no attribute 'srcdc'
2026-05-17 12:45:38,683 - __main__ - ERROR - Detection loop error: '_thread._local' object has no attribute 'srcdc'
2026-05-17 12:45:38,790 - __main__ - ERROR - Detection loop error: '_thread._local' object has no attribute 'srcdc'
2026-05-17 12:45:38,899 - __main__ - ERROR - Detection loop error: '_thread._local' object has no attribute 'srcdc'
2026-05-17 12:45:39,008 - __main__ - ERROR - Detection loop error: '_thread._local' object has no attribute 'srcdc'
2026-05-17 12:45:39,117 - __main__ - ERROR - Detection loop error: '_thread._local' object has no attribute 'srcdc'
2026-05-17 12:45:39,223 - __main__ - ERROR - Detection loop error: '_thread._local' object has no attribute 'srcdc'
2026-05-17 12:45:39,332 - __main__ - ERROR - Detection loop error: '_thread._local' object has no attribute 'srcdc'
2026-05-17 12:45:39,443 - __main__ - ERROR - Detection loop error: '_thread._local' object has no attribute 'srcdc'
2026-05-17 12:45:39,551 - __main__ - ERROR - Detection loop error: '_thread._local' object has no attribute 'srcdc'
2026-05-17 12:45:39,661 - __main__ - ERROR - Detection loop error: '_thread._local' object has no attribute 'srcdc'
2026-05-17 12:45:39,770 - __main__ - ERROR - Detection loop error: '_thread._local' object has no attribute 'srcdc'
2026-05-17 12:45:39,881 - __main__ - ERROR - Detection loop error: '_thread._local' object has no attribute 'srcdc'
2026-05-17 12:45:39,991 - __main__ - ERROR - Detection loop error: '_thread._local' object has no attribute 'srcdc'
2026-05-17 12:45:40,101 - __main__ - ERROR - Detection loop error: '_thread._local' object has no attribute 'srcdc'
2026-05-17 12:45:40,212 - __main__ - ERROR - Detection loop error: '_thread._local' object has no attribute 'srcdc'
2026-05-17 12:45:40,322 - __main__ - ERROR - Detection loop error: '_thread._local' object has no attribute 'srcdc'
2026-05-17 12:45:40,432 - __main__ - ERROR - Detection loop error: '_thread._local' object has no attribute 'srcdc'
2026-05-17 12:45:40,541 - __main__ - ERROR - Detection loop error: '_thread._local' object has no attribute 'srcdc'
2026-05-17 12:45:40,653 - __main__ - ERROR - Detection loop error: '_thread._local' object has no attribute 'srcdc'
2026-05-17 12:45:40,761 - __main__ - ERROR - Detection loop error: '_thread._local' object has no attribute 'srcdc'
2026-05-17 12:45:40,871 - __main__ - ERROR - Detection loop error: '_thread._local' object has no attribute 'srcdc'
2026-05-17 12:45:40,981 - __main__ - ERROR - Detection loop error: '_thread._local' object has no attribute 'srcdc'
2026-05-17 12:45:41,092 - __main__ - ERROR - Detection loop error: '_thread._local' object has no attribute 'srcdc'
2026-05-17 12:45:41,202 - __main__ - ERROR - Detection loop error: '_thread._local' object has no attribute 'srcdc'
2026-05-17 12:45:41,311 - __main__ - ERROR - Detection loop error: '_thread._local' object has no attribute 'srcdc'
2026-05-17 12:45:41,420 - __main__ - ERROR - Detection loop error: '_thread._local' object has no attribute 'srcdc'
2026-05-17 12:45:41,530 - __main__ - ERROR - Detection loop error: '_thread._local' object has no attribute 'srcdc'
2026-05-17 12:45:41,640 - __main__ - ERROR - Detection loop error: '_thread._local' object has no attribute 'srcdc'
2026-05-17 12:45:41,751 - __main__ - ERROR - Detection loop error: '_thread._local' object has no attribute 'srcdc'
2026-05-17 12:45:41,862 - __main__ - ERROR - Detection loop error: '_thread._local' object has no attribute 'srcdc'
2026-05-17 12:45:41,972 - __main__ - ERROR - Detection loop error: '_thread._local' object has no attribute 'srcdc'
2026-05-17 12:45:42,081 - __main__ - ERROR - Detection loop error: '_thread._local' object has no attribute 'srcdc'
2026-05-17 12:45:42,192 - __main__ - ERROR - Detection loop error: '_thread._local' object has no attribute 'srcdc'
2026-05-17 12:45:42,303 - __main__ - ERROR - Detection loop error: '_thread._local' object has no attribute 'srcdc'
2026-05-17 12:45:42,412 - __main__ - ERROR - Detection loop error: '_thread._local' object has no attribute 'srcdc'
2026-05-17 12:45:42,522 - __main__ - ERROR - Detection loop error: '_thread._local' object has no attribute 'srcdc'
2026-05-17 12:45:42,632 - __main__ - ERROR - Detection loop error: '_thread._local' object has no attribute 'srcdc'
2026-05-17 12:45:42,741 - __main__ - ERROR - Detection loop error: '_thread._local' object has no attribute 'srcdc'
2026-05-17 12:45:42,850 - __main__ - ERROR - Detection loop error: '_thread._local' object has no attribute 'srcdc'
2026-05-17 12:45:42,958 - __main__ - ERROR - Detection loop error: '_thread._local' object has no attribute 'srcdc'
2026-05-17 12:45:43,067 - __main__ - ERROR - Detection loop error: '_thread._local' object has no attribute 'srcdc'
2026-05-17 12:45:43,178 - __main__ - ERROR - Detection loop error: '_thread._local' object has no attribute 'srcdc'
2026-05-17 12:45:43,288 - __main__ - ERROR - Detection loop error: '_thread._local' object has no attribute 'srcdc'
2026-05-17 12:45:43,396 - __main__ - ERROR - Detection loop error: '_thread._local' object has no attribute 'srcdc'
2026-05-17 12:45:43,503 - __main__ - ERROR - Detection loop error: '_thread._local' object has no attribute 'srcdc'
2026-05-17 12:45:43,612 - __main__ - ERROR - Detection loop error: '_thread._local' object has no attribute 'srcdc'
2026-05-17 12:45:43,723 - __main__ - ERROR - Detection loop error: '_thread._local' object has no attribute 'srcdc'
2026-05-17 12:45:43,833 - __main__ - ERROR - Detection loop error: '_thread._local' object has no attribute 'srcdc'
2026-05-17 12:45:43,943 - __main__ - ERROR - Detection loop error: '_thread._local' object has no attribute 'srcdc'
2026-05-17 12:45:44,053 - __main__ - ERROR - Detection loop error: '_thread._local' object has no attribute 'srcdc'
2026-05-17 12:45:44,161 - __main__ - ERROR - Detection loop error: '_thread._local' object has no attribute 'srcdc'
2026-05-17 12:45:44,272 - __main__ - ERROR - Detection loop error: '_thread._local' object has no attribute 'srcdc'
2026-05-17 12:45:44,379 - __main__ - ERROR - Detection loop error: '_thread._local' object has no attribute 'srcdc'
2026-05-17 12:45:44,489 - __main__ - ERROR - Detection loop error: '_thread._local' object has no attribute 'srcdc'
2026-05-17 12:45:44,599 - __main__ - ERROR - Detection loop error: '_thread._local' object has no attribute 'srcdc'
2026-05-17 12:45:44,708 - __main__ - ERROR - Detection loop error: '_thread._local' object has no attribute 'srcdc'
2026-05-17 12:45:44,817 - __main__ - ERROR - Detection loop error: '_thread._local' object has no attribute 'srcdc'
2026-05-17 12:45:44,925 - __main__ - ERROR - Detection loop error: '_thread._local' object has no attribute 'srcdc'
2026-05-17 12:45:45,036 - __main__ - ERROR - Detection loop error: '_thread._local' object has no attribute 'srcdc'
2026-05-17 12:45:45,144 - __main__ - ERROR - Detection loop error: '_thread._local' object has no attribute 'srcdc'
2026-05-17 12:45:45,252 - __main__ - ERROR - Detection loop error: '_thread._local' object has no attribute 'srcdc'
2026-05-17 12:45:45,362 - __main__ - ERROR - Detection loop error: '_thread._local' object has no attribute 'srcdc'
2026-05-17 12:45:45,472 - __main__ - ERROR - Detection loop error: '_thread._local' object has no attribute 'srcdc'
2026-05-17 12:45:45,581 - __main__ - ERROR - Detection loop error: '_thread._local' object has no attribute 'srcdc'
2026-05-17 12:45:45,690 - __main__ - ERROR - Detection loop error: '_thread._local' object has no attribute 'srcdc'
2026-05-17 12:45:45,798 - __main__ - ERROR - Detection loop error: '_thread._local' object has no attribute 'srcdc'
2026-05-17 12:45:45,908 - __main__ - ERROR - Detection loop error: '_thread._local' object has no attribute 'srcdc'
2026-05-17 12:45:46,017 - __main__ - ERROR - Detection loop error: '_thread._local' object has no attribute 'srcdc'
2026-05-17 12:45:46,126 - __main__ - ERROR - Detection loop error: '_thread._local' object has no attribute 'srcdc'
2026-05-17 12:45:46,236 - __main__ - ERROR - Detection loop error: '_thread._local' object has no attribute 'srcdc'
2026-05-17 12:45:46,344 - __main__ - ERROR - Detection loop error: '_thread._local' object has no attribute 'srcdc'
2026-05-17 12:45:46,454 - __main__ - ERROR - Detection loop error: '_thread._local' object has no attribute 'srcdc'
2026-05-17 12:45:46,566 - __main__ - ERROR - Detection loop error: '_thread._local' object has no attribute 'srcdc'
2026-05-17 12:45:46,675 - __main__ - ERROR - Detection loop error: '_thread._local' object has no attribute 'srcdc'
2026-05-17 12:45:46,785 - __main__ - ERROR - Detection loop error: '_thread._local' object has no attribute 'srcdc'
2026-05-17 12:45:46,896 - __main__ - ERROR - Detection loop error: '_thread._local' object has no attribute 'srcdc'
2026-05-17 12:45:47,005 - __main__ - ERROR - Detection loop error: '_thread._local' object has no attribute 'srcdc'
2026-05-17 12:45:47,114 - __main__ - ERROR - Detection loop error: '_thread._local' object has no attribute 'srcdc'
2026-05-17 12:45:47,224 - __main__ - ERROR - Detection loop error: '_thread._local' object has no attribute 'srcdc'
2026-05-17 12:45:47,333 - __main__ - ERROR - Detection loop error: '_thread._local' object has no attribute 'srcdc'
2026-05-17 12:45:47,444 - __main__ - ERROR - Detection loop error: '_thread._local' object has no attribute 'srcdc'
2026-05-17 12:45:47,554 - __main__ - ERROR - Detection loop error: '_thread._local' object has no attribute 'srcdc'
2026-05-17 12:45:47,665 - __main__ - ERROR - Detection loop error: '_thread._local' object has no attribute 'srcdc'
2026-05-17 12:45:47,774 - __main__ - ERROR - Detection loop error: '_thread._local' object has no attribute 'srcdc'
2026-05-17 12:45:47,883 - __main__ - ERROR - Detection loop error: '_thread._local' object has no attribute 'srcdc'
2026-05-17 12:45:47,995 - __main__ - ERROR - Detection loop error: '_thread._local' object has no attribute 'srcdc'
2026-05-17 12:45:48,104 - __main__ - ERROR - Detection loop error: '_thread._local' object has no attribute 'srcdc'
2026-05-17 12:45:48,212 - __main__ - ERROR - Detection loop error: '_thread._local' object has no attribute 'srcdc'
2026-05-17 12:45:48,320 - __main__ - ERROR - Detection loop error: '_thread._local' object has no attribute 'srcdc'
2026-05-17 12:45:48,427 - __main__ - ERROR - Detection loop error: '_thread._local' object has no attribute 'srcdc'
2026-05-17 12:45:48,538 - __main__ - ERROR - Detection loop error: '_thread._local' object has no attribute 'srcdc'
2026-05-17 12:45:48,650 - __main__ - ERROR - Detection loop error: '_thread._local' object has no attribute 'srcdc'
2026-05-17 12:45:48,757 - __main__ - ERROR - Detection loop error: '_thread._local' object has no attribute 'srcdc'
2026-05-17 12:45:48,867 - __main__ - ERROR - Detection loop error: '_thread._local' object has no attribute 'srcdc'
2026-05-17 12:45:48,973 - __main__ - ERROR - Detection loop error: '_thread._local' object has no attribute 'srcdc'
2026-05-17 12:45:49,081 - __main__ - ERROR - Detection loop error: '_thread._local' object has no attribute 'srcdc'
2026-05-17 12:45:49,191 - __main__ - ERROR - Detection loop error: '_thread._local' object has no attribute 'srcdc'
2026-05-17 12:45:49,300 - __main__ - ERROR - Detection loop error: '_thread._local' object has no attribute 'srcdc'
2026-05-17 12:45:49,408 - __main__ - ERROR - Detection loop error: '_thread._local' object has no attribute 'srcdc'
2026-05-17 12:45:49,518 - __main__ - ERROR - Detection loop error: '_thread._local' object has no attribute 'srcdc'
2026-05-17 12:45:49,628 - __main__ - ERROR - Detection loop error: '_thread._local' object has no attribute 'srcdc'
2026-05-17 12:45:49,739 - __main__ - ERROR - Detection loop error: '_thread._local' object has no attribute 'srcdc'
2026-05-17 12:45:49,849 - __main__ - ERROR - Detection loop error: '_thread._local' object has no attribute 'srcdc'
2026-05-17 12:45:49,959 - __main__ - ERROR - Detection loop error: '_thread._local' object has no attribute 'srcdc'
2026-05-17 12:45:50,069 - __main__ - ERROR - Detection loop error: '_thread._local' object has no attribute 'srcdc'
2026-05-17 12:45:50,178 - __main__ - ERROR - Detection loop error: '_thread._local' object has no attribute 'srcdc'
2026-05-17 12:45:50,289 - __main__ - ERROR - Detection loop error: '_thread._local' object has no attribute 'srcdc'
2026-05-17 12:45:50,400 - __main__ - ERROR - Detection loop error: '_thread._local' object has no attribute 'srcdc'
2026-05-17 12:45:50,508 - __main__ - ERROR - Detection loop error: '_thread._local' object has no attribute 'srcdc'
2026-05-17 12:45:50,617 - __main__ - ERROR - Detection loop error: '_thread._local' object has no attribute 'srcdc'
2026-05-17 12:45:50,728 - __main__ - ERROR - Detection loop error: '_thread._local' object has no attribute 'srcdc'
2026-05-17 12:45:50,838 - __main__ - ERROR - Detection loop error: '_thread._local' object has no attribute 'srcdc'
2026-05-17 12:45:50,950 - __main__ - ERROR - Detection loop error: '_thread._local' object has no attribute 'srcdc'
2026-05-17 12:45:51,058 - __main__ - ERROR - Detection loop error: '_thread._local' object has no attribute 'srcdc'
2026-05-17 12:45:51,167 - __main__ - ERROR - Detection loop error: '_thread._local' object has no attribute 'srcdc'
2026-05-17 12:45:51,278 - __main__ - ERROR - Detection loop error: '_thread._local' object has no attribute 'srcdc'
2026-05-17 12:45:51,389 - __main__ - ERROR - Detection loop error: '_thread._local' object has no attribute 'srcdc'
2026-05-17 12:45:51,499 - __main__ - ERROR - Detection loop error: '_thread._local' object has no attribute 'srcdc'
2026-05-17 12:45:51,608 - __main__ - ERROR - Detection loop error: '_thread._local' object has no attribute 'srcdc'
2026-05-17 12:45:51,715 - __main__ - ERROR - Detection loop error: '_thread._local' object has no attribute 'srcdc'
2026-05-17 12:45:51,824 - __main__ - ERROR - Detection loop error: '_thread._local' object has no attribute 'srcdc'
2026-05-17 12:45:51,934 - __main__ - ERROR - Detection loop error: '_thread._local' object has no attribute 'srcdc'
2026-05-17 12:45:52,044 - __main__ - ERROR - Detection loop error: '_thread._local' object has no attribute 'srcdc'
2026-05-17 12:45:52,155 - __main__ - ERROR - Detection loop error: '_thread._local' object has no attribute 'srcdc'
2026-05-17 12:45:52,265 - __main__ - ERROR - Detection loop error: '_thread._local' object has no attribute 'srcdc'
2026-05-17 12:45:52,374 - __main__ - ERROR - Detection loop error: '_thread._local' object has no attribute 'srcdc'
2026-05-17 12:45:52,483 - __main__ - ERROR - Detection loop error: '_thread._local' object has no attribute 'srcdc'
2026-05-17 12:45:52,594 - __main__ - ERROR - Detection loop error: '_thread._local' object has no attribute 'srcdc'
2026-05-17 12:45:52,706 - __main__ - ERROR - Detection loop error: '_thread._local' object has no attribute 'srcdc'
2026-05-17 12:45:52,814 - __main__ - ERROR - Detection loop error: '_thread._local' object has no attribute 'srcdc'
2026-05-17 12:45:52,923 - __main__ - ERROR - Detection loop error: '_thread._local' object has no attribute 'srcdc'
2026-05-17 12:45:53,033 - __main__ - ERROR - Detection loop error: '_thread._local' object has no attribute 'srcdc'
2026-05-17 12:45:53,143 - __main__ - ERROR - Detection loop error: '_thread._local' object has no attribute 'srcdc'
2026-05-17 12:45:53,252 - __main__ - ERROR - Detection loop error: '_thread._local' object has no attribute 'srcdc'
2026-05-17 12:45:53,361 - __main__ - ERROR - Detection loop error: '_thread._local' object has no attribute 'srcdc'
2026-05-17 12:45:53,470 - __main__ - ERROR - Detection loop error: '_thread._local' object has no attribute 'srcdc'
2026-05-17 12:45:53,581 - __main__ - ERROR - Detection loop error: '_thread._local' object has no attribute 'srcdc'
2026-05-17 12:45:53,688 - __main__ - ERROR - Detection loop error: '_thread._local' object has no attribute 'srcdc'
2026-05-17 12:45:53,796 - __main__ - ERROR - Detection loop error: '_thread._local' object has no attribute 'srcdc'
2026-05-17 12:45:53,905 - __main__ - ERROR - Detection loop error: '_thread._local' object has no attribute 'srcdc'
2026-05-17 12:45:54,013 - __main__ - ERROR - Detection loop error: '_thread._local' object has no attribute 'srcdc'
2026-05-17 12:45:54,123 - __main__ - ERROR - Detection loop error: '_thread._local' object has no attribute 'srcdc'
2026-05-17 12:45:54,233 - __main__ - ERROR - Detection loop error: '_thread._local' object has no attribute 'srcdc'
2026-05-17 12:45:54,342 - __main__ - ERROR - Detection loop error: '_thread._local' object has no attribute 'srcdc'
2026-05-17 12:45:54,451 - __main__ - ERROR - Detection loop error: '_thread._local' object has no attribute 'srcdc'
2026-05-17 12:45:54,561 - __main__ - ERROR - Detection loop error: '_thread._local' object has no attribute 'srcdc'
2026-05-17 12:45:54,671 - __main__ - ERROR - Detection loop error: '_thread._local' object has no attribute 'srcdc'
2026-05-17 12:45:54,779 - __main__ - ERROR - Detection loop error: '_thread._local' object has no attribute 'srcdc'
2026-05-17 12:45:54,886 - __main__ - ERROR - Detection loop error: '_thread._local' object has no attribute 'srcdc'
2026-05-17 12:45:54,994 - __main__ - ERROR - Detection loop error: '_thread._local' object has no attribute 'srcdc'
2026-05-17 12:45:55,104 - __main__ - ERROR - Detection loop error: '_thread._local' object has no attribute 'srcdc'
2026-05-17 12:45:55,213 - __main__ - ERROR - Detection loop error: '_thread._local' object has no attribute 'srcdc'
2026-05-17 12:45:55,322 - __main__ - ERROR - Detection loop error: '_thread._local' object has no attribute 'srcdc'
2026-05-17 12:45:55,431 - __main__ - ERROR - Detection loop error: '_thread._local' object has no attribute 'srcdc'
2026-05-17 12:45:55,540 - __main__ - ERROR - Detection loop error: '_thread._local' object has no attribute 'srcdc'
2026-05-17 12:45:55,651 - __main__ - ERROR - Detection loop error: '_thread._local' object has no attribute 'srcdc'
2026-05-17 12:45:55,762 - __main__ - ERROR - Detection loop error: '_thread._local' object has no attribute 'srcdc'
2026-05-17 12:45:55,871 - __main__ - ERROR - Detection loop error: '_thread._local' object has no attribute 'srcdc'
2026-05-17 12:45:55,981 - __main__ - ERROR - Detection loop error: '_thread._local' object has no attribute 'srcdc'
2026-05-17 12:45:56,088 - __main__ - ERROR - Detection loop error: '_thread._local' object has no attribute 'srcdc'
2026-05-17 12:45:56,195 - __main__ - ERROR - Detection loop error: '_thread._local' object has no attribute 'srcdc'
2026-05-17 12:45:56,304 - __main__ - ERROR - Detection loop error: '_thread._local' object has no attribute 'srcdc'
2026-05-17 12:45:56,414 - __main__ - ERROR - Detection loop error: '_thread._local' object has no attribute 'srcdc'
2026-05-17 12:45:56,523 - __main__ - ERROR - Detection loop error: '_thread._local' object has no attribute 'srcdc'
2026-05-17 12:45:56,632 - __main__ - ERROR - Detection loop error: '_thread._local' object has no attribute 'srcdc'
2026-05-17 12:45:56,742 - __main__ - ERROR - Detection loop error: '_thread._local' object has no attribute 'srcdc'
2026-05-17 12:45:56,851 - __main__ - ERROR - Detection loop error: '_thread._local' object has no attribute 'srcdc'
2026-05-17 12:45:56,960 - __main__ - ERROR - Detection loop error: '_thread._local' object has no attribute 'srcdc'
2026-05-17 12:45:57,070 - __main__ - ERROR - Detection loop error: '_thread._local' object has no attribute 'srcdc'
2026-05-17 12:45:57,177 - __main__ - ERROR - Detection loop error: '_thread._local' object has no attribute 'srcdc'
2026-05-17 12:45:57,286 - __main__ - ERROR - Detection loop error: '_thread._local' object has no attribute 'srcdc'
2026-05-17 12:45:57,395 - __main__ - ERROR - Detection loop error: '_thread._local' object has no attribute 'srcdc'
2026-05-17 12:45:57,503 - __main__ - ERROR - Detection loop error: '_thread._local' object has no attribute 'srcdc'
2026-05-17 12:45:57,615 - __main__ - ERROR - Detection loop error: '_thread._local' object has no attribute 'srcdc'
2026-05-17 12:45:57,724 - __main__ - ERROR - Detection loop error: '_thread._local' object has no attribute 'srcdc'
2026-05-17 12:45:57,835 - __main__ - ERROR - Detection loop error: '_thread._local' object has no attribute 'srcdc'
2026-05-17 12:45:57,945 - __main__ - ERROR - Detection loop error: '_thread._local' object has no attribute 'srcdc'
2026-05-17 12:45:58,054 - __main__ - ERROR - Detection loop error: '_thread._local' object has no attribute 'srcdc'
2026-05-17 12:45:58,162 - __main__ - ERROR - Detection loop error: '_thread._local' object has no attribute 'srcdc'
2026-05-17 12:45:58,270 - __main__ - ERROR - Detection loop error: '_thread._local' object has no attribute 'srcdc'
2026-05-17 12:45:58,377 - __main__ - ERROR - Detection loop error: '_thread._local' object has no attribute 'srcdc'
2026-05-17 12:45:58,487 - __main__ - ERROR - Detection loop error: '_thread._local' object has no attribute 'srcdc'
2026-05-17 12:45:58,596 - __main__ - ERROR - Detection loop error: '_thread._local' object has no attribute 'srcdc'
2026-05-17 12:45:58,707 - __main__ - ERROR - Detection loop error: '_thread._local' object has no attribute 'srcdc'
2026-05-17 12:45:58,817 - __main__ - ERROR - Detection loop error: '_thread._local' object has no attribute 'srcdc'
2026-05-17 12:45:58,927 - __main__ - ERROR - Detection loop error: '_thread._local' object has no attribute 'srcdc'
2026-05-17 12:45:59,036 - __main__ - ERROR - Detection loop error: '_thread._local' object has no attribute 'srcdc'
2026-05-17 12:45:59,145 - __main__ - ERROR - Detection loop error: '_thread._local' object has no attribute 'srcdc'
2026-05-17 12:45:59,254 - __main__ - ERROR - Detection loop error: '_thread._local' object has no attribute 'srcdc'
2026-05-17 12:45:59,365 - __main__ - ERROR - Detection loop error: '_thread._local' object has no attribute 'srcdc'
2026-05-17 12:45:59,473 - __main__ - ERROR - Detection loop error: '_thread._local' object has no attribute 'srcdc'
2026-05-17 12:45:59,583 - __main__ - ERROR - Detection loop error: '_thread._local' object has no attribute 'srcdc'
2026-05-17 12:45:59,695 - __main__ - ERROR - Detection loop error: '_thread._local' object has no attribute 'srcdc'
2026-05-17 12:45:59,804 - __main__ - ERROR - Detection loop error: '_thread._local' object has no attribute 'srcdc'
2026-05-17 12:45:59,912 - __main__ - ERROR - Detection loop error: '_thread._local' object has no attribute 'srcdc'
2026-05-17 12:46:00,020 - __main__ - ERROR - Detection loop error: '_thread._local' object has no attribute 'srcdc'
2026-05-17 12:46:00,129 - __main__ - ERROR - Detection loop error: '_thread._local' object has no attribute 'srcdc'
2026-05-17 12:46:00,239 - __main__ - ERROR - Detection loop error: '_thread._local' object has no attribute 'srcdc'
2026-05-17 12:46:00,349 - __main__ - ERROR - Detection loop error: '_thread._local' object has no attribute 'srcdc'
2026-05-17 12:46:00,460 - __main__ - ERROR - Detection loop error: '_thread._local' object has no attribute 'srcdc'
2026-05-17 12:46:00,570 - __main__ - ERROR - Detection loop error: '_thread._local' object has no attribute 'srcdc'
2026-05-17 12:46:00,681 - __main__ - ERROR - Detection loop error: '_thread._local' object has no attribute 'srcdc'
2026-05-17 12:46:00,789 - __main__ - ERROR - Detection loop error: '_thread._local' object has no attribute 'srcdc'
2026-05-17 12:46:00,898 - __main__ - ERROR - Detection loop error: '_thread._local' object has no attribute 'srcdc'
2026-05-17 12:46:01,005 - __main__ - ERROR - Detection loop error: '_thread._local' object has no attribute 'srcdc'
2026-05-17 12:46:01,116 - __main__ - ERROR - Detection loop error: '_thread._local' object has no attribute 'srcdc'
2026-05-17 12:46:01,224 - __main__ - ERROR - Detection loop error: '_thread._local' object has no attribute 'srcdc'
2026-05-17 12:46:01,334 - __main__ - ERROR - Detection loop error: '_thread._local' object has no attribute 'srcdc'
2026-05-17 12:46:01,445 - __main__ - ERROR - Detection loop error: '_thread._local' object has no attribute 'srcdc'
2026-05-17 12:46:01,554 - __main__ - ERROR - Detection loop error: '_thread._local' object has no attribute 'srcdc'
2026-05-17 12:46:01,662 - __main__ - ERROR - Detection loop error: '_thread._local' object has no attribute 'srcdc'
2026-05-17 12:46:01,772 - __main__ - ERROR - Detection loop error: '_thread._local' object has no attribute 'srcdc'
2026-05-17 12:46:01,881 - __main__ - ERROR - Detection loop error: '_thread._local' object has no attribute 'srcdc'
2026-05-17 12:46:01,992 - __main__ - ERROR - Detection loop error: '_thread._local' object has no attribute 'srcdc'
2026-05-17 12:46:02,103 - __main__ - ERROR - Detection loop error: '_thread._local' object has no attribute 'srcdc'
2026-05-17 12:46:02,211 - __main__ - ERROR - Detection loop error: '_thread._local' object has no attribute 'srcdc'
2026-05-17 12:46:02,320 - __main__ - ERROR - Detection loop error: '_thread._local' object has no attribute 'srcdc'
2026-05-17 12:46:02,430 - __main__ - ERROR - Detection loop error: '_thread._local' object has no attribute 'srcdc'
2026-05-17 12:46:02,538 - __main__ - ERROR - Detection loop error: '_thread._local' object has no attribute 'srcdc'
2026-05-17 12:46:02,646 - __main__ - ERROR - Detection loop error: '_thread._local' object has no attribute 'srcdc'
2026-05-17 12:46:02,757 - __main__ - ERROR - Detection loop error: '_thread._local' object has no attribute 'srcdc'
2026-05-17 12:46:02,867 - __main__ - ERROR - Detection loop error: '_thread._local' object has no attribute 'srcdc'
2026-05-17 12:46:02,976 - __main__ - ERROR - Detection loop error: '_thread._local' object has no attribute 'srcdc'
2026-05-17 12:46:03,085 - __main__ - ERROR - Detection loop error: '_thread._local' object has no attribute 'srcdc'
2026-05-17 12:46:03,193 - __main__ - ERROR - Detection loop error: '_thread._local' object has no attribute 'srcdc'
2026-05-17 12:46:03,303 - __main__ - ERROR - Detection loop error: '_thread._local' object has no attribute 'srcdc'
2026-05-17 12:46:03,412 - __main__ - ERROR - Detection loop error: '_thread._local' object has no attribute 'srcdc'
2026-05-17 12:46:03,519 - __main__ - ERROR - Detection loop error: '_thread._local' object has no attribute 'srcdc'
2026-05-17 12:46:03,629 - __main__ - ERROR - Detection loop error: '_thread._local' object has no attribute 'srcdc'
2026-05-17 12:46:03,737 - __main__ - ERROR - Detection loop error: '_thread._local' object has no attribute 'srcdc'
2026-05-17 12:46:03,846 - __main__ - ERROR - Detection loop error: '_thread._local' object has no attribute 'srcdc'
2026-05-17 12:46:03,954 - __main__ - ERROR - Detection loop error: '_thread._local' object has no attribute 'srcdc'
2026-05-17 12:46:04,064 - __main__ - ERROR - Detection loop error: '_thread._local' object has no attribute 'srcdc'
2026-05-17 12:46:04,174 - __main__ - ERROR - Detection loop error: '_thread._local' object has no attribute 'srcdc'
2026-05-17 12:46:04,284 - __main__ - ERROR - Detection loop error: '_thread._local' object has no attribute 'srcdc'
2026-05-17 12:46:04,393 - __main__ - ERROR - Detection loop error: '_thread._local' object has no attribute 'srcdc'
2026-05-17 12:46:04,503 - __main__ - ERROR - Detection loop error: '_thread._local' object has no attribute 'srcdc'
2026-05-17 12:46:04,613 - __main__ - ERROR - Detection loop error: '_thread._local' object has no attribute 'srcdc'
2026-05-17 12:46:04,722 - __main__ - ERROR - Detection loop error: '_thread._local' object has no attribute 'srcdc'
2026-05-17 12:46:04,830 - __main__ - ERROR - Detection loop error: '_thread._local' object has no attribute 'srcdc'
2026-05-17 12:46:04,940 - __main__ - ERROR - Detection loop error: '_thread._local' object has no attribute 'srcdc'
2026-05-17 12:46:05,050 - __main__ - ERROR - Detection loop error: '_thread._local' object has no attribute 'srcdc'
2026-05-17 12:46:05,158 - __main__ - ERROR - Detection loop error: '_thread._local' object has no attribute 'srcdc'
2026-05-17 12:46:05,269 - __main__ - ERROR - Detection loop error: '_thread._local' object has no attribute 'srcdc'
2026-05-17 12:46:05,378 - __main__ - ERROR - Detection loop error: '_thread._local' object has no attribute 'srcdc'
2026-05-17 12:46:05,488 - __main__ - ERROR - Detection loop error: '_thread._local' object has no attribute 'srcdc'
2026-05-17 12:46:05,596 - __main__ - ERROR - Detection loop error: '_thread._local' object has no attribute 'srcdc'
2026-05-17 12:46:05,703 - __main__ - ERROR - Detection loop error: '_thread._local' object has no attribute 'srcdc'
2026-05-17 12:46:05,811 - __main__ - ERROR - Detection loop error: '_thread._local' object has no attribute 'srcdc'
2026-05-17 12:46:05,920 - __main__ - ERROR - Detection loop error: '_thread._local' object has no attribute 'srcdc'
2026-05-17 12:46:06,028 - __main__ - ERROR - Detection loop error: '_thread._local' object has no attribute 'srcdc'
2026-05-17 12:46:06,139 - __main__ - ERROR - Detection loop error: '_thread._local' object has no attribute 'srcdc'
2026-05-17 12:46:06,249 - __main__ - ERROR - Detection loop error: '_thread._local' object has no attribute 'srcdc'
2026-05-17 12:46:06,358 - __main__ - ERROR - Detection loop error: '_thread._local' object has no attribute 'srcdc'
2026-05-17 12:46:06,468 - __main__ - ERROR - Detection loop error: '_thread._local' object has no attribute 'srcdc'
2026-05-17 12:46:06,577 - __main__ - ERROR - Detection loop error: '_thread._local' object has no attribute 'srcdc'
2026-05-17 12:46:06,685 - __main__ - ERROR - Detection loop error: '_thread._local' object has no attribute 'srcdc'
2026-05-17 12:46:06,794 - __main__ - ERROR - Detection loop error: '_thread._local' object has no attribute 'srcdc'
2026-05-17 12:46:06,903 - __main__ - ERROR - Detection loop error: '_thread._local' object has no attribute 'srcdc'
2026-05-17 12:46:07,013 - __main__ - ERROR - Detection loop error: '_thread._local' object has no attribute 'srcdc'
2026-05-17 12:46:07,122 - __main__ - ERROR - Detection loop error: '_thread._local' object has no attribute 'srcdc'
2026-05-17 12:46:07,232 - __main__ - ERROR - Detection loop error: '_thread._local' object has no attribute 'srcdc'
2026-05-17 12:46:07,341 - __main__ - ERROR - Detection loop error: '_thread._local' object has no attribute 'srcdc'
2026-05-17 12:46:07,451 - __main__ - ERROR - Detection loop error: '_thread._local' object has no attribute 'srcdc'
2026-05-17 12:46:07,560 - __main__ - ERROR - Detection loop error: '_thread._local' object has no attribute 'srcdc'
2026-05-17 12:46:07,669 - __main__ - ERROR - Detection loop error: '_thread._local' object has no attribute 'srcdc'
2026-05-17 12:46:07,778 - __main__ - ERROR - Detection loop error: '_thread._local' object has no attribute 'srcdc'
2026-05-17 12:46:07,888 - __main__ - ERROR - Detection loop error: '_thread._local' object has no attribute 'srcdc'
2026-05-17 12:46:07,996 - __main__ - ERROR - Detection loop error: '_thread._local' object has no attribute 'srcdc'
2026-05-17 12:46:08,106 - __main__ - ERROR - Detection loop error: '_thread._local' object has no attribute 'srcdc'
2026-05-17 12:46:08,217 - __main__ - ERROR - Detection loop error: '_thread._local' object has no attribute 'srcdc'
2026-05-17 12:46:08,325 - __main__ - ERROR - Detection loop error: '_thread._local' object has no attribute 'srcdc'
2026-05-17 12:46:08,436 - __main__ - ERROR - Detection loop error: '_thread._local' object has no attribute 'srcdc'
2026-05-17 12:46:08,545 - __main__ - ERROR - Detection loop error: '_thread._local' object has no attribute 'srcdc'
2026-05-17 12:46:08,654 - __main__ - ERROR - Detection loop error: '_thread._local' object has no attribute 'srcdc'
2026-05-17 12:46:08,762 - __main__ - ERROR - Detection loop error: '_thread._local' object has no attribute 'srcdc'
2026-05-17 12:46:08,871 - __main__ - ERROR - Detection loop error: '_thread._local' object has no attribute 'srcdc'
2026-05-17 12:46:08,981 - __main__ - ERROR - Detection loop error: '_thread._local' object has no attribute 'srcdc'
2026-05-17 12:46:09,089 - __main__ - ERROR - Detection loop error: '_thread._local' object has no attribute 'srcdc'
2026-05-17 12:46:09,198 - __main__ - ERROR - Detection loop error: '_thread._local' object has no attribute 'srcdc'
2026-05-17 12:46:09,307 - __main__ - ERROR - Detection loop error: '_thread._local' object has no attribute 'srcdc'
2026-05-17 12:46:09,415 - __main__ - ERROR - Detection loop error: '_thread._local' object has no attribute 'srcdc'
2026-05-17 12:46:09,524 - __main__ - ERROR - Detection loop error: '_thread._local' object has no attribute 'srcdc'
2026-05-17 12:46:09,632 - __main__ - ERROR - Detection loop error: '_thread._local' object has no attribute 'srcdc'
2026-05-17 12:46:09,742 - __main__ - ERROR - Detection loop error: '_thread._local' object has no attribute 'srcdc'
2026-05-17 12:46:09,850 - __main__ - ERROR - Detection loop error: '_thread._local' object has no attribute 'srcdc'
2026-05-17 12:46:09,958 - __main__ - ERROR - Detection loop error: '_thread._local' object has no attribute 'srcdc'
2026-05-17 12:46:10,066 - __main__ - ERROR - Detection loop error: '_thread._local' object has no attribute 'srcdc'
2026-05-17 12:46:10,175 - __main__ - ERROR - Detection loop error: '_thread._local' object has no attribute 'srcdc'
2026-05-17 12:46:10,283 - __main__ - ERROR - Detection loop error: '_thread._local' object has no attribute 'srcdc'
2026-05-17 12:46:10,395 - __main__ - ERROR - Detection loop error: '_thread._local' object has no attribute 'srcdc'
2026-05-17 12:46:10,504 - __main__ - ERROR - Detection loop error: '_thread._local' object has no attribute 'srcdc'
2026-05-17 12:46:10,613 - __main__ - ERROR - Detection loop error: '_thread._local' object has no attribute 'srcdc'
2026-05-17 12:46:10,723 - __main__ - ERROR - Detection loop error: '_thread._local' object has no attribute 'srcdc'
2026-05-17 12:46:10,831 - __main__ - ERROR - Detection loop error: '_thread._local' object has no attribute 'srcdc'
2026-05-17 12:46:10,939 - __main__ - ERROR - Detection loop error: '_thread._local' object has no attribute 'srcdc'
2026-05-17 12:46:11,049 - __main__ - ERROR - Detection loop error: '_thread._local' object has no attribute 'srcdc'
2026-05-17 12:46:11,160 - __main__ - ERROR - Detection loop error: '_thread._local' object has no attribute 'srcdc'
2026-05-17 12:46:11,272 - __main__ - ERROR - Detection loop error: '_thread._local' object has no attribute 'srcdc'
2026-05-17 12:46:11,381 - __main__ - ERROR - Detection loop error: '_thread._local' object has no attribute 'srcdc'
2026-05-17 12:46:11,489 - __main__ - ERROR - Detection loop error: '_thread._local' object has no attribute 'srcdc'
2026-05-17 12:46:11,598 - __main__ - ERROR - Detection loop error: '_thread._local' object has no attribute 'srcdc'
2026-05-17 12:46:11,706 - __main__ - ERROR - Detection loop error: '_thread._local' object has no attribute 'srcdc'
2026-05-17 12:46:11,815 - __main__ - ERROR - Detection loop error: '_thread._local' object has no attribute 'srcdc'
2026-05-17 12:46:11,922 - __main__ - ERROR - Detection loop error: '_thread._local' object has no attribute 'srcdc'
2026-05-17 12:46:12,034 - __main__ - ERROR - Detection loop error: '_thread._local' object has no attribute 'srcdc'
2026-05-17 12:46:12,146 - __main__ - ERROR - Detection loop error: '_thread._local' object has no attribute 'srcdc'
2026-05-17 12:46:12,255 - __main__ - ERROR - Detection loop error: '_thread._local' object has no attribute 'srcdc'
2026-05-17 12:46:12,365 - __main__ - ERROR - Detection loop error: '_thread._local' object has no attribute 'srcdc'
2026-05-17 12:46:12,473 - __main__ - ERROR - Detection loop error: '_thread._local' object has no attribute 'srcdc'
2026-05-17 12:46:12,582 - __main__ - ERROR - Detection loop error: '_thread._local' object has no attribute 'srcdc'
2026-05-17 12:46:12,691 - __main__ - ERROR - Detection loop error: '_thread._local' object has no attribute 'srcdc'
2026-05-17 12:46:12,801 - __main__ - ERROR - Detection loop error: '_thread._local' object has no attribute 'srcdc'
2026-05-17 12:46:12,912 - __main__ - ERROR - Detection loop error: '_thread._local' object has no attribute 'srcdc'
2026-05-17 12:46:13,023 - __main__ - ERROR - Detection loop error: '_thread._local' object has no attribute 'srcdc'
2026-05-17 12:46:13,134 - __main__ - ERROR - Detection loop error: '_thread._local' object has no attribute 'srcdc'
2026-05-17 12:46:13,243 - __main__ - ERROR - Detection loop error: '_thread._local' object has no attribute 'srcdc'
2026-05-17 12:46:13,351 - __main__ - ERROR - Detection loop error: '_thread._local' object has no attribute 'srcdc'
2026-05-17 12:46:13,460 - __main__ - ERROR - Detection loop error: '_thread._local' object has no attribute 'srcdc'
2026-05-17 12:46:13,568 - __main__ - ERROR - Detection loop error: '_thread._local' object has no attribute 'srcdc'
2026-05-17 12:46:13,676 - __main__ - ERROR - Detection loop error: '_thread._local' object has no attribute 'srcdc'
2026-05-17 12:46:13,784 - __main__ - ERROR - Detection loop error: '_thread._local' object has no attribute 'srcdc'
2026-05-17 12:46:13,894 - __main__ - ERROR - Detection loop error: '_thread._local' object has no attribute 'srcdc'
2026-05-17 12:46:14,004 - __main__ - ERROR - Detection loop error: '_thread._local' object has no attribute 'srcdc'
2026-05-17 12:46:14,113 - __main__ - ERROR - Detection loop error: '_thread._local' object has no attribute 'srcdc'
2026-05-17 12:46:14,223 - __main__ - ERROR - Detection loop error: '_thread._local' object has no attribute 'srcdc'
2026-05-17 12:46:14,333 - __main__ - ERROR - Detection loop error: '_thread._local' object has no attribute 'srcdc'
2026-05-17 12:46:14,441 - __main__ - ERROR - Detection loop error: '_thread._local' object has no attribute 'srcdc'
2026-05-17 12:46:14,551 - __main__ - ERROR - Detection loop error: '_thread._local' object has no attribute 'srcdc'
2026-05-17 12:46:14,659 - __main__ - ERROR - Detection loop error: '_thread._local' object has no attribute 'srcdc'
2026-05-17 12:46:14,769 - __main__ - ERROR - Detection loop error: '_thread._local' object has no attribute 'srcdc'
2026-05-17 12:46:14,878 - __main__ - ERROR - Detection loop error: '_thread._local' object has no attribute 'srcdc'
2026-05-17 12:46:14,987 - __main__ - ERROR - Detection loop error: '_thread._local' object has no attribute 'srcdc'
2026-05-17 12:46:15,097 - __main__ - ERROR - Detection loop error: '_thread._local' object has no attribute 'srcdc'
2026-05-17 12:46:15,208 - __main__ - ERROR - Detection loop error: '_thread._local' object has no attribute 'srcdc'
2026-05-17 12:46:15,317 - __main__ - ERROR - Detection loop error: '_thread._local' object has no attribute 'srcdc'
2026-05-17 12:46:15,425 - __main__ - ERROR - Detection loop error: '_thread._local' object has no attribute 'srcdc'
2026-05-17 12:46:15,535 - __main__ - ERROR - Detection loop error: '_thread._local' object has no attribute 'srcdc'
2026-05-17 12:46:15,643 - __main__ - ERROR - Detection loop error: '_thread._local' object has no attribute 'srcdc'
2026-05-17 12:46:15,753 - __main__ - ERROR - Detection loop error: '_thread._local' object has no attribute 'srcdc'
2026-05-17 12:46:15,863 - __main__ - ERROR - Detection loop error: '_thread._local' object has no attribute 'srcdc'
2026-05-17 12:46:15,972 - __main__ - ERROR - Detection loop error: '_thread._local' object has no attribute 'srcdc'
2026-05-17 12:46:16,083 - __main__ - ERROR - Detection loop error: '_thread._local' object has no attribute 'srcdc'
2026-05-17 12:46:16,194 - __main__ - ERROR - Detection loop error: '_thread._local' object has no attribute 'srcdc'
2026-05-17 12:46:16,302 - __main__ - ERROR - Detection loop error: '_thread._local' object has no attribute 'srcdc'
2026-05-17 12:46:16,412 - __main__ - ERROR - Detection loop error: '_thread._local' object has no attribute 'srcdc'
2026-05-17 12:46:16,520 - __main__ - ERROR - Detection loop error: '_thread._local' object has no attribute 'srcdc'
2026-05-17 12:46:16,629 - __main__ - ERROR - Detection loop error: '_thread._local' object has no attribute 'srcdc'
2026-05-17 12:46:16,739 - __main__ - ERROR - Detection loop error: '_thread._local' object has no attribute 'srcdc'
2026-05-17 12:46:16,847 - __main__ - ERROR - Detection loop error: '_thread._local' object has no attribute 'srcdc'
2026-05-17 12:46:16,957 - __main__ - ERROR - Detection loop error: '_thread._local' object has no attribute 'srcdc'
2026-05-17 12:46:17,067 - __main__ - ERROR - Detection loop error: '_thread._local' object has no attribute 'srcdc'
2026-05-17 12:46:17,174 - __main__ - ERROR - Detection loop error: '_thread._local' object has no attribute 'srcdc'
2026-05-17 12:46:17,283 - __main__ - ERROR - Detection loop error: '_thread._local' object has no attribute 'srcdc'
2026-05-17 12:46:17,393 - __main__ - ERROR - Detection loop error: '_thread._local' object has no attribute 'srcdc'
2026-05-17 12:46:17,502 - __main__ - ERROR - Detection loop error: '_thread._local' object has no attribute 'srcdc'
2026-05-17 12:46:17,612 - __main__ - ERROR - Detection loop error: '_thread._local' object has no attribute 'srcdc'
2026-05-17 12:46:17,720 - __main__ - ERROR - Detection loop error: '_thread._local' object has no attribute 'srcdc'
2026-05-17 12:46:17,828 - __main__ - ERROR - Detection loop error: '_thread._local' object has no attribute 'srcdc'
2026-05-17 12:46:17,939 - __main__ - ERROR - Detection loop error: '_thread._local' object has no attribute 'srcdc'
2026-05-17 12:46:18,048 - __main__ - ERROR - Detection loop error: '_thread._local' object has no attribute 'srcdc'
2026-05-17 12:46:18,157 - __main__ - ERROR - Detection loop error: '_thread._local' object has no attribute 'srcdc'
2026-05-17 12:46:18,267 - __main__ - ERROR - Detection loop error: '_thread._local' object has no attribute 'srcdc'
2026-05-17 12:46:18,375 - __main__ - ERROR - Detection loop error: '_thread._local' object has no attribute 'srcdc'
2026-05-17 12:46:18,486 - __main__ - ERROR - Detection loop error: '_thread._local' object has no attribute 'srcdc'
2026-05-17 12:46:18,593 - __main__ - ERROR - Detection loop error: '_thread._local' object has no attribute 'srcdc'
2026-05-17 12:46:18,702 - __main__ - ERROR - Detection loop error: '_thread._local' object has no attribute 'srcdc'
2026-05-17 12:46:18,812 - __main__ - ERROR - Detection loop error: '_thread._local' object has no attribute 'srcdc'
2026-05-17 12:46:18,918 - __main__ - ERROR - Detection loop error: '_thread._local' object has no attribute 'srcdc'
2026-05-17 12:46:19,029 - __main__ - ERROR - Detection loop error: '_thread._local' object has no attribute 'srcdc'
2026-05-17 12:46:19,139 - __main__ - ERROR - Detection loop error: '_thread._local' object has no attribute 'srcdc'
2026-05-17 12:46:19,249 - __main__ - ERROR - Detection loop error: '_thread._local' object has no attribute 'srcdc'
2026-05-17 12:46:19,358 - __main__ - ERROR - Detection loop error: '_thread._local' object has no attribute 'srcdc'
2026-05-17 12:46:19,467 - __main__ - ERROR - Detection loop error: '_thread._local' object has no attribute 'srcdc'
2026-05-17 12:46:19,575 - __main__ - ERROR - Detection loop error: '_thread._local' object has no attribute 'srcdc'
2026-05-17 12:46:19,684 - __main__ - ERROR - Detection loop error: '_thread._local' object has no attribute 'srcdc'
2026-05-17 12:46:19,796 - __main__ - ERROR - Detection loop error: '_thread._local' object has no attribute 'srcdc'
2026-05-17 12:46:19,905 - __main__ - ERROR - Detection loop error: '_thread._local' object has no attribute 'srcdc'
2026-05-17 12:46:20,015 - __main__ - ERROR - Detection loop error: '_thread._local' object has no attribute 'srcdc'
2026-05-17 12:46:20,123 - __main__ - ERROR - Detection loop error: '_thread._local' object has no attribute 'srcdc'
2026-05-17 12:46:20,232 - __main__ - ERROR - Detection loop error: '_thread._local' object has no attribute 'srcdc'
2026-05-17 12:46:20,340 - __main__ - ERROR - Detection loop error: '_thread._local' object has no attribute 'srcdc'
2026-05-17 12:46:20,449 - __main__ - ERROR - Detection loop error: '_thread._local' object has no attribute 'srcdc'
2026-05-17 12:46:20,559 - __main__ - ERROR - Detection loop error: '_thread._local' object has no attribute 'srcdc'
2026-05-17 12:46:20,668 - __main__ - ERROR - Detection loop error: '_thread._local' object has no attribute 'srcdc'
2026-05-17 12:46:20,777 - __main__ - ERROR - Detection loop error: '_thread._local' object has no attribute 'srcdc'
2026-05-17 12:46:20,887 - __main__ - ERROR - Detection loop error: '_thread._local' object has no attribute 'srcdc'
2026-05-17 12:46:20,997 - __main__ - ERROR - Detection loop error: '_thread._local' object has no attribute 'srcdc'
2026-05-17 12:46:21,106 - __main__ - ERROR - Detection loop error: '_thread._local' object has no attribute 'srcdc'
2026-05-17 12:46:21,215 - __main__ - ERROR - Detection loop error: '_thread._local' object has no attribute 'srcdc'
2026-05-17 12:46:21,324 - __main__ - ERROR - Detection loop error: '_thread._local' object has no attribute 'srcdc'
2026-05-17 12:46:21,433 - __main__ - ERROR - Detection loop error: '_thread._local' object has no attribute 'srcdc'
2026-05-17 12:46:21,545 - __main__ - ERROR - Detection loop error: '_thread._local' object has no attribute 'srcdc'
2026-05-17 12:46:21,654 - __main__ - ERROR - Detection loop error: '_thread._local' object has no attribute 'srcdc'
2026-05-17 12:46:21,766 - __main__ - ERROR - Detection loop error: '_thread._local' object has no attribute 'srcdc'
2026-05-17 12:46:21,875 - __main__ - ERROR - Detection loop error: '_thread._local' object has no attribute 'srcdc'
2026-05-17 12:46:21,984 - __main__ - ERROR - Detection loop error: '_thread._local' object has no attribute 'srcdc'
2026-05-17 12:46:22,092 - __main__ - ERROR - Detection loop error: '_thread._local' object has no attribute 'srcdc'
2026-05-17 12:46:22,201 - __main__ - ERROR - Detection loop error: '_thread._local' object has no attribute 'srcdc'
2026-05-17 12:46:22,309 - __main__ - ERROR - Detection loop error: '_thread._local' object has no attribute 'srcdc'
2026-05-17 12:46:22,417 - __main__ - ERROR - Detection loop error: '_thread._local' object has no attribute 'srcdc'
2026-05-17 12:46:22,527 - __main__ - ERROR - Detection loop error: '_thread._local' object has no attribute 'srcdc'
2026-05-17 12:46:22,638 - __main__ - ERROR - Detection loop error: '_thread._local' object has no attribute 'srcdc'
2026-05-17 12:46:22,745 - __main__ - ERROR - Detection loop error: '_thread._local' object has no attribute 'srcdc'
2026-05-17 12:46:22,856 - __main__ - ERROR - Detection loop error: '_thread._local' object has no attribute 'srcdc'
2026-05-17 12:46:22,965 - __main__ - ERROR - Detection loop error: '_thread._local' object has no attribute 'srcdc'
2026-05-17 12:46:23,074 - __main__ - ERROR - Detection loop error: '_thread._local' object has no attribute 'srcdc'
2026-05-17 12:46:23,182 - __main__ - ERROR - Detection loop error: '_thread._local' object has no attribute 'srcdc'
2026-05-17 12:46:23,291 - __main__ - ERROR - Detection loop error: '_thread._local' object has no attribute 'srcdc'
2026-05-17 12:46:23,400 - __main__ - ERROR - Detection loop error: '_thread._local' object has no attribute 'srcdc'
2026-05-17 12:46:23,508 - __main__ - ERROR - Detection loop error: '_thread._local' object has no attribute 'srcdc'
2026-05-17 12:46:23,617 - __main__ - ERROR - Detection loop error: '_thread._local' object has no attribute 'srcdc'
2026-05-17 12:46:23,725 - __main__ - ERROR - Detection loop error: '_thread._local' object has no attribute 'srcdc'
2026-05-17 12:46:23,834 - __main__ - ERROR - Detection loop error: '_thread._local' object has no attribute 'srcdc'
2026-05-17 12:46:23,943 - __main__ - ERROR - Detection loop error: '_thread._local' object has no attribute 'srcdc'
2026-05-17 12:46:24,053 - __main__ - ERROR - Detection loop error: '_thread._local' object has no attribute 'srcdc'
2026-05-17 12:46:24,164 - __main__ - ERROR - Detection loop error: '_thread._local' object has no attribute 'srcdc'
2026-05-17 12:46:24,274 - __main__ - ERROR - Detection loop error: '_thread._local' object has no attribute 'srcdc'
2026-05-17 12:46:24,384 - __main__ - ERROR - Detection loop error: '_thread._local' object has no attribute 'srcdc'
2026-05-17 12:46:24,493 - __main__ - ERROR - Detection loop error: '_thread._local' object has no attribute 'srcdc'
2026-05-17 12:46:24,602 - __main__ - ERROR - Detection loop error: '_thread._local' object has no attribute 'srcdc'
2026-05-17 12:46:24,712 - __main__ - ERROR - Detection loop error: '_thread._local' object has no attribute 'srcdc'
2026-05-17 12:46:24,820 - __main__ - ERROR - Detection loop error: '_thread._local' object has no attribute 'srcdc'
2026-05-17 12:46:24,927 - __main__ - ERROR - Detection loop error: '_thread._local' object has no attribute 'srcdc'
2026-05-17 12:46:25,036 - __main__ - ERROR - Detection loop error: '_thread._local' object has no attribute 'srcdc'
2026-05-17 12:46:25,145 - __main__ - ERROR - Detection loop error: '_thread._local' object has no attribute 'srcdc'
2026-05-17 12:46:25,255 - __main__ - ERROR - Detection loop error: '_thread._local' object has no attribute 'srcdc'
2026-05-17 12:46:25,367 - __main__ - ERROR - Detection loop error: '_thread._local' object has no attribute 'srcdc'
2026-05-17 12:46:25,475 - __main__ - ERROR - Detection loop error: '_thread._local' object has no attribute 'srcdc'
2026-05-17 12:46:25,586 - __main__ - ERROR - Detection loop error: '_thread._local' object has no attribute 'srcdc'
2026-05-17 12:46:25,695 - __main__ - ERROR - Detection loop error: '_thread._local' object has no attribute 'srcdc'
2026-05-17 12:46:25,803 - __main__ - ERROR - Detection loop error: '_thread._local' object has no attribute 'srcdc'
2026-05-17 12:46:25,911 - __main__ - ERROR - Detection loop error: '_thread._local' object has no attribute 'srcdc'
2026-05-17 12:46:26,020 - __main__ - ERROR - Detection loop error: '_thread._local' object has no attribute 'srcdc'
2026-05-17 12:46:26,128 - __main__ - ERROR - Detection loop error: '_thread._local' object has no attribute 'srcdc'
2026-05-17 12:46:26,239 - __main__ - ERROR - Detection loop error: '_thread._local' object has no attribute 'srcdc'
2026-05-17 12:46:26,348 - __main__ - ERROR - Detection loop error: '_thread._local' object has no attribute 'srcdc'
2026-05-17 12:46:26,457 - __main__ - ERROR - Detection loop error: '_thread._local' object has no attribute 'srcdc'
2026-05-17 12:46:26,568 - __main__ - ERROR - Detection loop error: '_thread._local' object has no attribute 'srcdc'
2026-05-17 12:46:26,678 - __main__ - ERROR - Detection loop error: '_thread._local' object has no attribute 'srcdc'
2026-05-17 12:46:26,786 - __main__ - ERROR - Detection loop error: '_thread._local' object has no attribute 'srcdc'
2026-05-17 12:46:26,896 - __main__ - ERROR - Detection loop error: '_thread._local' object has no attribute 'srcdc'
2026-05-17 12:46:27,004 - __main__ - ERROR - Detection loop error: '_thread._local' object has no attribute 'srcdc'
2026-05-17 12:46:27,113 - __main__ - ERROR - Detection loop error: '_thread._local' object has no attribute 'srcdc'
2026-05-17 12:46:27,224 - __main__ - ERROR - Detection loop error: '_thread._local' object has no attribute 'srcdc'
2026-05-17 12:46:27,335 - __main__ - ERROR - Detection loop error: '_thread._local' object has no attribute 'srcdc'
2026-05-17 12:46:27,441 - __main__ - ERROR - Detection loop error: '_thread._local' object has no attribute 'srcdc'
2026-05-17 12:46:27,550 - __main__ - ERROR - Detection loop error: '_thread._local' object has no attribute 'srcdc'
2026-05-17 12:46:27,660 - __main__ - ERROR - Detection loop error: '_thread._local' object has no attribute 'srcdc'
2026-05-17 12:46:27,770 - __main__ - ERROR - Detection loop error: '_thread._local' object has no attribute 'srcdc'
2026-05-17 12:46:27,879 - __main__ - ERROR - Detection loop error: '_thread._local' object has no attribute 'srcdc'
2026-05-17 12:46:27,989 - __main__ - ERROR - Detection loop error: '_thread._local' object has no attribute 'srcdc'
2026-05-17 12:46:28,098 - __main__ - ERROR - Detection loop error: '_thread._local' object has no attribute 'srcdc'
2026-05-17 12:46:28,204 - __main__ - ERROR - Detection loop error: '_thread._local' object has no attribute 'srcdc'
2026-05-17 12:46:28,313 - __main__ - ERROR - Detection loop error: '_thread._local' object has no attribute 'srcdc'
2026-05-17 12:46:28,422 - __main__ - ERROR - Detection loop error: '_thread._local' object has no attribute 'srcdc'
2026-05-17 12:46:28,533 - __main__ - ERROR - Detection loop error: '_thread._local' object has no attribute 'srcdc'
2026-05-17 12:46:28,642 - __main__ - ERROR - Detection loop error: '_thread._local' object has no attribute 'srcdc'
2026-05-17 12:46:28,753 - __main__ - ERROR - Detection loop error: '_thread._local' object has no attribute 'srcdc'
2026-05-17 12:46:28,862 - __main__ - ERROR - Detection loop error: '_thread._local' object has no attribute 'srcdc'
2026-05-17 12:46:28,972 - __main__ - ERROR - Detection loop error: '_thread._local' object has no attribute 'srcdc'
2026-05-17 12:46:29,081 - __main__ - ERROR - Detection loop error: '_thread._local' object has no attribute 'srcdc'
2026-05-17 12:46:29,190 - __main__ - ERROR - Detection loop error: '_thread._local' object has no attribute 'srcdc'
2026-05-17 12:46:29,300 - __main__ - ERROR - Detection loop error: '_thread._local' object has no attribute 'srcdc'
2026-05-17 12:46:29,408 - __main__ - ERROR - Detection loop error: '_thread._local' object has no attribute 'srcdc'
2026-05-17 12:46:29,518 - __main__ - ERROR - Detection loop error: '_thread._local' object has no attribute 'srcdc'
2026-05-17 12:46:29,626 - __main__ - ERROR - Detection loop error: '_thread._local' object has no attribute 'srcdc'
2026-05-17 12:46:29,735 - __main__ - ERROR - Detection loop error: '_thread._local' object has no attribute 'srcdc'
2026-05-17 12:46:29,843 - __main__ - ERROR - Detection loop error: '_thread._local' object has no attribute 'srcdc'
2026-05-17 12:46:29,951 - __main__ - ERROR - Detection loop error: '_thread._local' object has no attribute 'srcdc'
2026-05-17 12:46:30,062 - __main__ - ERROR - Detection loop error: '_thread._local' object has no attribute 'srcdc'
2026-05-17 12:46:30,173 - __main__ - ERROR - Detection loop error: '_thread._local' object has no attribute 'srcdc'
2026-05-17 12:46:30,283 - __main__ - ERROR - Detection loop error: '_thread._local' object has no attribute 'srcdc'
2026-05-17 12:46:30,392 - __main__ - ERROR - Detection loop error: '_thread._local' object has no attribute 'srcdc'
2026-05-17 12:46:30,502 - __main__ - ERROR - Detection loop error: '_thread._local' object has no attribute 'srcdc'
2026-05-17 12:46:30,611 - __main__ - ERROR - Detection loop error: '_thread._local' object has no attribute 'srcdc'
2026-05-17 12:46:30,718 - __main__ - ERROR - Detection loop error: '_thread._local' object has no attribute 'srcdc'
2026-05-17 12:46:30,829 - __main__ - ERROR - Detection loop error: '_thread._local' object has no attribute 'srcdc'
2026-05-17 12:46:30,939 - __main__ - ERROR - Detection loop error: '_thread._local' object has no attribute 'srcdc'
2026-05-17 12:46:31,047 - __main__ - ERROR - Detection loop error: '_thread._local' object has no attribute 'srcdc'
2026-05-17 12:46:31,155 - __main__ - ERROR - Detection loop error: '_thread._local' object has no attribute 'srcdc'
2026-05-17 12:46:31,263 - __main__ - ERROR - Detection loop error: '_thread._local' object has no attribute 'srcdc'
2026-05-17 12:46:31,372 - __main__ - ERROR - Detection loop error: '_thread._local' object has no attribute 'srcdc'
2026-05-17 12:46:31,481 - __main__ - ERROR - Detection loop error: '_thread._local' object has no attribute 'srcdc'
2026-05-17 12:46:31,591 - __main__ - ERROR - Detection loop error: '_thread._local' object has no attribute 'srcdc'
2026-05-17 12:46:31,700 - __main__ - ERROR - Detection loop error: '_thread._local' object has no attribute 'srcdc'
2026-05-17 12:46:31,808 - __main__ - ERROR - Detection loop error: '_thread._local' object has no attribute 'srcdc'
2026-05-17 12:46:31,918 - __main__ - ERROR - Detection loop error: '_thread._local' object has no attribute 'srcdc'
2026-05-17 12:46:32,027 - __main__ - ERROR - Detection loop error: '_thread._local' object has no attribute 'srcdc'
2026-05-17 12:46:32,137 - __main__ - ERROR - Detection loop error: '_thread._local' object has no attribute 'srcdc'
2026-05-17 12:46:32,247 - __main__ - ERROR - Detection loop error: '_thread._local' object has no attribute 'srcdc'
2026-05-17 12:46:32,354 - __main__ - ERROR - Detection loop error: '_thread._local' object has no attribute 'srcdc'
2026-05-17 12:46:32,465 - __main__ - ERROR - Detection loop error: '_thread._local' object has no attribute 'srcdc'
2026-05-17 12:46:32,573 - __main__ - ERROR - Detection loop error: '_thread._local' object has no attribute 'srcdc'
2026-05-17 12:46:32,682 - __main__ - ERROR - Detection loop error: '_thread._local' object has no attribute 'srcdc'
2026-05-17 12:46:32,791 - __main__ - ERROR - Detection loop error: '_thread._local' object has no attribute 'srcdc'
2026-05-17 12:46:32,900 - __main__ - ERROR - Detection loop error: '_thread._local' object has no attribute 'srcdc'
2026-05-17 12:46:33,010 - __main__ - ERROR - Detection loop error: '_thread._local' object has no attribute 'srcdc'
2026-05-17 12:46:33,118 - __main__ - ERROR - Detection loop error: '_thread._local' object has no attribute 'srcdc'
2026-05-17 12:46:33,227 - __main__ - ERROR - Detection loop error: '_thread._local' object has no attribute 'srcdc'
2026-05-17 12:46:33,336 - __main__ - ERROR - Detection loop error: '_thread._local' object has no attribute 'srcdc'
2026-05-17 12:46:33,445 - __main__ - ERROR - Detection loop error: '_thread._local' object has no attribute 'srcdc'
2026-05-17 12:46:33,553 - __main__ - ERROR - Detection loop error: '_thread._local' object has no attribute 'srcdc'
2026-05-17 12:46:33,662 - __main__ - ERROR - Detection loop error: '_thread._local' object has no attribute 'srcdc'
2026-05-17 12:46:33,772 - __main__ - ERROR - Detection loop error: '_thread._local' object has no attribute 'srcdc'
2026-05-17 12:46:33,881 - __main__ - ERROR - Detection loop error: '_thread._local' object has no attribute 'srcdc'
2026-05-17 12:46:33,992 - __main__ - ERROR - Detection loop error: '_thread._local' object has no attribute 'srcdc'
2026-05-17 12:46:34,101 - __main__ - ERROR - Detection loop error: '_thread._local' object has no attribute 'srcdc'
2026-05-17 12:46:34,210 - __main__ - ERROR - Detection loop error: '_thread._local' object has no attribute 'srcdc'
2026-05-17 12:46:34,319 - __main__ - ERROR - Detection loop error: '_thread._local' object has no attribute 'srcdc'
2026-05-17 12:46:34,428 - __main__ - ERROR - Detection loop error: '_thread._local' object has no attribute 'srcdc'
2026-05-17 12:46:34,539 - __main__ - ERROR - Detection loop error: '_thread._local' object has no attribute 'srcdc'
2026-05-17 12:46:34,647 - __main__ - ERROR - Detection loop error: '_thread._local' object has no attribute 'srcdc'
2026-05-17 12:46:34,757 - __main__ - ERROR - Detection loop error: '_thread._local' object has no attribute 'srcdc'
2026-05-17 12:46:34,865 - __main__ - ERROR - Detection loop error: '_thread._local' object has no attribute 'srcdc'
2026-05-17 12:46:34,976 - __main__ - ERROR - Detection loop error: '_thread._local' object has no attribute 'srcdc'
2026-05-17 12:46:35,086 - __main__ - ERROR - Detection loop error: '_thread._local' object has no attribute 'srcdc'
2026-05-17 12:46:35,195 - __main__ - ERROR - Detection loop error: '_thread._local' object has no attribute 'srcdc'
2026-05-17 12:46:35,304 - __main__ - ERROR - Detection loop error: '_thread._local' object has no attribute 'srcdc'
2026-05-17 12:46:35,413 - __main__ - ERROR - Detection loop error: '_thread._local' object has no attribute 'srcdc'
2026-05-17 12:46:35,522 - __main__ - ERROR - Detection loop error: '_thread._local' object has no attribute 'srcdc'
2026-05-17 12:46:35,631 - __main__ - ERROR - Detection loop error: '_thread._local' object has no attribute 'srcdc'
2026-05-17 12:46:35,739 - __main__ - ERROR - Detection loop error: '_thread._local' object has no attribute 'srcdc'
2026-05-17 12:46:35,848 - __main__ - ERROR - Detection loop error: '_thread._local' object has no attribute 'srcdc'
2026-05-17 12:46:35,957 - __main__ - ERROR - Detection loop error: '_thread._local' object has no attribute 'srcdc'
2026-05-17 12:46:36,066 - __main__ - ERROR - Detection loop error: '_thread._local' object has no attribute 'srcdc'
2026-05-17 12:46:36,175 - __main__ - ERROR - Detection loop error: '_thread._local' object has no attribute 'srcdc'
2026-05-17 12:46:36,284 - __main__ - ERROR - Detection loop error: '_thread._local' object has no attribute 'srcdc'
2026-05-17 12:46:36,392 - __main__ - ERROR - Detection loop error: '_thread._local' object has no attribute 'srcdc'
2026-05-17 12:46:36,503 - __main__ - ERROR - Detection loop error: '_thread._local' object has no attribute 'srcdc'
2026-05-17 12:46:36,612 - __main__ - ERROR - Detection loop error: '_thread._local' object has no attribute 'srcdc'
2026-05-17 12:46:36,722 - __main__ - ERROR - Detection loop error: '_thread._local' object has no attribute 'srcdc'
2026-05-17 12:46:36,830 - __main__ - ERROR - Detection loop error: '_thread._local' object has no attribute 'srcdc'
2026-05-17 12:46:36,939 - __main__ - ERROR - Detection loop error: '_thread._local' object has no attribute 'srcdc'
2026-05-17 12:46:37,047 - __main__ - ERROR - Detection loop error: '_thread._local' object has no attribute 'srcdc'
2026-05-17 12:46:37,158 - __main__ - ERROR - Detection loop error: '_thread._local' object has no attribute 'srcdc'
2026-05-17 12:46:37,267 - __main__ - ERROR - Detection loop error: '_thread._local' object has no attribute 'srcdc'
2026-05-17 12:46:37,376 - __main__ - ERROR - Detection loop error: '_thread._local' object has no attribute 'srcdc'
2026-05-17 12:46:37,487 - __main__ - ERROR - Detection loop error: '_thread._local' object has no attribute 'srcdc'
2026-05-17 12:46:37,596 - __main__ - ERROR - Detection loop error: '_thread._local' object has no attribute 'srcdc'
2026-05-17 12:46:37,704 - __main__ - ERROR - Detection loop error: '_thread._local' object has no attribute 'srcdc'
2026-05-17 12:46:37,812 - __main__ - ERROR - Detection loop error: '_thread._local' object has no attribute 'srcdc'
2026-05-17 12:46:37,923 - __main__ - ERROR - Detection loop error: '_thread._local' object has no attribute 'srcdc'
2026-05-17 12:46:38,032 - __main__ - ERROR - Detection loop error: '_thread._local' object has no attribute 'srcdc'
2026-05-17 12:46:38,142 - __main__ - ERROR - Detection loop error: '_thread._local' object has no attribute 'srcdc'
2026-05-17 12:46:38,251 - __main__ - ERROR - Detection loop error: '_thread._local' object has no attribute 'srcdc'
2026-05-17 12:46:38,360 - __main__ - ERROR - Detection loop error: '_thread._local' object has no attribute 'srcdc'
2026-05-17 12:46:38,470 - __main__ - ERROR - Detection loop error: '_thread._local' object has no attribute 'srcdc'
2026-05-17 12:46:38,581 - __main__ - ERROR - Detection loop error: '_thread._local' object has no attribute 'srcdc'
2026-05-17 12:46:38,689 - __main__ - ERROR - Detection loop error: '_thread._local' object has no attribute 'srcdc'
2026-05-17 12:46:38,797 - __main__ - ERROR - Detection loop error: '_thread._local' object has no attribute 'srcdc'
2026-05-17 12:46:38,905 - __main__ - ERROR - Detection loop error: '_thread._local' object has no attribute 'srcdc'
2026-05-17 12:46:39,013 - __main__ - ERROR - Detection loop error: '_thread._local' object has no attribute 'srcdc'
2026-05-17 12:46:39,124 - __main__ - ERROR - Detection loop error: '_thread._local' object has no attribute 'srcdc'
2026-05-17 12:46:39,233 - __main__ - ERROR - Detection loop error: '_thread._local' object has no attribute 'srcdc'
2026-05-17 12:46:39,340 - __main__ - ERROR - Detection loop error: '_thread._local' object has no attribute 'srcdc'
2026-05-17 12:46:39,449 - __main__ - ERROR - Detection loop error: '_thread._local' object has no attribute 'srcdc'
2026-05-17 12:46:39,558 - __main__ - ERROR - Detection loop error: '_thread._local' object has no attribute 'srcdc'
2026-05-17 12:46:39,668 - __main__ - ERROR - Detection loop error: '_thread._local' object has no attribute 'srcdc'
2026-05-17 12:46:39,776 - __main__ - ERROR - Detection loop error: '_thread._local' object has no attribute 'srcdc'
2026-05-17 12:46:39,886 - __main__ - ERROR - Detection loop error: '_thread._local' object has no attribute 'srcdc'
2026-05-17 12:46:39,996 - __main__ - ERROR - Detection loop error: '_thread._local' object has no attribute 'srcdc'
2026-05-17 12:46:40,108 - __main__ - ERROR - Detection loop error: '_thread._local' object has no attribute 'srcdc'
2026-05-17 12:46:40,217 - __main__ - ERROR - Detection loop error: '_thread._local' object has no attribute 'srcdc'
2026-05-17 12:46:40,325 - __main__ - ERROR - Detection loop error: '_thread._local' object has no attribute 'srcdc'
2026-05-17 12:46:40,437 - __main__ - ERROR - Detection loop error: '_thread._local' object has no attribute 'srcdc'
2026-05-17 12:46:40,546 - __main__ - ERROR - Detection loop error: '_thread._local' object has no attribute 'srcdc'
2026-05-17 12:46:40,655 - __main__ - ERROR - Detection loop error: '_thread._local' object has no attribute 'srcdc'
2026-05-17 12:46:40,767 - __main__ - ERROR - Detection loop error: '_thread._local' object has no attribute 'srcdc'
2026-05-17 12:46:40,875 - __main__ - ERROR - Detection loop error: '_thread._local' object has no attribute 'srcdc'
2026-05-17 12:46:40,986 - __main__ - ERROR - Detection loop error: '_thread._local' object has no attribute 'srcdc'
2026-05-17 12:46:41,095 - __main__ - ERROR - Detection loop error: '_thread._local' object has no attribute 'srcdc'
2026-05-17 12:46:41,205 - __main__ - ERROR - Detection loop error: '_thread._local' object has no attribute 'srcdc'
2026-05-17 12:46:41,315 - __main__ - ERROR - Detection loop error: '_thread._local' object has no attribute 'srcdc'
2026-05-17 12:46:41,423 - __main__ - ERROR - Detection loop error: '_thread._local' object has no attribute 'srcdc'
2026-05-17 12:46:41,533 - __main__ - ERROR - Detection loop error: '_thread._local' object has no attribute 'srcdc'
2026-05-17 12:46:41,641 - __main__ - ERROR - Detection loop error: '_thread._local' object has no attribute 'srcdc'
2026-05-17 12:46:41,750 - __main__ - ERROR - Detection loop error: '_thread._local' object has no attribute 'srcdc'
2026-05-17 12:46:41,858 - __main__ - ERROR - Detection loop error: '_thread._local' object has no attribute 'srcdc'
2026-05-17 12:46:41,967 - __main__ - ERROR - Detection loop error: '_thread._local' object has no attribute 'srcdc'
2026-05-17 12:46:42,076 - __main__ - ERROR - Detection loop error: '_thread._local' object has no attribute 'srcdc'
2026-05-17 12:46:42,185 - __main__ - ERROR - Detection loop error: '_thread._local' object has no attribute 'srcdc'
2026-05-17 12:46:42,293 - __main__ - ERROR - Detection loop error: '_thread._local' object has no attribute 'srcdc'
2026-05-17 12:46:42,403 - __main__ - ERROR - Detection loop error: '_thread._local' object has no attribute 'srcdc'
2026-05-17 12:46:42,512 - __main__ - ERROR - Detection loop error: '_thread._local' object has no attribute 'srcdc'
2026-05-17 12:46:42,621 - __main__ - ERROR - Detection loop error: '_thread._local' object has no attribute 'srcdc'
2026-05-17 12:46:42,730 - __main__ - ERROR - Detection loop error: '_thread._local' object has no attribute 'srcdc'
2026-05-17 12:46:42,840 - __main__ - ERROR - Detection loop error: '_thread._local' object has no attribute 'srcdc'
2026-05-17 12:46:42,950 - __main__ - ERROR - Detection loop error: '_thread._local' object has no attribute 'srcdc'
2026-05-17 12:46:43,058 - __main__ - ERROR - Detection loop error: '_thread._local' object has no attribute 'srcdc'
2026-05-17 12:46:43,168 - __main__ - ERROR - Detection loop error: '_thread._local' object has no attribute 'srcdc'
2026-05-17 12:46:43,276 - __main__ - ERROR - Detection loop error: '_thread._local' object has no attribute 'srcdc'
2026-05-17 12:46:43,389 - __main__ - ERROR - Detection loop error: '_thread._local' object has no attribute 'srcdc'
2026-05-17 12:46:43,497 - __main__ - ERROR - Detection loop error: '_thread._local' object has no attribute 'srcdc'
2026-05-17 12:46:43,606 - __main__ - ERROR - Detection loop error: '_thread._local' object has no attribute 'srcdc'
2026-05-17 12:46:43,715 - __main__ - ERROR - Detection loop error: '_thread._local' object has no attribute 'srcdc'
2026-05-17 12:46:43,824 - __main__ - ERROR - Detection loop error: '_thread._local' object has no attribute 'srcdc'
2026-05-17 12:46:43,934 - __main__ - ERROR - Detection loop error: '_thread._local' object has no attribute 'srcdc'
2026-05-17 12:46:44,042 - __main__ - ERROR - Detection loop error: '_thread._local' object has no attribute 'srcdc'
2026-05-17 12:46:44,152 - __main__ - ERROR - Detection loop error: '_thread._local' object has no attribute 'srcdc'
2026-05-17 12:46:44,260 - __main__ - ERROR - Detection loop error: '_thread._local' object has no attribute 'srcdc'
2026-05-17 12:46:44,372 - __main__ - ERROR - Detection loop error: '_thread._local' object has no attribute 'srcdc'
2026-05-17 12:46:44,480 - __main__ - ERROR - Detection loop error: '_thread._local' object has no attribute 'srcdc'
2026-05-17 12:46:44,591 - __main__ - ERROR - Detection loop error: '_thread._local' object has no attribute 'srcdc'
2026-05-17 12:46:44,700 - __main__ - ERROR - Detection loop error: '_thread._local' object has no attribute 'srcdc'
2026-05-17 12:46:44,810 - __main__ - ERROR - Detection loop error: '_thread._local' object has no attribute 'srcdc'
2026-05-17 12:46:44,918 - __main__ - ERROR - Detection loop error: '_thread._local' object has no attribute 'srcdc'
2026-05-17 12:46:45,026 - __main__ - ERROR - Detection loop error: '_thread._local' object has no attribute 'srcdc'
2026-05-17 12:46:45,136 - __main__ - ERROR - Detection loop error: '_thread._local' object has no attribute 'srcdc'
2026-05-17 12:46:45,245 - __main__ - ERROR - Detection loop error: '_thread._local' object has no attribute 'srcdc'
2026-05-17 12:46:45,354 - __main__ - ERROR - Detection loop error: '_thread._local' object has no attribute 'srcdc'
2026-05-17 12:46:45,462 - __main__ - ERROR - Detection loop error: '_thread._local' object has no attribute 'srcdc'
2026-05-17 12:46:45,571 - __main__ - ERROR - Detection loop error: '_thread._local' object has no attribute 'srcdc'
2026-05-17 12:46:45,682 - __main__ - ERROR - Detection loop error: '_thread._local' object has no attribute 'srcdc'
2026-05-17 12:46:45,792 - __main__ - ERROR - Detection loop error: '_thread._local' object has no attribute 'srcdc'
2026-05-17 12:46:45,903 - __main__ - ERROR - Detection loop error: '_thread._local' object has no attribute 'srcdc'
2026-05-17 12:46:46,012 - __main__ - ERROR - Detection loop error: '_thread._local' object has no attribute 'srcdc'
2026-05-17 12:46:46,121 - __main__ - ERROR - Detection loop error: '_thread._local' object has no attribute 'srcdc'
2026-05-17 12:46:46,229 - __main__ - ERROR - Detection loop error: '_thread._local' object has no attribute 'srcdc'
2026-05-17 12:46:46,337 - __main__ - ERROR - Detection loop error: '_thread._local' object has no attribute 'srcdc'
2026-05-17 12:46:46,446 - __main__ - ERROR - Detection loop error: '_thread._local' object has no attribute 'srcdc'
2026-05-17 12:46:46,555 - __main__ - ERROR - Detection loop error: '_thread._local' object has no attribute 'srcdc'
2026-05-17 12:46:46,665 - __main__ - ERROR - Detection loop error: '_thread._local' object has no attribute 'srcdc'
2026-05-17 12:46:46,774 - __main__ - ERROR - Detection loop error: '_thread._local' object has no attribute 'srcdc'
2026-05-17 12:46:46,883 - __main__ - ERROR - Detection loop error: '_thread._local' object has no attribute 'srcdc'
2026-05-17 12:46:46,993 - __main__ - ERROR - Detection loop error: '_thread._local' object has no attribute 'srcdc'
2026-05-17 12:46:47,101 - __main__ - ERROR - Detection loop error: '_thread._local' object has no attribute 'srcdc'
2026-05-17 12:46:47,212 - __main__ - ERROR - Detection loop error: '_thread._local' object has no attribute 'srcdc'
2026-05-17 12:46:47,321 - __main__ - ERROR - Detection loop error: '_thread._local' object has no attribute 'srcdc'
2026-05-17 12:46:47,430 - __main__ - ERROR - Detection loop error: '_thread._local' object has no attribute 'srcdc'
2026-05-17 12:46:47,540 - __main__ - ERROR - Detection loop error: '_thread._local' object has no attribute 'srcdc'
2026-05-17 12:46:47,648 - __main__ - ERROR - Detection loop error: '_thread._local' object has no attribute 'srcdc'
2026-05-17 12:46:47,757 - __main__ - ERROR - Detection loop error: '_thread._local' object has no attribute 'srcdc'
2026-05-17 12:46:47,867 - __main__ - ERROR - Detection loop error: '_thread._local' object has no attribute 'srcdc'
2026-05-17 12:46:47,974 - __main__ - ERROR - Detection loop error: '_thread._local' object has no attribute 'srcdc'
2026-05-17 12:46:48,084 - __main__ - ERROR - Detection loop error: '_thread._local' object has no attribute 'srcdc'
2026-05-17 12:46:48,193 - __main__ - ERROR - Detection loop error: '_thread._local' object has no attribute 'srcdc'
2026-05-17 12:46:48,302 - __main__ - ERROR - Detection loop error: '_thread._local' object has no attribute 'srcdc'
2026-05-17 12:46:48,412 - __main__ - ERROR - Detection loop error: '_thread._local' object has no attribute 'srcdc'
2026-05-17 12:46:48,520 - __main__ - ERROR - Detection loop error: '_thread._local' object has no attribute 'srcdc'
2026-05-17 12:46:48,629 - __main__ - ERROR - Detection loop error: '_thread._local' object has no attribute 'srcdc'
2026-05-17 12:46:48,739 - __main__ - ERROR - Detection loop error: '_thread._local' object has no attribute 'srcdc'
2026-05-17 12:46:48,849 - __main__ - ERROR - Detection loop error: '_thread._local' object has no attribute 'srcdc'
2026-05-17 12:46:48,959 - __main__ - ERROR - Detection loop error: '_thread._local' object has no attribute 'srcdc'
2026-05-17 12:46:49,067 - __main__ - ERROR - Detection loop error: '_thread._local' object has no attribute 'srcdc'
2026-05-17 12:46:49,179 - __main__ - ERROR - Detection loop error: '_thread._local' object has no attribute 'srcdc'
2026-05-17 12:46:49,287 - __main__ - ERROR - Detection loop error: '_thread._local' object has no attribute 'srcdc'
2026-05-17 12:46:49,399 - __main__ - ERROR - Detection loop error: '_thread._local' object has no attribute 'srcdc'
2026-05-17 12:46:49,509 - __main__ - ERROR - Detection loop error: '_thread._local' object has no attribute 'srcdc'
2026-05-17 12:46:49,619 - __main__ - ERROR - Detection loop error: '_thread._local' object has no attribute 'srcdc'
2026-05-17 12:46:49,728 - __main__ - ERROR - Detection loop error: '_thread._local' object has no attribute 'srcdc'
2026-05-17 12:46:49,839 - __main__ - ERROR - Detection loop error: '_thread._local' object has no attribute 'srcdc'
2026-05-17 12:46:49,949 - __main__ - ERROR - Detection loop error: '_thread._local' object has no attribute 'srcdc'
2026-05-17 12:46:50,059 - __main__ - ERROR - Detection loop error: '_thread._local' object has no attribute 'srcdc'
2026-05-17 12:46:50,168 - __main__ - ERROR - Detection loop error: '_thread._local' object has no attribute 'srcdc'
2026-05-17 12:46:50,278 - __main__ - ERROR - Detection loop error: '_thread._local' object has no attribute 'srcdc'
2026-05-17 12:46:50,386 - __main__ - ERROR - Detection loop error: '_thread._local' object has no attribute 'srcdc'
2026-05-17 12:46:50,496 - __main__ - ERROR - Detection loop error: '_thread._local' object has no attribute 'srcdc'
2026-05-17 12:46:50,603 - __main__ - ERROR - Detection loop error: '_thread._local' object has no attribute 'srcdc'
2026-05-17 12:46:50,713 - __main__ - ERROR - Detection loop error: '_thread._local' object has no attribute 'srcdc'
2026-05-17 12:46:50,821 - __main__ - ERROR - Detection loop error: '_thread._local' object has no attribute 'srcdc'
2026-05-17 12:46:50,931 - __main__ - ERROR - Detection loop error: '_thread._local' object has no attribute 'srcdc'
2026-05-17 12:46:51,039 - __main__ - ERROR - Detection loop error: '_thread._local' object has no attribute 'srcdc'
2026-05-17 12:46:51,149 - __main__ - ERROR - Detection loop error: '_thread._local' object has no attribute 'srcdc'
2026-05-17 12:46:51,258 - __main__ - ERROR - Detection loop error: '_thread._local' object has no attribute 'srcdc'
2026-05-17 12:46:51,366 - __main__ - ERROR - Detection loop error: '_thread._local' object has no attribute 'srcdc'
2026-05-17 12:46:51,475 - __main__ - ERROR - Detection loop error: '_thread._local' object has no attribute 'srcdc'
2026-05-17 12:46:51,584 - __main__ - ERROR - Detection loop error: '_thread._local' object has no attribute 'srcdc'
2026-05-17 12:46:51,692 - __main__ - ERROR - Detection loop error: '_thread._local' object has no attribute 'srcdc'
2026-05-17 12:46:51,799 - __main__ - ERROR - Detection loop error: '_thread._local' object has no attribute 'srcdc'
2026-05-17 12:46:51,908 - __main__ - ERROR - Detection loop error: '_thread._local' object has no attribute 'srcdc'
2026-05-17 12:46:52,018 - __main__ - ERROR - Detection loop error: '_thread._local' object has no attribute 'srcdc'
2026-05-17 12:46:52,127 - __main__ - ERROR - Detection loop error: '_thread._local' object has no attribute 'srcdc'
2026-05-17 12:46:52,235 - __main__ - ERROR - Detection loop error: '_thread._local' object has no attribute 'srcdc'
2026-05-17 12:46:52,345 - __main__ - ERROR - Detection loop error: '_thread._local' object has no attribute 'srcdc'
2026-05-17 12:46:52,453 - __main__ - ERROR - Detection loop error: '_thread._local' object has no attribute 'srcdc'
2026-05-17 12:46:52,562 - __main__ - ERROR - Detection loop error: '_thread._local' object has no attribute 'srcdc'
2026-05-17 12:46:52,671 - __main__ - ERROR - Detection loop error: '_thread._local' object has no attribute 'srcdc'
2026-05-17 12:46:52,781 - __main__ - ERROR - Detection loop error: '_thread._local' object has no attribute 'srcdc'
2026-05-17 12:46:52,890 - __main__ - ERROR - Detection loop error: '_thread._local' object has no attribute 'srcdc'
2026-05-17 12:46:52,999 - __main__ - ERROR - Detection loop error: '_thread._local' object has no attribute 'srcdc'
2026-05-17 12:46:53,110 - __main__ - ERROR - Detection loop error: '_thread._local' object has no attribute 'srcdc'
2026-05-17 12:46:53,220 - __main__ - ERROR - Detection loop error: '_thread._local' object has no attribute 'srcdc'
2026-05-17 12:46:53,330 - __main__ - ERROR - Detection loop error: '_thread._local' object has no attribute 'srcdc'
2026-05-17 12:46:53,439 - __main__ - ERROR - Detection loop error: '_thread._local' object has no attribute 'srcdc'
2026-05-17 12:46:53,547 - __main__ - ERROR - Detection loop error: '_thread._local' object has no attribute 'srcdc'
2026-05-17 12:46:53,657 - __main__ - ERROR - Detection loop error: '_thread._local' object has no attribute 'srcdc'
2026-05-17 12:46:53,766 - __main__ - ERROR - Detection loop error: '_thread._local' object has no attribute 'srcdc'
2026-05-17 12:46:53,874 - __main__ - ERROR - Detection loop error: '_thread._local' object has no attribute 'srcdc'
2026-05-17 12:46:53,983 - __main__ - ERROR - Detection loop error: '_thread._local' object has no attribute 'srcdc'
2026-05-17 12:46:54,093 - __main__ - ERROR - Detection loop error: '_thread._local' object has no attribute 'srcdc'
2026-05-17 12:46:54,201 - __main__ - ERROR - Detection loop error: '_thread._local' object has no attribute 'srcdc'
2026-05-17 12:46:54,310 - __main__ - ERROR - Detection loop error: '_thread._local' object has no attribute 'srcdc'
2026-05-17 12:46:54,419 - __main__ - ERROR - Detection loop error: '_thread._local' object has no attribute 'srcdc'
2026-05-17 12:46:54,528 - __main__ - ERROR - Detection loop error: '_thread._local' object has no attribute 'srcdc'
2026-05-17 12:46:54,636 - __main__ - ERROR - Detection loop error: '_thread._local' object has no attribute 'srcdc'
2026-05-17 12:46:54,746 - __main__ - ERROR - Detection loop error: '_thread._local' object has no attribute 'srcdc'
2026-05-17 12:46:54,854 - __main__ - ERROR - Detection loop error: '_thread._local' object has no attribute 'srcdc'
2026-05-17 12:46:54,966 - __main__ - ERROR - Detection loop error: '_thread._local' object has no attribute 'srcdc'
2026-05-17 12:46:55,075 - __main__ - ERROR - Detection loop error: '_thread._local' object has no attribute 'srcdc'
2026-05-17 12:46:55,183 - __main__ - ERROR - Detection loop error: '_thread._local' object has no attribute 'srcdc'
2026-05-17 12:46:55,293 - __main__ - ERROR - Detection loop error: '_thread._local' object has no attribute 'srcdc'
2026-05-17 12:46:55,401 - __main__ - ERROR - Detection loop error: '_thread._local' object has no attribute 'srcdc'
2026-05-17 12:46:55,510 - __main__ - ERROR - Detection loop error: '_thread._local' object has no attribute 'srcdc'
2026-05-17 12:46:55,622 - __main__ - ERROR - Detection loop error: '_thread._local' object has no attribute 'srcdc'
2026-05-17 12:46:55,731 - __main__ - ERROR - Detection loop error: '_thread._local' object has no attribute 'srcdc'
2026-05-17 12:46:55,840 - __main__ - ERROR - Detection loop error: '_thread._local' object has no attribute 'srcdc'
2026-05-17 12:46:55,951 - __main__ - ERROR - Detection loop error: '_thread._local' object has no attribute 'srcdc'
2026-05-17 12:46:56,063 - __main__ - ERROR - Detection loop error: '_thread._local' object has no attribute 'srcdc'
2026-05-17 12:46:56,172 - __main__ - ERROR - Detection loop error: '_thread._local' object has no attribute 'srcdc'
2026-05-17 12:46:56,281 - __main__ - ERROR - Detection loop error: '_thread._local' object has no attribute 'srcdc'
2026-05-17 12:46:56,392 - __main__ - ERROR - Detection loop error: '_thread._local' object has no attribute 'srcdc'
2026-05-17 12:46:56,499 - __main__ - ERROR - Detection loop error: '_thread._local' object has no attribute 'srcdc'
2026-05-17 12:46:56,608 - __main__ - ERROR - Detection loop error: '_thread._local' object has no attribute 'srcdc'
2026-05-17 12:46:56,717 - __main__ - ERROR - Detection loop error: '_thread._local' object has no attribute 'srcdc'
2026-05-17 12:46:56,828 - __main__ - ERROR - Detection loop error: '_thread._local' object has no attribute 'srcdc'
2026-05-17 12:46:56,936 - __main__ - ERROR - Detection loop error: '_thread._local' object has no attribute 'srcdc'
2026-05-17 12:46:57,044 - __main__ - ERROR - Detection loop error: '_thread._local' object has no attribute 'srcdc'
2026-05-17 12:46:57,154 - __main__ - ERROR - Detection loop error: '_thread._local' object has no attribute 'srcdc'
2026-05-17 12:46:57,264 - __main__ - ERROR - Detection loop error: '_thread._local' object has no attribute 'srcdc'
2026-05-17 12:46:57,374 - __main__ - ERROR - Detection loop error: '_thread._local' object has no attribute 'srcdc'
2026-05-17 12:46:57,482 - __main__ - ERROR - Detection loop error: '_thread._local' object has no attribute 'srcdc'
2026-05-17 12:46:57,590 - __main__ - ERROR - Detection loop error: '_thread._local' object has no attribute 'srcdc'
2026-05-17 12:46:57,700 - __main__ - ERROR - Detection loop error: '_thread._local' object has no attribute 'srcdc'
2026-05-17 12:46:57,808 - __main__ - ERROR - Detection loop error: '_thread._local' object has no attribute 'srcdc'
2026-05-17 12:46:57,916 - __main__ - ERROR - Detection loop error: '_thread._local' object has no attribute 'srcdc'
2026-05-17 12:46:58,025 - __main__ - ERROR - Detection loop error: '_thread._local' object has no attribute 'srcdc'
2026-05-17 12:46:58,134 - __main__ - ERROR - Detection loop error: '_thread._local' object has no attribute 'srcdc'
2026-05-17 12:46:58,246 - __main__ - ERROR - Detection loop error: '_thread._local' object has no attribute 'srcdc'
2026-05-17 12:46:58,356 - __main__ - ERROR - Detection loop error: '_thread._local' object has no attribute 'srcdc'
2026-05-17 12:46:58,464 - __main__ - ERROR - Detection loop error: '_thread._local' object has no attribute 'srcdc'
2026-05-17 12:46:58,574 - __main__ - ERROR - Detection loop error: '_thread._local' object has no attribute 'srcdc'
2026-05-17 12:46:58,684 - __main__ - ERROR - Detection loop error: '_thread._local' object has no attribute 'srcdc'
2026-05-17 12:46:58,795 - __main__ - ERROR - Detection loop error: '_thread._local' object has no attribute 'srcdc'
2026-05-17 12:46:58,905 - __main__ - ERROR - Detection loop error: '_thread._local' object has no attribute 'srcdc'
2026-05-17 12:46:59,013 - __main__ - ERROR - Detection loop error: '_thread._local' object has no attribute 'srcdc'
2026-05-17 12:46:59,124 - __main__ - ERROR - Detection loop error: '_thread._local' object has no attribute 'srcdc'
2026-05-17 12:46:59,235 - __main__ - ERROR - Detection loop error: '_thread._local' object has no attribute 'srcdc'
2026-05-17 12:46:59,343 - __main__ - ERROR - Detection loop error: '_thread._local' object has no attribute 'srcdc'
2026-05-17 12:46:59,453 - __main__ - ERROR - Detection loop error: '_thread._local' object has no attribute 'srcdc'
2026-05-17 12:46:59,564 - __main__ - ERROR - Detection loop error: '_thread._local' object has no attribute 'srcdc'
2026-05-17 12:46:59,673 - __main__ - ERROR - Detection loop error: '_thread._local' object has no attribute 'srcdc'
2026-05-17 12:46:59,782 - __main__ - ERROR - Detection loop error: '_thread._local' object has no attribute 'srcdc'
2026-05-17 12:46:59,892 - __main__ - ERROR - Detection loop error: '_thread._local' object has no attribute 'srcdc'
2026-05-17 12:46:59,999 - __main__ - ERROR - Detection loop error: '_thread._local' object has no attribute 'srcdc'
2026-05-17 12:47:00,109 - __main__ - ERROR - Detection loop error: '_thread._local' object has no attribute 'srcdc'
2026-05-17 12:47:00,217 - __main__ - ERROR - Detection loop error: '_thread._local' object has no attribute 'srcdc'
2026-05-17 12:47:00,322 - __main__ - ERROR - Detection loop error: '_thread._local' object has no attribute 'srcdc'
2026-05-17 12:47:00,429 - __main__ - ERROR - Detection loop error: '_thread._local' object has no attribute 'srcdc'
2026-05-17 12:47:00,535 - __main__ - ERROR - Detection loop error: '_thread._local' object has no attribute 'srcdc'
2026-05-17 12:47:00,642 - __main__ - ERROR - Detection loop error: '_thread._local' object has no attribute 'srcdc'
2026-05-17 12:47:00,751 - __main__ - ERROR - Detection loop error: '_thread._local' object has no attribute 'srcdc'
2026-05-17 12:47:00,861 - __main__ - ERROR - Detection loop error: '_thread._local' object has no attribute 'srcdc'
2026-05-17 12:47:00,971 - __main__ - ERROR - Detection loop error: '_thread._local' object has no attribute 'srcdc'
2026-05-17 12:47:01,078 - __main__ - ERROR - Detection loop error: '_thread._local' object has no attribute 'srcdc'
2026-05-17 12:47:01,188 - __main__ - ERROR - Detection loop error: '_thread._local' object has no attribute 'srcdc'
2026-05-17 12:47:01,298 - __main__ - ERROR - Detection loop error: '_thread._local' object has no attribute 'srcdc'
2026-05-17 12:47:01,408 - __main__ - ERROR - Detection loop error: '_thread._local' object has no attribute 'srcdc'
2026-05-17 12:47:01,517 - __main__ - ERROR - Detection loop error: '_thread._local' object has no attribute 'srcdc'
2026-05-17 12:47:01,628 - __main__ - ERROR - Detection loop error: '_thread._local' object has no attribute 'srcdc'
2026-05-17 12:47:01,739 - __main__ - ERROR - Detection loop error: '_thread._local' object has no attribute 'srcdc'
2026-05-17 12:47:01,849 - __main__ - ERROR - Detection loop error: '_thread._local' object has no attribute 'srcdc'
2026-05-17 12:47:01,958 - __main__ - ERROR - Detection loop error: '_thread._local' object has no attribute 'srcdc'
2026-05-17 12:47:02,069 - __main__ - ERROR - Detection loop error: '_thread._local' object has no attribute 'srcdc'
2026-05-17 12:47:02,177 - __main__ - ERROR - Detection loop error: '_thread._local' object has no attribute 'srcdc'
2026-05-17 12:47:02,287 - __main__ - ERROR - Detection loop error: '_thread._local' object has no attribute 'srcdc'
2026-05-17 12:47:02,396 - __main__ - ERROR - Detection loop error: '_thread._local' object has no attribute 'srcdc'
2026-05-17 12:47:02,507 - __main__ - ERROR - Detection loop error: '_thread._local' object has no attribute 'srcdc'
2026-05-17 12:47:02,615 - __main__ - ERROR - Detection loop error: '_thread._local' object has no attribute 'srcdc'
2026-05-17 12:47:02,727 - __main__ - ERROR - Detection loop error: '_thread._local' object has no attribute 'srcdc'
2026-05-17 12:47:02,838 - __main__ - ERROR - Detection loop error: '_thread._local' object has no attribute 'srcdc'
2026-05-17 12:47:02,948 - __main__ - ERROR - Detection loop error: '_thread._local' object has no attribute 'srcdc'
2026-05-17 12:47:03,057 - __main__ - ERROR - Detection loop error: '_thread._local' object has no attribute 'srcdc'
2026-05-17 12:47:03,167 - __main__ - ERROR - Detection loop error: '_thread._local' object has no attribute 'srcdc'
2026-05-17 12:47:03,276 - __main__ - ERROR - Detection loop error: '_thread._local' object has no attribute 'srcdc'
2026-05-17 12:47:03,386 - __main__ - ERROR - Detection loop error: '_thread._local' object has no attribute 'srcdc'
2026-05-17 12:47:03,494 - __main__ - ERROR - Detection loop error: '_thread._local' object has no attribute 'srcdc'
2026-05-17 12:47:03,602 - __main__ - ERROR - Detection loop error: '_thread._local' object has no attribute 'srcdc'
2026-05-17 12:47:03,712 - __main__ - ERROR - Detection loop error: '_thread._local' object has no attribute 'srcdc'
2026-05-17 12:47:03,819 - __main__ - ERROR - Detection loop error: '_thread._local' object has no attribute 'srcdc'
2026-05-17 12:47:03,931 - __main__ - ERROR - Detection loop error: '_thread._local' object has no attribute 'srcdc'
2026-05-17 12:47:04,039 - __main__ - ERROR - Detection loop error: '_thread._local' object has no attribute 'srcdc'
2026-05-17 12:47:04,149 - __main__ - ERROR - Detection loop error: '_thread._local' object has no attribute 'srcdc'
2026-05-17 12:47:04,257 - __main__ - ERROR - Detection loop error: '_thread._local' object has no attribute 'srcdc'
2026-05-17 12:47:04,367 - __main__ - ERROR - Detection loop error: '_thread._local' object has no attribute 'srcdc'
2026-05-17 12:47:04,477 - __main__ - ERROR - Detection loop error: '_thread._local' object has no attribute 'srcdc'
2026-05-17 12:47:04,586 - __main__ - ERROR - Detection loop error: '_thread._local' object has no attribute 'srcdc'
2026-05-17 12:47:04,696 - __main__ - ERROR - Detection loop error: '_thread._local' object has no attribute 'srcdc'
2026-05-17 12:47:04,805 - __main__ - ERROR - Detection loop error: '_thread._local' object has no attribute 'srcdc'
2026-05-17 12:47:04,916 - __main__ - ERROR - Detection loop error: '_thread._local' object has no attribute 'srcdc'
2026-05-17 12:47:05,025 - __main__ - ERROR - Detection loop error: '_thread._local' object has no attribute 'srcdc'
2026-05-17 12:47:05,134 - __main__ - ERROR - Detection loop error: '_thread._local' object has no attribute 'srcdc'
2026-05-17 12:47:05,242 - __main__ - ERROR - Detection loop error: '_thread._local' object has no attribute 'srcdc'
2026-05-17 12:47:05,351 - __main__ - ERROR - Detection loop error: '_thread._local' object has no attribute 'srcdc'
2026-05-17 12:47:05,461 - __main__ - ERROR - Detection loop error: '_thread._local' object has no attribute 'srcdc'
2026-05-17 12:47:05,570 - __main__ - ERROR - Detection loop error: '_thread._local' object has no attribute 'srcdc'
2026-05-17 12:47:05,678 - __main__ - ERROR - Detection loop error: '_thread._local' object has no attribute 'srcdc'
2026-05-17 12:47:05,790 - __main__ - ERROR - Detection loop error: '_thread._local' object has no attribute 'srcdc'
2026-05-17 12:47:05,899 - __main__ - ERROR - Detection loop error: '_thread._local' object has no attribute 'srcdc'
2026-05-17 12:47:06,009 - __main__ - ERROR - Detection loop error: '_thread._local' object has no attribute 'srcdc'
2026-05-17 12:47:06,118 - __main__ - ERROR - Detection loop error: '_thread._local' object has no attribute 'srcdc'
2026-05-17 12:47:06,227 - __main__ - ERROR - Detection loop error: '_thread._local' object has no attribute 'srcdc'
2026-05-17 12:47:06,334 - __main__ - ERROR - Detection loop error: '_thread._local' object has no attribute 'srcdc'
2026-05-17 12:47:06,443 - __main__ - ERROR - Detection loop error: '_thread._local' object has no attribute 'srcdc'
2026-05-17 12:47:06,553 - __main__ - ERROR - Detection loop error: '_thread._local' object has no attribute 'srcdc'
2026-05-17 12:47:06,662 - __main__ - ERROR - Detection loop error: '_thread._local' object has no attribute 'srcdc'
2026-05-17 12:47:06,772 - __main__ - ERROR - Detection loop error: '_thread._local' object has no attribute 'srcdc'
2026-05-17 12:47:06,881 - __main__ - ERROR - Detection loop error: '_thread._local' object has no attribute 'srcdc'
2026-05-17 12:47:06,990 - __main__ - ERROR - Detection loop error: '_thread._local' object has no attribute 'srcdc'
2026-05-17 12:47:07,102 - __main__ - ERROR - Detection loop error: '_thread._local' object has no attribute 'srcdc'
2026-05-17 12:47:07,210 - __main__ - ERROR - Detection loop error: '_thread._local' object has no attribute 'srcdc'
2026-05-17 12:47:07,320 - __main__ - ERROR - Detection loop error: '_thread._local' object has no attribute 'srcdc'
2026-05-17 12:47:07,428 - __main__ - ERROR - Detection loop error: '_thread._local' object has no attribute 'srcdc'
2026-05-17 12:47:07,539 - __main__ - ERROR - Detection loop error: '_thread._local' object has no attribute 'srcdc'
2026-05-17 12:47:07,647 - __main__ - ERROR - Detection loop error: '_thread._local' object has no attribute 'srcdc'
2026-05-17 12:47:07,755 - __main__ - ERROR - Detection loop error: '_thread._local' object has no attribute 'srcdc'
2026-05-17 12:47:07,863 - __main__ - ERROR - Detection loop error: '_thread._local' object has no attribute 'srcdc'
2026-05-17 12:47:07,974 - __main__ - ERROR - Detection loop error: '_thread._local' object has no attribute 'srcdc'
2026-05-17 12:47:08,082 - __main__ - ERROR - Detection loop error: '_thread._local' object has no attribute 'srcdc'
2026-05-17 12:47:08,192 - __main__ - ERROR - Detection loop error: '_thread._local' object has no attribute 'srcdc'
2026-05-17 12:47:08,300 - __main__ - ERROR - Detection loop error: '_thread._local' object has no attribute 'srcdc'
2026-05-17 12:47:08,410 - __main__ - ERROR - Detection loop error: '_thread._local' object has no attribute 'srcdc'
2026-05-17 12:47:08,518 - __main__ - ERROR - Detection loop error: '_thread._local' object has no attribute 'srcdc'
2026-05-17 12:47:08,628 - __main__ - ERROR - Detection loop error: '_thread._local' object has no attribute 'srcdc'
2026-05-17 12:47:08,739 - __main__ - ERROR - Detection loop error: '_thread._local' object has no attribute 'srcdc'
2026-05-17 12:47:08,846 - __main__ - ERROR - Detection loop error: '_thread._local' object has no attribute 'srcdc'
2026-05-17 12:47:08,955 - __main__ - ERROR - Detection loop error: '_thread._local' object has no attribute 'srcdc'
2026-05-17 12:47:09,065 - __main__ - ERROR - Detection loop error: '_thread._local' object has no attribute 'srcdc'
2026-05-17 12:47:09,174 - __main__ - ERROR - Detection loop error: '_thread._local' object has no attribute 'srcdc'
2026-05-17 12:47:09,283 - __main__ - ERROR - Detection loop error: '_thread._local' object has no attribute 'srcdc'
2026-05-17 12:47:09,393 - __main__ - ERROR - Detection loop error: '_thread._local' object has no attribute 'srcdc'
2026-05-17 12:47:09,501 - __main__ - ERROR - Detection loop error: '_thread._local' object has no attribute 'srcdc'
2026-05-17 12:47:09,610 - __main__ - ERROR - Detection loop error: '_thread._local' object has no attribute 'srcdc'
2026-05-17 12:47:09,719 - __main__ - ERROR - Detection loop error: '_thread._local' object has no attribute 'srcdc'
2026-05-17 12:47:09,828 - __main__ - ERROR - Detection loop error: '_thread._local' object has no attribute 'srcdc'
2026-05-17 12:47:09,938 - __main__ - ERROR - Detection loop error: '_thread._local' object has no attribute 'srcdc'
2026-05-17 12:47:10,048 - __main__ - ERROR - Detection loop error: '_thread._local' object has no attribute 'srcdc'
2026-05-17 12:47:10,157 - __main__ - ERROR - Detection loop error: '_thread._local' object has no attribute 'srcdc'
2026-05-17 12:47:10,267 - __main__ - ERROR - Detection loop error: '_thread._local' object has no attribute 'srcdc'
2026-05-17 12:47:10,375 - __main__ - ERROR - Detection loop error: '_thread._local' object has no attribute 'srcdc'
2026-05-17 12:47:10,485 - __main__ - ERROR - Detection loop error: '_thread._local' object has no attribute 'srcdc'
2026-05-17 12:47:10,593 - __main__ - ERROR - Detection loop error: '_thread._local' object has no attribute 'srcdc'
2026-05-17 12:47:10,702 - __main__ - ERROR - Detection loop error: '_thread._local' object has no attribute 'srcdc'
2026-05-17 12:47:10,811 - __main__ - ERROR - Detection loop error: '_thread._local' object has no attribute 'srcdc'
2026-05-17 12:47:10,919 - __main__ - ERROR - Detection loop error: '_thread._local' object has no attribute 'srcdc'
2026-05-17 12:47:11,029 - __main__ - ERROR - Detection loop error: '_thread._local' object has no attribute 'srcdc'
2026-05-17 12:47:11,139 - __main__ - ERROR - Detection loop error: '_thread._local' object has no attribute 'srcdc'
2026-05-17 12:47:11,250 - __main__ - ERROR - Detection loop error: '_thread._local' object has no attribute 'srcdc'
2026-05-17 12:47:11,359 - __main__ - ERROR - Detection loop error: '_thread._local' object has no attribute 'srcdc'
2026-05-17 12:47:11,467 - __main__ - ERROR - Detection loop error: '_thread._local' object has no attribute 'srcdc'
2026-05-17 12:47:11,577 - __main__ - ERROR - Detection loop error: '_thread._local' object has no attribute 'srcdc'
2026-05-17 12:47:11,688 - __main__ - ERROR - Detection loop error: '_thread._local' object has no attribute 'srcdc'
2026-05-17 12:47:11,796 - __main__ - ERROR - Detection loop error: '_thread._local' object has no attribute 'srcdc'
2026-05-17 12:47:11,904 - __main__ - ERROR - Detection loop error: '_thread._local' object has no attribute 'srcdc'
2026-05-17 12:47:12,012 - __main__ - ERROR - Detection loop error: '_thread._local' object has no attribute 'srcdc'
2026-05-17 12:47:12,123 - __main__ - ERROR - Detection loop error: '_thread._local' object has no attribute 'srcdc'
2026-05-17 12:47:12,232 - __main__ - ERROR - Detection loop error: '_thread._local' object has no attribute 'srcdc'
2026-05-17 12:47:12,339 - __main__ - ERROR - Detection loop error: '_thread._local' object has no attribute 'srcdc'
2026-05-17 12:47:12,451 - __main__ - ERROR - Detection loop error: '_thread._local' object has no attribute 'srcdc'
2026-05-17 12:47:12,561 - __main__ - ERROR - Detection loop error: '_thread._local' object has no attribute 'srcdc'
2026-05-17 12:47:12,670 - __main__ - ERROR - Detection loop error: '_thread._local' object has no attribute 'srcdc'
2026-05-17 12:47:12,778 - __main__ - ERROR - Detection loop error: '_thread._local' object has no attribute 'srcdc'
2026-05-17 12:47:12,887 - __main__ - ERROR - Detection loop error: '_thread._local' object has no attribute 'srcdc'
2026-05-17 12:47:12,996 - __main__ - ERROR - Detection loop error: '_thread._local' object has no attribute 'srcdc'
2026-05-17 12:47:13,104 - __main__ - ERROR - Detection loop error: '_thread._local' object has no attribute 'srcdc'
2026-05-17 12:47:13,213 - __main__ - ERROR - Detection loop error: '_thread._local' object has no attribute 'srcdc'
2026-05-17 12:47:13,323 - __main__ - ERROR - Detection loop error: '_thread._local' object has no attribute 'srcdc'
2026-05-17 12:47:13,433 - __main__ - ERROR - Detection loop error: '_thread._local' object has no attribute 'srcdc'
2026-05-17 12:47:13,543 - __main__ - ERROR - Detection loop error: '_thread._local' object has no attribute 'srcdc'
2026-05-17 12:47:13,653 - __main__ - ERROR - Detection loop error: '_thread._local' object has no attribute 'srcdc'
2026-05-17 12:47:13,763 - __main__ - ERROR - Detection loop error: '_thread._local' object has no attribute 'srcdc'
2026-05-17 12:47:13,872 - __main__ - ERROR - Detection loop error: '_thread._local' object has no attribute 'srcdc'
2026-05-17 12:47:13,980 - __main__ - ERROR - Detection loop error: '_thread._local' object has no attribute 'srcdc'
2026-05-17 12:47:14,089 - __main__ - ERROR - Detection loop error: '_thread._local' object has no attribute 'srcdc'
2026-05-17 12:47:14,198 - __main__ - ERROR - Detection loop error: '_thread._local' object has no attribute 'srcdc'
2026-05-17 12:47:14,307 - __main__ - ERROR - Detection loop error: '_thread._local' object has no attribute 'srcdc'
2026-05-17 12:47:14,416 - __main__ - ERROR - Detection loop error: '_thread._local' object has no attribute 'srcdc'
2026-05-17 12:47:14,524 - __main__ - ERROR - Detection loop error: '_thread._local' object has no attribute 'srcdc'
2026-05-17 12:47:14,634 - __main__ - ERROR - Detection loop error: '_thread._local' object has no attribute 'srcdc'
2026-05-17 12:47:14,744 - __main__ - ERROR - Detection loop error: '_thread._local' object has no attribute 'srcdc'
2026-05-17 12:47:14,851 - __main__ - ERROR - Detection loop error: '_thread._local' object has no attribute 'srcdc'
2026-05-17 12:47:14,961 - __main__ - ERROR - Detection loop error: '_thread._local' object has no attribute 'srcdc'
2026-05-17 12:47:15,070 - __main__ - ERROR - Detection loop error: '_thread._local' object has no attribute 'srcdc'
2026-05-17 12:47:15,179 - __main__ - ERROR - Detection loop error: '_thread._local' object has no attribute 'srcdc'
2026-05-17 12:47:15,289 - __main__ - ERROR - Detection loop error: '_thread._local' object has no attribute 'srcdc'
2026-05-17 12:47:15,398 - __main__ - ERROR - Detection loop error: '_thread._local' object has no attribute 'srcdc'
2026-05-17 12:47:15,508 - __main__ - ERROR - Detection loop error: '_thread._local' object has no attribute 'srcdc'
2026-05-17 12:47:15,618 - __main__ - ERROR - Detection loop error: '_thread._local' object has no attribute 'srcdc'
2026-05-17 12:47:15,728 - __main__ - ERROR - Detection loop error: '_thread._local' object has no attribute 'srcdc'
2026-05-17 12:47:15,837 - __main__ - ERROR - Detection loop error: '_thread._local' object has no attribute 'srcdc'
2026-05-17 12:47:15,948 - __main__ - ERROR - Detection loop error: '_thread._local' object has no attribute 'srcdc'
2026-05-17 12:47:16,057 - __main__ - ERROR - Detection loop error: '_thread._local' object has no attribute 'srcdc'
2026-05-17 12:47:16,166 - __main__ - ERROR - Detection loop error: '_thread._local' object has no attribute 'srcdc'
2026-05-17 12:47:16,276 - __main__ - ERROR - Detection loop error: '_thread._local' object has no attribute 'srcdc'
2026-05-17 12:47:16,383 - __main__ - ERROR - Detection loop error: '_thread._local' object has no attribute 'srcdc'
2026-05-17 12:47:16,492 - __main__ - ERROR - Detection loop error: '_thread._local' object has no attribute 'srcdc'
2026-05-17 12:47:16,601 - __main__ - ERROR - Detection loop error: '_thread._local' object has no attribute 'srcdc'
2026-05-17 12:47:16,710 - __main__ - ERROR - Detection loop error: '_thread._local' object has no attribute 'srcdc'
2026-05-17 12:47:16,819 - __main__ - ERROR - Detection loop error: '_thread._local' object has no attribute 'srcdc'
2026-05-17 12:47:16,931 - __main__ - ERROR - Detection loop error: '_thread._local' object has no attribute 'srcdc'
2026-05-17 12:47:17,039 - __main__ - ERROR - Detection loop error: '_thread._local' object has no attribute 'srcdc'
2026-05-17 12:47:17,148 - __main__ - ERROR - Detection loop error: '_thread._local' object has no attribute 'srcdc'
2026-05-17 12:47:17,257 - __main__ - ERROR - Detection loop error: '_thread._local' object has no attribute 'srcdc'
2026-05-17 12:47:17,367 - __main__ - ERROR - Detection loop error: '_thread._local' object has no attribute 'srcdc'
2026-05-17 12:47:17,475 - __main__ - ERROR - Detection loop error: '_thread._local' object has no attribute 'srcdc'
2026-05-17 12:47:17,584 - __main__ - ERROR - Detection loop error: '_thread._local' object has no attribute 'srcdc'
2026-05-17 12:47:17,694 - __main__ - ERROR - Detection loop error: '_thread._local' object has no attribute 'srcdc'
2026-05-17 12:47:17,801 - __main__ - ERROR - Detection loop error: '_thread._local' object has no attribute 'srcdc'
2026-05-17 12:47:17,910 - __main__ - ERROR - Detection loop error: '_thread._local' object has no attribute 'srcdc'
2026-05-17 12:47:18,019 - __main__ - ERROR - Detection loop error: '_thread._local' object has no attribute 'srcdc'
2026-05-17 12:47:18,131 - __main__ - ERROR - Detection loop error: '_thread._local' object has no attribute 'srcdc'
2026-05-17 12:47:18,240 - __main__ - ERROR - Detection loop error: '_thread._local' object has no attribute 'srcdc'
2026-05-17 12:47:18,350 - __main__ - ERROR - Detection loop error: '_thread._local' object has no attribute 'srcdc'
2026-05-17 12:47:18,459 - __main__ - ERROR - Detection loop error: '_thread._local' object has no attribute 'srcdc'
2026-05-17 12:47:18,567 - __main__ - ERROR - Detection loop error: '_thread._local' object has no attribute 'srcdc'
2026-05-17 12:47:18,677 - __main__ - ERROR - Detection loop error: '_thread._local' object has no attribute 'srcdc'
2026-05-17 12:47:18,786 - __main__ - ERROR - Detection loop error: '_thread._local' object has no attribute 'srcdc'
2026-05-17 12:47:18,896 - __main__ - ERROR - Detection loop error: '_thread._local' object has no attribute 'srcdc'
2026-05-17 12:47:19,007 - __main__ - ERROR - Detection loop error: '_thread._local' object has no attribute 'srcdc'
2026-05-17 12:47:19,116 - __main__ - ERROR - Detection loop error: '_thread._local' object has no attribute 'srcdc'
2026-05-17 12:47:19,225 - __main__ - ERROR - Detection loop error: '_thread._local' object has no attribute 'srcdc'
2026-05-17 12:47:19,336 - __main__ - ERROR - Detection loop error: '_thread._local' object has no attribute 'srcdc'
2026-05-17 12:47:19,446 - __main__ - ERROR - Detection loop error: '_thread._local' object has no attribute 'srcdc'
2026-05-17 12:47:19,553 - __main__ - ERROR - Detection loop error: '_thread._local' object has no attribute 'srcdc'
2026-05-17 12:47:19,662 - __main__ - ERROR - Detection loop error: '_thread._local' object has no attribute 'srcdc'
2026-05-17 12:47:19,770 - __main__ - ERROR - Detection loop error: '_thread._local' object has no attribute 'srcdc'
2026-05-17 12:47:19,878 - __main__ - ERROR - Detection loop error: '_thread._local' object has no attribute 'srcdc'
2026-05-17 12:47:19,989 - __main__ - ERROR - Detection loop error: '_thread._local' object has no attribute 'srcdc'
2026-05-17 12:47:20,097 - __main__ - ERROR - Detection loop error: '_thread._local' object has no attribute 'srcdc'
2026-05-17 12:47:20,207 - __main__ - ERROR - Detection loop error: '_thread._local' object has no attribute 'srcdc'
2026-05-17 12:47:20,315 - __main__ - ERROR - Detection loop error: '_thread._local' object has no attribute 'srcdc'
2026-05-17 12:47:20,424 - __main__ - ERROR - Detection loop error: '_thread._local' object has no attribute 'srcdc'
2026-05-17 12:47:20,534 - __main__ - ERROR - Detection loop error: '_thread._local' object has no attribute 'srcdc'
2026-05-17 12:47:20,643 - __main__ - ERROR - Detection loop error: '_thread._local' object has no attribute 'srcdc'
2026-05-17 12:47:20,752 - __main__ - ERROR - Detection loop error: '_thread._local' object has no attribute 'srcdc'
2026-05-17 12:47:20,862 - __main__ - ERROR - Detection loop error: '_thread._local' object has no attribute 'srcdc'
2026-05-17 12:47:20,971 - __main__ - ERROR - Detection loop error: '_thread._local' object has no attribute 'srcdc'
2026-05-17 12:47:21,080 - __main__ - ERROR - Detection loop error: '_thread._local' object has no attribute 'srcdc'
2026-05-17 12:47:21,190 - __main__ - ERROR - Detection loop error: '_thread._local' object has no attribute 'srcdc'
2026-05-17 12:47:21,298 - __main__ - ERROR - Detection loop error: '_thread._local' object has no attribute 'srcdc'
2026-05-17 12:47:21,407 - __main__ - ERROR - Detection loop error: '_thread._local' object has no attribute 'srcdc'
2026-05-17 12:47:21,515 - __main__ - ERROR - Detection loop error: '_thread._local' object has no attribute 'srcdc'
2026-05-17 12:47:21,624 - __main__ - ERROR - Detection loop error: '_thread._local' object has no attribute 'srcdc'
2026-05-17 12:47:21,734 - __main__ - ERROR - Detection loop error: '_thread._local' object has no attribute 'srcdc'
2026-05-17 12:47:21,843 - __main__ - ERROR - Detection loop error: '_thread._local' object has no attribute 'srcdc'
2026-05-17 12:47:21,953 - __main__ - ERROR - Detection loop error: '_thread._local' object has no attribute 'srcdc'
2026-05-17 12:47:22,063 - __main__ - ERROR - Detection loop error: '_thread._local' object has no attribute 'srcdc'
2026-05-17 12:47:22,172 - __main__ - ERROR - Detection loop error: '_thread._local' object has no attribute 'srcdc'
2026-05-17 12:47:22,282 - __main__ - ERROR - Detection loop error: '_thread._local' object has no attribute 'srcdc'
2026-05-17 12:47:22,392 - __main__ - ERROR - Detection loop error: '_thread._local' object has no attribute 'srcdc'
2026-05-17 12:47:22,500 - __main__ - ERROR - Detection loop error: '_thread._local' object has no attribute 'srcdc'
2026-05-17 12:47:22,609 - __main__ - ERROR - Detection loop error: '_thread._local' object has no attribute 'srcdc'
2026-05-17 12:47:22,718 - __main__ - ERROR - Detection loop error: '_thread._local' object has no attribute 'srcdc'
2026-05-17 12:47:22,827 - __main__ - ERROR - Detection loop error: '_thread._local' object has no attribute 'srcdc'
2026-05-17 12:47:22,938 - __main__ - ERROR - Detection loop error: '_thread._local' object has no attribute 'srcdc'
2026-05-17 12:47:23,046 - __main__ - ERROR - Detection loop error: '_thread._local' object has no attribute 'srcdc'
2026-05-17 12:47:23,155 - __main__ - ERROR - Detection loop error: '_thread._local' object has no attribute 'srcdc'
2026-05-17 12:47:23,265 - __main__ - ERROR - Detection loop error: '_thread._local' object has no attribute 'srcdc'
2026-05-17 12:47:23,373 - __main__ - ERROR - Detection loop error: '_thread._local' object has no attribute 'srcdc'
2026-05-17 12:47:23,482 - __main__ - ERROR - Detection loop error: '_thread._local' object has no attribute 'srcdc'
2026-05-17 12:47:23,591 - __main__ - ERROR - Detection loop error: '_thread._local' object has no attribute 'srcdc'
2026-05-17 12:47:23,701 - __main__ - ERROR - Detection loop error: '_thread._local' object has no attribute 'srcdc'
2026-05-17 12:47:23,812 - __main__ - ERROR - Detection loop error: '_thread._local' object has no attribute 'srcdc'
2026-05-17 12:47:23,920 - __main__ - ERROR - Detection loop error: '_thread._local' object has no attribute 'srcdc'
2026-05-17 12:47:24,028 - __main__ - ERROR - Detection loop error: '_thread._local' object has no attribute 'srcdc'
2026-05-17 12:47:24,139 - __main__ - ERROR - Detection loop error: '_thread._local' object has no attribute 'srcdc'
2026-05-17 12:47:24,249 - __main__ - ERROR - Detection loop error: '_thread._local' object has no attribute 'srcdc'
2026-05-17 12:47:24,357 - __main__ - ERROR - Detection loop error: '_thread._local' object has no attribute 'srcdc'
2026-05-17 12:47:24,467 - __main__ - ERROR - Detection loop error: '_thread._local' object has no attribute 'srcdc'
2026-05-17 12:47:24,574 - __main__ - ERROR - Detection loop error: '_thread._local' object has no attribute 'srcdc'
2026-05-17 12:47:24,684 - __main__ - ERROR - Detection loop error: '_thread._local' object has no attribute 'srcdc'
2026-05-17 12:47:24,793 - __main__ - ERROR - Detection loop error: '_thread._local' object has no attribute 'srcdc'
2026-05-17 12:47:24,904 - __main__ - ERROR - Detection loop error: '_thread._local' object has no attribute 'srcdc'
2026-05-17 12:47:25,012 - __main__ - ERROR - Detection loop error: '_thread._local' object has no attribute 'srcdc'
2026-05-17 12:47:25,121 - __main__ - ERROR - Detection loop error: '_thread._local' object has no attribute 'srcdc'
2026-05-17 12:47:25,228 - __main__ - ERROR - Detection loop error: '_thread._local' object has no attribute 'srcdc'
2026-05-17 12:47:25,338 - __main__ - ERROR - Detection loop error: '_thread._local' object has no attribute 'srcdc'
2026-05-17 12:47:25,446 - __main__ - ERROR - Detection loop error: '_thread._local' object has no attribute 'srcdc'
2026-05-17 12:47:25,555 - __main__ - ERROR - Detection loop error: '_thread._local' object has no attribute 'srcdc'
2026-05-17 12:47:25,665 - __main__ - ERROR - Detection loop error: '_thread._local' object has no attribute 'srcdc'
2026-05-17 12:47:25,774 - __main__ - ERROR - Detection loop error: '_thread._local' object has no attribute 'srcdc'
2026-05-17 12:47:25,884 - __main__ - ERROR - Detection loop error: '_thread._local' object has no attribute 'srcdc'
2026-05-17 12:47:25,993 - __main__ - ERROR - Detection loop error: '_thread._local' object has no attribute 'srcdc'
2026-05-17 12:47:26,102 - __main__ - ERROR - Detection loop error: '_thread._local' object has no attribute 'srcdc'
2026-05-17 12:47:26,213 - __main__ - ERROR - Detection loop error: '_thread._local' object has no attribute 'srcdc'
2026-05-17 12:47:26,323 - __main__ - ERROR - Detection loop error: '_thread._local' object has no attribute 'srcdc'
2026-05-17 12:47:26,432 - __main__ - ERROR - Detection loop error: '_thread._local' object has no attribute 'srcdc'
2026-05-17 12:47:26,541 - __main__ - ERROR - Detection loop error: '_thread._local' object has no attribute 'srcdc'
2026-05-17 12:47:26,650 - __main__ - ERROR - Detection loop error: '_thread._local' object has no attribute 'srcdc'
2026-05-17 12:47:26,759 - __main__ - ERROR - Detection loop error: '_thread._local' object has no attribute 'srcdc'
2026-05-17 12:47:26,867 - __main__ - ERROR - Detection loop error: '_thread._local' object has no attribute 'srcdc'
2026-05-17 12:47:26,977 - __main__ - ERROR - Detection loop error: '_thread._local' object has no attribute 'srcdc'
2026-05-17 12:47:27,086 - __main__ - ERROR - Detection loop error: '_thread._local' object has no attribute 'srcdc'
2026-05-17 12:47:27,196 - __main__ - ERROR - Detection loop error: '_thread._local' object has no attribute 'srcdc'
2026-05-17 12:47:27,305 - __main__ - ERROR - Detection loop error: '_thread._local' object has no attribute 'srcdc'
2026-05-17 12:47:27,413 - __main__ - ERROR - Detection loop error: '_thread._local' object has no attribute 'srcdc'
2026-05-17 12:47:27,523 - __main__ - ERROR - Detection loop error: '_thread._local' object has no attribute 'srcdc'
2026-05-17 12:47:27,632 - __main__ - ERROR - Detection loop error: '_thread._local' object has no attribute 'srcdc'
2026-05-17 12:47:27,741 - __main__ - ERROR - Detection loop error: '_thread._local' object has no attribute 'srcdc'
2026-05-17 12:47:27,849 - __main__ - ERROR - Detection loop error: '_thread._local' object has no attribute 'srcdc'
2026-05-17 12:47:27,958 - __main__ - ERROR - Detection loop error: '_thread._local' object has no attribute 'srcdc'
2026-05-17 12:47:28,068 - __main__ - ERROR - Detection loop error: '_thread._local' object has no attribute 'srcdc'
2026-05-17 12:47:28,178 - __main__ - ERROR - Detection loop error: '_thread._local' object has no attribute 'srcdc'
2026-05-17 12:47:28,286 - __main__ - ERROR - Detection loop error: '_thread._local' object has no attribute 'srcdc'
2026-05-17 12:47:28,396 - __main__ - ERROR - Detection loop error: '_thread._local' object has no attribute 'srcdc'
2026-05-17 12:47:28,504 - __main__ - ERROR - Detection loop error: '_thread._local' object has no attribute 'srcdc'
2026-05-17 12:47:28,615 - __main__ - ERROR - Detection loop error: '_thread._local' object has no attribute 'srcdc'
2026-05-17 12:47:28,728 - __main__ - ERROR - Detection loop error: '_thread._local' object has no attribute 'srcdc'
2026-05-17 12:47:28,838 - __main__ - ERROR - Detection loop error: '_thread._local' object has no attribute 'srcdc'
2026-05-17 12:47:28,947 - __main__ - ERROR - Detection loop error: '_thread._local' object has no attribute 'srcdc'
2026-05-17 12:47:29,055 - __main__ - ERROR - Detection loop error: '_thread._local' object has no attribute 'srcdc'
2026-05-17 12:47:29,163 - __main__ - ERROR - Detection loop error: '_thread._local' object has no attribute 'srcdc'
2026-05-17 12:47:29,273 - __main__ - ERROR - Detection loop error: '_thread._local' object has no attribute 'srcdc'
2026-05-17 12:47:29,382 - __main__ - ERROR - Detection loop error: '_thread._local' object has no attribute 'srcdc'
2026-05-17 12:47:29,492 - __main__ - ERROR - Detection loop error: '_thread._local' object has no attribute 'srcdc'
2026-05-17 12:47:29,601 - __main__ - ERROR - Detection loop error: '_thread._local' object has no attribute 'srcdc'
2026-05-17 12:47:29,710 - __main__ - ERROR - Detection loop error: '_thread._local' object has no attribute 'srcdc'
2026-05-17 12:47:29,818 - __main__ - ERROR - Detection loop error: '_thread._local' object has no attribute 'srcdc'
2026-05-17 12:47:29,928 - __main__ - ERROR - Detection loop error: '_thread._local' object has no attribute 'srcdc'
2026-05-17 12:47:30,038 - __main__ - ERROR - Detection loop error: '_thread._local' object has no attribute 'srcdc'
2026-05-17 12:47:30,146 - __main__ - ERROR - Detection loop error: '_thread._local' object has no attribute 'srcdc'
2026-05-17 12:47:30,256 - __main__ - ERROR - Detection loop error: '_thread._local' object has no attribute 'srcdc'
2026-05-17 12:47:30,365 - __main__ - ERROR - Detection loop error: '_thread._local' object has no attribute 'srcdc'
2026-05-17 12:47:30,475 - __main__ - ERROR - Detection loop error: '_thread._local' object has no attribute 'srcdc'
2026-05-17 12:47:30,584 - __main__ - ERROR - Detection loop error: '_thread._local' object has no attribute 'srcdc'
2026-05-17 12:47:30,693 - __main__ - ERROR - Detection loop error: '_thread._local' object has no attribute 'srcdc'
2026-05-17 12:47:30,802 - __main__ - ERROR - Detection loop error: '_thread._local' object has no attribute 'srcdc'
2026-05-17 12:47:30,911 - __main__ - ERROR - Detection loop error: '_thread._local' object has no attribute 'srcdc'
2026-05-17 12:47:31,020 - __main__ - ERROR - Detection loop error: '_thread._local' object has no attribute 'srcdc'
2026-05-17 12:47:31,129 - __main__ - ERROR - Detection loop error: '_thread._local' object has no attribute 'srcdc'
2026-05-17 12:47:31,238 - __main__ - ERROR - Detection loop error: '_thread._local' object has no attribute 'srcdc'
2026-05-17 12:47:31,347 - __main__ - ERROR - Detection loop error: '_thread._local' object has no attribute 'srcdc'
2026-05-17 12:47:31,457 - __main__ - ERROR - Detection loop error: '_thread._local' object has no attribute 'srcdc'
2026-05-17 12:47:31,567 - __main__ - ERROR - Detection loop error: '_thread._local' object has no attribute 'srcdc'
2026-05-17 12:47:31,676 - __main__ - ERROR - Detection loop error: '_thread._local' object has no attribute 'srcdc'
2026-05-17 12:47:31,786 - __main__ - ERROR - Detection loop error: '_thread._local' object has no attribute 'srcdc'
2026-05-17 12:47:31,896 - __main__ - ERROR - Detection loop error: '_thread._local' object has no attribute 'srcdc'
2026-05-17 12:47:32,004 - __main__ - ERROR - Detection loop error: '_thread._local' object has no attribute 'srcdc'
2026-05-17 12:47:32,112 - __main__ - ERROR - Detection loop error: '_thread._local' object has no attribute 'srcdc'
2026-05-17 12:47:32,221 - __main__ - ERROR - Detection loop error: '_thread._local' object has no attribute 'srcdc'
2026-05-17 12:47:32,328 - __main__ - ERROR - Detection loop error: '_thread._local' object has no attribute 'srcdc'
2026-05-17 12:47:32,439 - __main__ - ERROR - Detection loop error: '_thread._local' object has no attribute 'srcdc'
2026-05-17 12:47:32,550 - __main__ - ERROR - Detection loop error: '_thread._local' object has no attribute 'srcdc'
2026-05-17 12:47:32,659 - __main__ - ERROR - Detection loop error: '_thread._local' object has no attribute 'srcdc'
2026-05-17 12:47:32,767 - __main__ - ERROR - Detection loop error: '_thread._local' object has no attribute 'srcdc'
2026-05-17 12:47:32,876 - __main__ - ERROR - Detection loop error: '_thread._local' object has no attribute 'srcdc'
2026-05-17 12:47:32,986 - __main__ - ERROR - Detection loop error: '_thread._local' object has no attribute 'srcdc'
2026-05-17 12:47:33,094 - __main__ - ERROR - Detection loop error: '_thread._local' object has no attribute 'srcdc'
2026-05-17 12:47:33,203 - __main__ - ERROR - Detection loop error: '_thread._local' object has no attribute 'srcdc'
2026-05-17 12:47:33,313 - __main__ - ERROR - Detection loop error: '_thread._local' object has no attribute 'srcdc'
2026-05-17 12:47:33,422 - __main__ - ERROR - Detection loop error: '_thread._local' object has no attribute 'srcdc'
2026-05-17 12:47:33,532 - __main__ - ERROR - Detection loop error: '_thread._local' object has no attribute 'srcdc'
2026-05-17 12:47:33,642 - __main__ - ERROR - Detection loop error: '_thread._local' object has no attribute 'srcdc'
2026-05-17 12:47:33,753 - __main__ - ERROR - Detection loop error: '_thread._local' object has no attribute 'srcdc'
2026-05-17 12:47:33,863 - __main__ - ERROR - Detection loop error: '_thread._local' object has no attribute 'srcdc'
2026-05-17 12:47:33,972 - __main__ - ERROR - Detection loop error: '_thread._local' object has no attribute 'srcdc'
2026-05-17 12:47:34,081 - __main__ - ERROR - Detection loop error: '_thread._local' object has no attribute 'srcdc'
2026-05-17 12:47:34,189 - __main__ - ERROR - Detection loop error: '_thread._local' object has no attribute 'srcdc'
2026-05-17 12:47:34,298 - __main__ - ERROR - Detection loop error: '_thread._local' object has no attribute 'srcdc'
2026-05-17 12:47:34,408 - __main__ - ERROR - Detection loop error: '_thread._local' object has no attribute 'srcdc'
2026-05-17 12:47:34,517 - __main__ - ERROR - Detection loop error: '_thread._local' object has no attribute 'srcdc'
2026-05-17 12:47:34,628 - __main__ - ERROR - Detection loop error: '_thread._local' object has no attribute 'srcdc'
2026-05-17 12:47:34,738 - __main__ - ERROR - Detection loop error: '_thread._local' object has no attribute 'srcdc'
2026-05-17 12:47:34,846 - __main__ - ERROR - Detection loop error: '_thread._local' object has no attribute 'srcdc'
2026-05-17 12:47:34,955 - __main__ - ERROR - Detection loop error: '_thread._local' object has no attribute 'srcdc'
2026-05-17 12:47:35,064 - __main__ - ERROR - Detection loop error: '_thread._local' object has no attribute 'srcdc'
2026-05-17 12:47:35,174 - __main__ - ERROR - Detection loop error: '_thread._local' object has no attribute 'srcdc'
2026-05-17 12:47:35,284 - __main__ - ERROR - Detection loop error: '_thread._local' object has no attribute 'srcdc'
2026-05-17 12:47:35,393 - __main__ - ERROR - Detection loop error: '_thread._local' object has no attribute 'srcdc'
2026-05-17 12:47:35,501 - __main__ - ERROR - Detection loop error: '_thread._local' object has no attribute 'srcdc'
2026-05-17 12:47:35,610 - __main__ - ERROR - Detection loop error: '_thread._local' object has no attribute 'srcdc'
2026-05-17 12:47:35,720 - __main__ - ERROR - Detection loop error: '_thread._local' object has no attribute 'srcdc'
2026-05-17 12:47:35,831 - __main__ - ERROR - Detection loop error: '_thread._local' object has no attribute 'srcdc'
2026-05-17 12:47:35,940 - __main__ - ERROR - Detection loop error: '_thread._local' object has no attribute 'srcdc'
2026-05-17 12:47:36,050 - __main__ - ERROR - Detection loop error: '_thread._local' object has no attribute 'srcdc'
2026-05-17 12:53:28,450 - __main__ - INFO - Found Fortnite window at (0, 0, 1920, 1080)
2026-05-17 12:53:28,453 - __main__ - INFO - Template loaded: (425, 283, 3)
2026-05-17 12:53:28,844 - __main__ - INFO - Found Fortnite window at (0, 0, 1920, 1080)
2026-05-17 12:53:28,988 - __main__ - INFO - FOV overlay attached to Fortnite window (HWND: 1118000)
2026-05-17 12:53:29,174 - __main__ - INFO - Main window initialized
2026-05-17 12:53:29,174 - __main__ - INFO - Detection engine started
2026-05-17 12:53:29,174 - __main__ - INFO - Aimbot engine started
2026-05-17 12:53:29,196 - __main__ - INFO - Application started
2026-05-17 12:53:29,196 - __main__ - ERROR - Detection loop error: '_thread._local' object has no attribute 'srcdc'
2026-05-17 12:53:29,603 - __main__ - ERROR - Detection loop error: '_thread._local' object has no attribute 'srcdc'
2026-05-17 12:53:29,604 - __main__ - INFO - Found Fortnite window at (0, 0, 1920, 1080)
2026-05-17 12:53:30,011 - __main__ - ERROR - Detection loop error: '_thread._local' object has no attribute 'srcdc'
2026-05-17 12:53:30,011 - __main__ - INFO - Found Fortnite window at (0, 0, 1920, 1080)
2026-05-17 12:53:30,450 - __main__ - ERROR - Detection loop error: '_thread._local' object has no attribute 'srcdc'
2026-05-17 12:53:30,450 - __main__ - INFO - Found Fortnite window at (0, 0, 1920, 1080)
2026-05-17 12:53:30,893 - __main__ - ERROR - Detection loop error: '_thread._local' object has no attribute 'srcdc'
2026-05-17 12:53:30,893 - __main__ - INFO - Found Fortnite window at (0, 0, 1920, 1080)
2026-05-17 12:53:31,325 - __main__ - ERROR - Detection loop error: '_thread._local' object has no attribute 'srcdc'
2026-05-17 12:53:31,325 - __main__ - INFO - Found Fortnite window at (0, 0, 1920, 1080)
2026-05-17 12:53:31,647 - __main__ - ERROR - Detection loop error: '_thread._local' object has no attribute 'srcdc'
2026-05-17 12:53:31,758 - __main__ - INFO - Found Fortnite window at (0, 0, 1920, 1080)
2026-05-17 12:53:31,952 - __main__ - ERROR - Detection loop error: '_thread._local' object has no attribute 'srcdc'
2026-05-17 12:53:32,198 - __main__ - INFO - Found Fortnite window at (0, 0, 1920, 1080)
2026-05-17 12:53:32,638 - __main__ - ERROR - Detection loop error: '_thread._local' object has no attribute 'srcdc'
2026-05-17 12:53:32,638 - __main__ - INFO - Found Fortnite window at (0, 0, 1920, 1080)
2026-05-17 12:53:33,083 - __main__ - ERROR - Detection loop error: '_thread._local' object has no attribute 'srcdc'
2026-05-17 12:53:33,083 - __main__ - INFO - Found Fortnite window at (0, 0, 1920, 1080)
2026-05-17 12:53:33,532 - __main__ - ERROR - Detection loop error: '_thread._local' object has no attribute 'srcdc'
2026-05-17 12:53:33,532 - __main__ - INFO - Found Fortnite window at (0, 0, 1920, 1080)
2026-05-17 12:53:33,817 - __main__ - ERROR - Detection loop error: '_thread._local' object has no attribute 'srcdc'
2026-05-17 12:53:33,948 - __main__ - INFO - Found Fortnite window at (0, 0, 1920, 1080)
2026-05-17 12:53:34,184 - __main__ - ERROR - Detection loop error: '_thread._local' object has no attribute 'srcdc'
2026-05-17 12:53:34,391 - __main__ - ERROR - Detection loop error: '_thread._local' object has no attribute 'srcdc'
2026-05-17 12:53:34,391 - __main__ - INFO - Found Fortnite window at (0, 0, 1920, 1080)
2026-05-17 12:53:34,562 - __main__ - ERROR - Detection loop error: '_thread._local' object has no attribute 'srcdc'
2026-05-17 12:53:34,828 - __main__ - INFO - Found Fortnite window at (0, 0, 1920, 1080)
2026-05-17 12:53:35,153 - __main__ - ERROR - Detection loop error: '_thread._local' object has no attribute 'srcdc'
2026-05-17 12:53:35,297 - __main__ - ERROR - Detection loop error: '_thread._local' object has no attribute 'srcdc'
2026-05-17 12:53:35,297 - __main__ - INFO - Found Fortnite window at (0, 0, 1920, 1080)
2026-05-17 12:53:35,713 - __main__ - ERROR - Detection loop error: '_thread._local' object has no attribute 'srcdc'
2026-05-17 12:53:35,713 - __main__ - INFO - Found Fortnite window at (0, 0, 1920, 1080)
2026-05-17 12:53:36,085 - __main__ - ERROR - Detection loop error: '_thread._local' object has no attribute 'srcdc'
2026-05-17 12:53:36,133 - __main__ - INFO - Found Fortnite window at (0, 0, 1920, 1080)
2026-05-17 12:53:36,566 - __main__ - INFO - Found Fortnite window at (0, 0, 1920, 1080)
2026-05-17 12:53:36,566 - __main__ - ERROR - Detection loop error: '_thread._local' object has no attribute 'srcdc'
2026-05-17 12:53:37,011 - __main__ - ERROR - Detection loop error: '_thread._local' object has no attribute 'srcdc'
2026-05-17 12:53:37,011 - __main__ - INFO - Found Fortnite window at (0, 0, 1920, 1080)
2026-05-17 12:53:37,179 - __main__ - ERROR - Detection loop error: '_thread._local' object has no attribute 'srcdc'
2026-05-17 12:53:37,447 - __main__ - INFO - Found Fortnite window at (0, 0, 1920, 1080)
2026-05-17 12:53:37,880 - __main__ - ERROR - Detection loop error: '_thread._local' object has no attribute 'srcdc'
2026-05-17 12:53:37,880 - __main__ - INFO - Found Fortnite window at (0, 0, 1920, 1080)
2026-05-17 12:53:38,323 - __main__ - INFO - Found Fortnite window at (0, 0, 1920, 1080)
2026-05-17 12:53:38,323 - __main__ - ERROR - Detection loop error: '_thread._local' object has no attribute 'srcdc'
2026-05-17 12:53:38,554 - __main__ - ERROR - Detection loop error: '_thread._local' object has no attribute 'srcdc'
2026-05-17 12:53:38,758 - __main__ - INFO - Found Fortnite window at (0, 0, 1920, 1080)
2026-05-17 12:53:39,198 - __main__ - INFO - Found Fortnite window at (0, 0, 1920, 1080)
2026-05-17 12:53:39,199 - __main__ - ERROR - Detection loop error: '_thread._local' object has no attribute 'srcdc'
2026-05-17 12:53:39,631 - __main__ - ERROR - Detection loop error: '_thread._local' object has no attribute 'srcdc'
2026-05-17 12:53:39,631 - __main__ - INFO - Found Fortnite window at (0, 0, 1920, 1080)
2026-05-17 12:53:40,071 - __main__ - ERROR - Detection loop error: '_thread._local' object has no attribute 'srcdc'
2026-05-17 12:53:40,071 - __main__ - INFO - Found Fortnite window at (0, 0, 1920, 1080)
2026-05-17 12:53:40,074 - __main__ - INFO - Snap preset changed to: Instant
2026-05-17 12:53:40,473 - __main__ - ERROR - Detection loop error: '_thread._local' object has no attribute 'srcdc'
2026-05-17 12:53:40,502 - __main__ - INFO - Found Fortnite window at (0, 0, 1920, 1080)
2026-05-17 12:53:40,937 - __main__ - INFO - Found Fortnite window at (0, 0, 1920, 1080)
2026-05-17 12:53:40,937 - __main__ - ERROR - Detection loop error: '_thread._local' object has no attribute 'srcdc'
2026-05-17 12:53:41,380 - __main__ - ERROR - Detection loop error: '_thread._local' object has no attribute 'srcdc'
2026-05-17 12:53:41,380 - __main__ - INFO - Found Fortnite window at (0, 0, 1920, 1080)
2026-05-17 12:53:41,816 - __main__ - ERROR - Detection loop error: '_thread._local' object has no attribute 'srcdc'
2026-05-17 12:53:41,816 - __main__ - INFO - Found Fortnite window at (0, 0, 1920, 1080)
2026-05-17 12:53:42,265 - __main__ - ERROR - Detection loop error: '_thread._local' object has no attribute 'srcdc'
2026-05-17 12:53:42,265 - __main__ - INFO - Found Fortnite window at (0, 0, 1920, 1080)
2026-05-17 12:53:42,698 - __main__ - ERROR - Detection loop error: '_thread._local' object has no attribute 'srcdc'
2026-05-17 12:53:42,698 - __main__ - INFO - Found Fortnite window at (0, 0, 1920, 1080)
2026-05-17 12:53:42,854 - __main__ - ERROR - Detection loop error: '_thread._local' object has no attribute 'srcdc'
2026-05-17 12:53:43,140 - __main__ - INFO - Found Fortnite window at (0, 0, 1920, 1080)
2026-05-17 12:53:43,264 - __main__ - ERROR - Detection loop error: '_thread._local' object has no attribute 'srcdc'
2026-05-17 12:53:43,554 - __main__ - ERROR - Detection loop error: '_thread._local' object has no attribute 'srcdc'
2026-05-17 12:53:43,841 - __main__ - ERROR - Detection loop error: '_thread._local' object has no attribute 'srcdc'
2026-05-17 12:53:43,841 - __main__ - INFO - Found Fortnite window at (0, 0, 1920, 1080)
2026-05-17 12:53:43,983 - __main__ - ERROR - Detection loop error: '_thread._local' object has no attribute 'srcdc'
2026-05-17 12:53:44,250 - __main__ - ERROR - Detection loop error: '_thread._local' object has no attribute 'srcdc'
2026-05-17 12:53:44,474 - __main__ - ERROR - Detection loop error: '_thread._local' object has no attribute 'srcdc'
2026-05-17 12:53:44,612 - __main__ - INFO - Found Fortnite window at (0, 0, 1920, 1080)
2026-05-17 12:53:44,832 - __main__ - ERROR - Detection loop error: '_thread._local' object has no attribute 'srcdc'
2026-05-17 12:53:45,097 - __main__ - ERROR - Detection loop error: '_thread._local' object has no attribute 'srcdc'
2026-05-17 12:53:45,356 - __main__ - ERROR - Detection loop error: '_thread._local' object has no attribute 'srcdc'
2026-05-17 12:53:45,356 - __main__ - INFO - Found Fortnite window at (0, 0, 1920, 1080)
2026-05-17 12:53:45,622 - __main__ - ERROR - Detection loop error: '_thread._local' object has no attribute 'srcdc'
2026-05-17 12:53:46,043 - __main__ - ERROR - Detection loop error: '_thread._local' object has no attribute 'srcdc'
2026-05-17 12:53:46,043 - __main__ - INFO - Found Fortnite window at (0, 0, 1920, 1080)
2026-05-17 12:53:46,314 - __main__ - ERROR - Detection loop error: '_thread._local' object has no attribute 'srcdc'
2026-05-17 12:53:46,591 - __main__ - ERROR - Detection loop error: '_thread._local' object has no attribute 'srcdc'
2026-05-17 12:53:46,792 - __main__ - ERROR - Detection loop error: '_thread._local' object has no attribute 'srcdc'
2026-05-17 12:53:46,792 - __main__ - INFO - Found Fortnite window at (0, 0, 1920, 1080)
2026-05-17 12:53:47,046 - __main__ - ERROR - Detection loop error: '_thread._local' object has no attribute 'srcdc'
2026-05-17 12:53:47,423 - __main__ - ERROR - Detection loop error: '_thread._local' object has no attribute 'srcdc'
2026-05-17 12:53:47,645 - __main__ - INFO - Found Fortnite window at (0, 0, 1920, 1080)
2026-05-17 12:53:47,696 - __main__ - ERROR - Detection loop error: '_thread._local' object has no attribute 'srcdc'
2026-05-17 12:53:47,941 - __main__ - ERROR - Detection loop error: '_thread._local' object has no attribute 'srcdc'
2026-05-17 12:53:48,184 - __main__ - ERROR - Detection loop error: '_thread._local' object has no attribute 'srcdc'
2026-05-17 12:53:48,434 - __main__ - ERROR - Detection loop error: '_thread._local' object has no attribute 'srcdc'
2026-05-17 12:53:48,553 - __main__ - INFO - Found Fortnite window at (0, 0, 1920, 1080)
2026-05-17 12:53:48,684 - __main__ - ERROR - Detection loop error: '_thread._local' object has no attribute 'srcdc'
2026-05-17 12:53:49,275 - __main__ - ERROR - Detection loop error: '_thread._local' object has no attribute 'srcdc'
2026-05-17 12:53:49,432 - __main__ - INFO - Found Fortnite window at (0, 0, 1920, 1080)
2026-05-17 12:53:49,675 - __main__ - ERROR - Detection loop error: '_thread._local' object has no attribute 'srcdc'
2026-05-17 12:53:49,930 - __main__ - ERROR - Detection loop error: '_thread._local' object has no attribute 'srcdc'
2026-05-17 12:53:50,224 - __main__ - ERROR - Detection loop error: '_thread._local' object has no attribute 'srcdc'
2026-05-17 12:53:50,224 - __main__ - INFO - Found Fortnite window at (0, 0, 1920, 1080)
2026-05-17 12:53:50,386 - __main__ - ERROR - Detection loop error: '_thread._local' object has no attribute 'srcdc'
2026-05-17 12:53:50,678 - __main__ - ERROR - Detection loop error: '_thread._local' object has no attribute 'srcdc'
2026-05-17 12:53:50,896 - __main__ - ERROR - Detection loop error: '_thread._local' object has no attribute 'srcdc'
2026-05-17 12:53:51,174 - __main__ - ERROR - Detection loop error: '_thread._local' object has no attribute 'srcdc'
2026-05-17 12:53:51,174 - __main__ - INFO - Found Fortnite window at (0, 0, 1920, 1080)
2026-05-17 12:53:51,427 - __main__ - ERROR - Detection loop error: '_thread._local' object has no attribute 'srcdc'
2026-05-17 12:53:51,588 - __main__ - ERROR - Detection loop error: '_thread._local' object has no attribute 'srcdc'
2026-05-17 12:53:51,956 - __main__ - ERROR - Detection loop error: '_thread._local' object has no attribute 'srcdc'
2026-05-17 12:53:52,001 - __main__ - INFO - Found Fortnite window at (0, 0, 1920, 1080)
2026-05-17 12:53:52,111 - __main__ - ERROR - Detection loop error: '_thread._local' object has no attribute 'srcdc'
2026-05-17 12:53:52,372 - __main__ - ERROR - Detection loop error: '_thread._local' object has no attribute 'srcdc'
2026-05-17 12:53:52,699 - __main__ - ERROR - Detection loop error: '_thread._local' object has no attribute 'srcdc'
2026-05-17 12:53:52,857 - __main__ - INFO - Found Fortnite window at (0, 0, 1920, 1080)
2026-05-17 12:53:52,982 - __main__ - ERROR - Detection loop error: '_thread._local' object has no attribute 'srcdc'
2026-05-17 12:53:53,172 - __main__ - ERROR - Detection loop error: '_thread._local' object has no attribute 'srcdc'
2026-05-17 12:53:53,542 - __main__ - ERROR - Detection loop error: '_thread._local' object has no attribute 'srcdc'
2026-05-17 12:53:53,622 - __main__ - INFO - Found Fortnite window at (0, 0, 1920, 1080)
2026-05-17 12:53:53,889 - __main__ - ERROR - Detection loop error: '_thread._local' object has no attribute 'srcdc'
2026-05-17 12:53:54,176 - __main__ - ERROR - Detection loop error: '_thread._local' object has no attribute 'srcdc'
2026-05-17 12:53:54,354 - __main__ - ERROR - Detection loop error: '_thread._local' object has no attribute 'srcdc'
2026-05-17 12:53:54,477 - __main__ - INFO - Found Fortnite window at (0, 0, 1920, 1080)
2026-05-17 12:53:54,603 - __main__ - ERROR - Detection loop error: '_thread._local' object has no attribute 'srcdc'
2026-05-17 12:53:55,026 - __main__ - ERROR - Detection loop error: '_thread._local' object has no attribute 'srcdc'
2026-05-17 12:53:55,275 - __main__ - ERROR - Detection loop error: '_thread._local' object has no attribute 'srcdc'
2026-05-17 12:53:55,275 - __main__ - INFO - Found Fortnite window at (0, 0, 1920, 1080)
2026-05-17 12:53:55,509 - __main__ - ERROR - Detection loop error: '_thread._local' object has no attribute 'srcdc'
2026-05-17 12:53:55,704 - __main__ - ERROR - Detection loop error: '_thread._local' object has no attribute 'srcdc'
2026-05-17 12:53:55,924 - __main__ - ERROR - Detection loop error: '_thread._local' object has no attribute 'srcdc'
2026-05-17 12:53:56,058 - __main__ - INFO - Found Fortnite window at (0, 0, 1920, 1080)
2026-05-17 12:53:56,351 - __main__ - ERROR - Detection loop error: '_thread._local' object has no attribute 'srcdc'
2026-05-17 12:53:56,574 - __main__ - ERROR - Detection loop error: '_thread._local' object has no attribute 'srcdc'
2026-05-17 12:53:56,779 - __main__ - ERROR - Detection loop error: '_thread._local' object has no attribute 'srcdc'
2026-05-17 12:53:56,910 - __main__ - INFO - Found Fortnite window at (0, 0, 1920, 1080)
2026-05-17 12:53:57,105 - __main__ - ERROR - Detection loop error: '_thread._local' object has no attribute 'srcdc'
2026-05-17 12:53:57,539 - __main__ - ERROR - Detection loop error: '_thread._local' object has no attribute 'srcdc'
2026-05-17 12:53:57,808 - __main__ - ERROR - Detection loop error: '_thread._local' object has no attribute 'srcdc'
2026-05-17 12:53:57,808 - __main__ - INFO - Found Fortnite window at (0, 0, 1920, 1080)
2026-05-17 12:53:57,980 - __main__ - ERROR - Detection loop error: '_thread._local' object has no attribute 'srcdc'
2026-05-17 12:53:58,232 - __main__ - ERROR - Detection loop error: '_thread._local' object has no attribute 'srcdc'
2026-05-17 12:53:58,385 - __main__ - ERROR - Detection loop error: '_thread._local' object has no attribute 'srcdc'
2026-05-17 12:53:58,619 - __main__ - ERROR - Detection loop error: '_thread._local' object has no attribute 'srcdc'
2026-05-17 12:53:58,686 - __main__ - INFO - Found Fortnite window at (0, 0, 1920, 1080)
2026-05-17 12:53:58,807 - __main__ - ERROR - Detection loop error: '_thread._local' object has no attribute 'srcdc'
2026-05-17 12:53:58,992 - __main__ - ERROR - Detection loop error: '_thread._local' object has no attribute 'srcdc'
2026-05-17 12:53:59,292 - __main__ - ERROR - Detection loop error: '_thread._local' object has no attribute 'srcdc'
2026-05-17 12:53:59,595 - __main__ - INFO - Found Fortnite window at (0, 0, 1920, 1080)
2026-05-17 12:53:59,951 - __main__ - ERROR - Detection loop error: '_thread._local' object has no attribute 'srcdc'
2026-05-17 12:54:00,224 - __main__ - ERROR - Detection loop error: '_thread._local' object has no attribute 'srcdc'
2026-05-17 12:54:00,388 - __main__ - INFO - Found Fortnite window at (0, 0, 1920, 1080)
2026-05-17 12:54:00,508 - __main__ - ERROR - Detection loop error: '_thread._local' object has no attribute 'srcdc'
2026-05-17 12:54:00,838 - __main__ - ERROR - Detection loop error: '_thread._local' object has no attribute 'srcdc'
2026-05-17 12:54:01,014 - __main__ - ERROR - Detection loop error: '_thread._local' object has no attribute 'srcdc'
2026-05-17 12:54:01,189 - __main__ - INFO - Found Fortnite window at (0, 0, 1920, 1080)
2026-05-17 12:54:01,239 - __main__ - ERROR - Detection loop error: '_thread._local' object has no attribute 'srcdc'
2026-05-17 12:54:01,380 - __main__ - ERROR - Detection loop error: '_thread._local' object has no attribute 'srcdc'
2026-05-17 12:54:01,717 - __main__ - ERROR - Detection loop error: '_thread._local' object has no attribute 'srcdc'
2026-05-17 12:54:02,036 - __main__ - INFO - Found Fortnite window at (0, 0, 1920, 1080)
2026-05-17 12:54:02,196 - __main__ - ERROR - Detection loop error: '_thread._local' object has no attribute 'srcdc'
2026-05-17 12:54:02,485 - __main__ - ERROR - Detection loop error: '_thread._local' object has no attribute 'srcdc'
2026-05-17 12:54:02,675 - __main__ - ERROR - Detection loop error: '_thread._local' object has no attribute 'srcdc'
2026-05-17 12:54:02,836 - __main__ - INFO - Found Fortnite window at (0, 0, 1920, 1080)
2026-05-17 12:54:02,928 - __main__ - ERROR - Detection loop error: '_thread._local' object has no attribute 'srcdc'
2026-05-17 12:54:03,073 - __main__ - ERROR - Detection loop error: '_thread._local' object has no attribute 'srcdc'
2026-05-17 12:54:03,284 - __main__ - ERROR - Detection loop error: '_thread._local' object has no attribute 'srcdc'
2026-05-17 12:54:03,647 - __main__ - ERROR - Detection loop error: '_thread._local' object has no attribute 'srcdc'
2026-05-17 12:54:03,746 - __main__ - INFO - Found Fortnite window at (0, 0, 1920, 1080)
2026-05-17 12:54:03,898 - __main__ - ERROR - Detection loop error: '_thread._local' object has no attribute 'srcdc'
2026-05-17 12:54:04,274 - __main__ - ERROR - Detection loop error: '_thread._local' object has no attribute 'srcdc'
2026-05-17 12:54:04,575 - __main__ - ERROR - Detection loop error: '_thread._local' object has no attribute 'srcdc'
2026-05-17 12:54:04,575 - __main__ - INFO - Found Fortnite window at (0, 0, 1920, 1080)
2026-05-17 12:54:04,680 - __main__ - ERROR - Detection loop error: '_thread._local' object has no attribute 'srcdc'
2026-05-17 12:54:04,853 - __main__ - ERROR - Detection loop error: '_thread._local' object has no attribute 'srcdc'
2026-05-17 12:54:05,136 - __main__ - ERROR - Detection loop error: '_thread._local' object has no attribute 'srcdc'
2026-05-17 12:54:05,468 - __main__ - ERROR - Detection loop error: '_thread._local' object has no attribute 'srcdc'
2026-05-17 12:54:05,468 - __main__ - INFO - Found Fortnite window at (0, 0, 1920, 1080)
2026-05-17 12:54:05,597 - __main__ - ERROR - Detection loop error: '_thread._local' object has no attribute 'srcdc'
2026-05-17 12:54:06,081 - __main__ - ERROR - Detection loop error: '_thread._local' object has no attribute 'srcdc'
2026-05-17 12:54:06,357 - __main__ - INFO - Found Fortnite window at (0, 0, 1920, 1080)
2026-05-17 12:54:06,424 - __main__ - ERROR - Detection loop error: '_thread._local' object has no attribute 'srcdc'
2026-05-17 12:54:06,592 - __main__ - ERROR - Detection loop error: '_thread._local' object has no attribute 'srcdc'
2026-05-17 12:54:06,908 - __main__ - ERROR - Detection loop error: '_thread._local' object has no attribute 'srcdc'
2026-05-17 12:54:07,172 - __main__ - ERROR - Detection loop error: '_thread._local' object has no attribute 'srcdc'
2026-05-17 12:54:07,246 - __main__ - INFO - Found Fortnite window at (0, 0, 1920, 1080)
2026-05-17 12:54:07,413 - __main__ - ERROR - Detection loop error: '_thread._local' object has no attribute 'srcdc'
2026-05-17 12:54:07,588 - __main__ - ERROR - Detection loop error: '_thread._local' object has no attribute 'srcdc'
2026-05-17 12:54:07,801 - __main__ - ERROR - Detection loop error: '_thread._local' object has no attribute 'srcdc'
2026-05-17 12:54:08,032 - __main__ - ERROR - Detection loop error: '_thread._local' object has no attribute 'srcdc'
2026-05-17 12:54:08,161 - __main__ - INFO - Found Fortnite window at (0, 0, 1920, 1080)
2026-05-17 12:54:08,270 - __main__ - ERROR - Detection loop error: '_thread._local' object has no attribute 'srcdc'
2026-05-17 12:54:08,486 - __main__ - ERROR - Detection loop error: '_thread._local' object has no attribute 'srcdc'
2026-05-17 12:54:08,920 - __main__ - ERROR - Detection loop error: '_thread._local' object has no attribute 'srcdc'
2026-05-17 12:54:08,981 - __main__ - INFO - Found Fortnite window at (0, 0, 1920, 1080)
2026-05-17 12:54:09,139 - __main__ - ERROR - Detection loop error: '_thread._local' object has no attribute 'srcdc'
2026-05-17 12:54:09,644 - __main__ - ERROR - Detection loop error: '_thread._local' object has no attribute 'srcdc'
2026-05-17 12:54:09,855 - __main__ - INFO - Found Fortnite window at (0, 0, 1920, 1080)
2026-05-17 12:54:09,860 - __main__ - ERROR - Detection loop error: '_thread._local' object has no attribute 'srcdc'
2026-05-17 12:54:09,985 - __main__ - ERROR - Detection loop error: '_thread._local' object has no attribute 'srcdc'
2026-05-17 12:54:10,222 - __main__ - ERROR - Detection loop error: '_thread._local' object has no attribute 'srcdc'
2026-05-17 12:54:10,701 - __main__ - ERROR - Detection loop error: '_thread._local' object has no attribute 'srcdc'
2026-05-17 12:54:10,740 - __main__ - INFO - Found Fortnite window at (0, 0, 1920, 1080)
2026-05-17 12:54:10,941 - __main__ - ERROR - Detection loop error: '_thread._local' object has no attribute 'srcdc'
2026-05-17 12:54:11,206 - __main__ - ERROR - Detection loop error: '_thread._local' object has no attribute 'srcdc'
2026-05-17 12:54:11,544 - __main__ - ERROR - Detection loop error: '_thread._local' object has no attribute 'srcdc'
2026-05-17 12:54:11,626 - __main__ - INFO - Found Fortnite window at (0, 0, 1920, 1080)
2026-05-17 12:54:11,803 - __main__ - ERROR - Detection loop error: '_thread._local' object has no attribute 'srcdc'
2026-05-17 12:54:12,217 - __main__ - ERROR - Detection loop error: '_thread._local' object has no attribute 'srcdc'
2026-05-17 12:54:12,361 - __main__ - ERROR - Detection loop error: '_thread._local' object has no attribute 'srcdc'
2026-05-17 12:54:12,499 - __main__ - INFO - Found Fortnite window at (0, 0, 1920, 1080)
2026-05-17 12:54:12,697 - __main__ - ERROR - Detection loop error: '_thread._local' object has no attribute 'srcdc'
2026-05-17 12:54:12,977 - __main__ - ERROR - Detection loop error: '_thread._local' object has no attribute 'srcdc'
2026-05-17 12:54:13,274 - __main__ - ERROR - Detection loop error: '_thread._local' object has no attribute 'srcdc'
2026-05-17 12:54:13,352 - __main__ - INFO - Found Fortnite window at (0, 0, 1920, 1080)
2026-05-17 12:54:13,482 - __main__ - ERROR - Detection loop error: '_thread._local' object has no attribute 'srcdc'
2026-05-17 12:54:13,928 - __main__ - ERROR - Detection loop error: '_thread._local' object has no attribute 'srcdc'
2026-05-17 12:54:14,270 - __main__ - ERROR - Detection loop error: '_thread._local' object has no attribute 'srcdc'
2026-05-17 12:54:14,300 - __main__ - INFO - Found Fortnite window at (0, 0, 1920, 1080)
2026-05-17 12:54:14,567 - __main__ - ERROR - Detection loop error: '_thread._local' object has no attribute 'srcdc'
2026-05-17 12:54:14,784 - __main__ - ERROR - Detection loop error: '_thread._local' object has no attribute 'srcdc'
2026-05-17 12:54:15,050 - __main__ - ERROR - Detection loop error: '_thread._local' object has no attribute 'srcdc'
2026-05-17 12:54:15,209 - __main__ - INFO - Found Fortnite window at (0, 0, 1920, 1080)
2026-05-17 12:54:15,437 - __main__ - ERROR - Detection loop error: '_thread._local' object has no attribute 'srcdc'
2026-05-17 12:54:15,605 - __main__ - ERROR - Detection loop error: '_thread._local' object has no attribute 'srcdc'
2026-05-17 12:54:16,057 - __main__ - INFO - Found Fortnite window at (0, 0, 1920, 1080)
2026-05-17 12:54:16,402 - __main__ - ERROR - Detection loop error: '_thread._local' object has no attribute 'srcdc'
2026-05-17 12:54:16,763 - __main__ - ERROR - Detection loop error: '_thread._local' object has no attribute 'srcdc'
2026-05-17 12:54:16,909 - __main__ - INFO - Found Fortnite window at (0, 0, 1920, 1080)
2026-05-17 12:54:17,069 - __main__ - ERROR - Detection loop error: '_thread._local' object has no attribute 'srcdc'
2026-05-17 12:54:17,512 - __main__ - ERROR - Detection loop error: '_thread._local' object has no attribute 'srcdc'
2026-05-17 12:54:17,777 - __main__ - INFO - Found Fortnite window at (0, 0, 1920, 1080)
2026-05-17 12:54:17,954 - __main__ - ERROR - Detection loop error: '_thread._local' object has no attribute 'srcdc'
2026-05-17 12:54:18,319 - __main__ - ERROR - Detection loop error: '_thread._local' object has no attribute 'srcdc'
2026-05-17 12:54:18,600 - __main__ - ERROR - Detection loop error: '_thread._local' object has no attribute 'srcdc'
2026-05-17 12:54:18,628 - __main__ - INFO - Found Fortnite window at (0, 0, 1920, 1080)
2026-05-17 12:54:18,833 - __main__ - ERROR - Detection loop error: '_thread._local' object has no attribute 'srcdc'
2026-05-17 12:54:19,099 - __main__ - ERROR - Detection loop error: '_thread._local' object has no attribute 'srcdc'
2026-05-17 12:54:19,365 - __main__ - ERROR - Detection loop error: '_thread._local' object has no attribute 'srcdc'
2026-05-17 12:54:19,491 - __main__ - INFO - Found Fortnite window at (0, 0, 1920, 1080)
2026-05-17 12:54:19,755 - __main__ - ERROR - Detection loop error: '_thread._local' object has no attribute 'srcdc'
2026-05-17 12:54:20,094 - __main__ - ERROR - Detection loop error: '_thread._local' object has no attribute 'srcdc'
2026-05-17 12:54:20,371 - __main__ - ERROR - Detection loop error: '_thread._local' object has no attribute 'srcdc'
2026-05-17 12:54:20,371 - __main__ - INFO - Found Fortnite window at (0, 0, 1920, 1080)
2026-05-17 12:54:20,536 - __main__ - ERROR - Detection loop error: '_thread._local' object has no attribute 'srcdc'
2026-05-17 12:54:20,741 - __main__ - ERROR - Detection loop error: '_thread._local' object has no attribute 'srcdc'
2026-05-17 12:54:21,017 - __main__ - ERROR - Detection loop error: '_thread._local' object has no attribute 'srcdc'
2026-05-17 12:54:21,325 - __main__ - ERROR - Detection loop error: '_thread._local' object has no attribute 'srcdc'
2026-05-17 12:54:21,325 - __main__ - INFO - Found Fortnite window at (0, 0, 1920, 1080)
2026-05-17 12:54:21,472 - __main__ - ERROR - Detection loop error: '_thread._local' object has no attribute 'srcdc'
2026-05-17 12:54:21,863 - __main__ - ERROR - Detection loop error: '_thread._local' object has no attribute 'srcdc'
2026-05-17 12:54:22,077 - __main__ - ERROR - Detection loop error: '_thread._local' object has no attribute 'srcdc'
2026-05-17 12:54:22,202 - __main__ - INFO - Found Fortnite window at (0, 0, 1920, 1080)
2026-05-17 12:54:22,390 - __main__ - ERROR - Detection loop error: '_thread._local' object has no attribute 'srcdc'
2026-05-17 12:54:22,912 - __main__ - ERROR - Detection loop error: '_thread._local' object has no attribute 'srcdc'
2026-05-17 12:54:23,079 - __main__ - INFO - Found Fortnite window at (0, 0, 1920, 1080)
2026-05-17 12:54:23,108 - __main__ - ERROR - Detection loop error: '_thread._local' object has no attribute 'srcdc'
2026-05-17 12:54:23,420 - __main__ - ERROR - Detection loop error: '_thread._local' object has no attribute 'srcdc'
2026-05-17 12:54:23,753 - __main__ - ERROR - Detection loop error: '_thread._local' object has no attribute 'srcdc'
2026-05-17 12:54:23,881 - __main__ - INFO - Found Fortnite window at (0, 0, 1920, 1080)
2026-05-17 12:54:23,902 - __main__ - ERROR - Detection loop error: '_thread._local' object has no attribute 'srcdc'
2026-05-17 12:54:24,028 - __main__ - ERROR - Detection loop error: '_thread._local' object has no attribute 'srcdc'
2026-05-17 12:54:24,287 - __main__ - ERROR - Detection loop error: '_thread._local' object has no attribute 'srcdc'
2026-05-17 12:54:24,611 - __main__ - INFO - Found Fortnite window at (0, 0, 1920, 1080)
2026-05-17 12:54:24,748 - __main__ - ERROR - Detection loop error: '_thread._local' object has no attribute 'srcdc'
2026-05-17 12:54:24,967 - __main__ - ERROR - Detection loop error: '_thread._local' object has no attribute 'srcdc'
2026-05-17 12:54:25,163 - __main__ - ERROR - Detection loop error: '_thread._local' object has no attribute 'srcdc'
2026-05-17 12:54:25,363 - __main__ - ERROR - Detection loop error: '_thread._local' object has no attribute 'srcdc'
2026-05-17 12:54:25,363 - __main__ - INFO - Found Fortnite window at (0, 0, 1920, 1080)
2026-05-17 12:54:25,520 - __main__ - ERROR - Detection loop error: '_thread._local' object has no attribute 'srcdc'
2026-05-17 12:54:25,806 - __main__ - ERROR - Detection loop error: '_thread._local' object has no attribute 'srcdc'
2026-05-17 12:54:26,143 - __main__ - ERROR - Detection loop error: '_thread._local' object has no attribute 'srcdc'
2026-05-17 12:54:26,166 - __main__ - INFO - Found Fortnite window at (0, 0, 1920, 1080)
2026-05-17 12:54:26,359 - __main__ - ERROR - Detection loop error: '_thread._local' object has no attribute 'srcdc'
2026-05-17 12:54:26,641 - __main__ - ERROR - Detection loop error: '_thread._local' object has no attribute 'srcdc'
2026-05-17 12:54:26,896 - __main__ - ERROR - Detection loop error: '_thread._local' object has no attribute 'srcdc'
2026-05-17 12:54:26,905 - __main__ - INFO - Found Fortnite window at (0, 0, 1920, 1080)
2026-05-17 12:54:27,022 - __main__ - ERROR - Detection loop error: '_thread._local' object has no attribute 'srcdc'
2026-05-17 12:54:27,166 - __main__ - ERROR - Detection loop error: '_thread._local' object has no attribute 'srcdc'
2026-05-17 12:54:27,405 - __main__ - ERROR - Detection loop error: '_thread._local' object has no attribute 'srcdc'
2026-05-17 12:54:27,540 - __main__ - ERROR - Detection loop error: '_thread._local' object has no attribute 'srcdc'
2026-05-17 12:54:27,681 - __main__ - INFO - Found Fortnite window at (0, 0, 1920, 1080)
2026-05-17 12:54:27,768 - __main__ - ERROR - Detection loop error: '_thread._local' object has no attribute 'srcdc'
2026-05-17 12:54:27,945 - __main__ - ERROR - Detection loop error: '_thread._local' object has no attribute 'srcdc'
2026-05-17 12:54:28,481 - __main__ - ERROR - Detection loop error: '_thread._local' object has no attribute 'srcdc'
2026-05-17 12:54:28,481 - __main__ - INFO - Found Fortnite window at (0, 0, 1920, 1080)
2026-05-17 12:54:28,622 - __main__ - ERROR - Detection loop error: '_thread._local' object has no attribute 'srcdc'
2026-05-17 12:54:28,787 - __main__ - ERROR - Detection loop error: '_thread._local' object has no attribute 'srcdc'
2026-05-17 12:54:29,056 - __main__ - ERROR - Detection loop error: '_thread._local' object has no attribute 'srcdc'
2026-05-17 12:54:29,274 - __main__ - INFO - Found Fortnite window at (0, 0, 1920, 1080)
2026-05-17 12:54:29,289 - __main__ - ERROR - Detection loop error: '_thread._local' object has no attribute 'srcdc'
2026-05-17 12:54:29,515 - __main__ - ERROR - Detection loop error: '_thread._local' object has no attribute 'srcdc'
2026-05-17 12:54:29,888 - __main__ - ERROR - Detection loop error: '_thread._local' object has no attribute 'srcdc'
2026-05-17 12:54:30,171 - __main__ - ERROR - Detection loop error: '_thread._local' object has no attribute 'srcdc'
2026-05-17 12:54:30,171 - __main__ - INFO - Found Fortnite window at (0, 0, 1920, 1080)
2026-05-17 12:54:30,324 - __main__ - ERROR - Detection loop error: '_thread._local' object has no attribute 'srcdc'
2026-05-17 12:54:30,668 - __main__ - ERROR - Detection loop error: '_thread._local' object has no attribute 'srcdc'
2026-05-17 12:54:30,894 - __main__ - ERROR - Detection loop error: '_thread._local' object has no attribute 'srcdc'
2026-05-17 12:54:31,059 - __main__ - INFO - Found Fortnite window at (0, 0, 1920, 1080)
2026-05-17 12:54:31,063 - __main__ - ERROR - Detection loop error: '_thread._local' object has no attribute 'srcdc'
2026-05-17 12:54:31,253 - __main__ - ERROR - Detection loop error: '_thread._local' object has no attribute 'srcdc'
2026-05-17 12:54:31,497 - __main__ - ERROR - Detection loop error: '_thread._local' object has no attribute 'srcdc'
2026-05-17 12:54:31,764 - __main__ - ERROR - Detection loop error: '_thread._local' object has no attribute 'srcdc'
2026-05-17 12:54:31,969 - __main__ - ERROR - Detection loop error: '_thread._local' object has no attribute 'srcdc'
2026-05-17 12:54:31,969 - __main__ - INFO - Found Fortnite window at (0, 0, 1920, 1080)
2026-05-17 12:54:32,089 - __main__ - ERROR - Detection loop error: '_thread._local' object has no attribute 'srcdc'
2026-05-17 12:54:32,322 - __main__ - ERROR - Detection loop error: '_thread._local' object has no attribute 'srcdc'
2026-05-17 12:54:32,735 - __main__ - ERROR - Detection loop error: '_thread._local' object has no attribute 'srcdc'
2026-05-17 12:54:32,801 - __main__ - INFO - Found Fortnite window at (0, 0, 1920, 1080)
2026-05-17 12:54:32,965 - __main__ - ERROR - Detection loop error: '_thread._local' object has no attribute 'srcdc'
2026-05-17 12:54:33,303 - __main__ - ERROR - Detection loop error: '_thread._local' object has no attribute 'srcdc'
2026-05-17 12:54:33,647 - __main__ - ERROR - Detection loop error: '_thread._local' object has no attribute 'srcdc'
2026-05-17 12:54:33,716 - __main__ - INFO - Found Fortnite window at (0, 0, 1920, 1080)
2026-05-17 12:54:33,829 - __main__ - ERROR - Detection loop error: '_thread._local' object has no attribute 'srcdc'
2026-05-17 12:54:34,458 - __main__ - ERROR - Detection loop error: '_thread._local' object has no attribute 'srcdc'
2026-05-17 12:54:34,616 - __main__ - INFO - Found Fortnite window at (0, 0, 1920, 1080)
2026-05-17 12:54:34,629 - __main__ - ERROR - Detection loop error: '_thread._local' object has no attribute 'srcdc'
2026-05-17 12:54:34,756 - __main__ - ERROR - Detection loop error: '_thread._local' object has no attribute 'srcdc'
2026-05-17 12:54:34,958 - __main__ - ERROR - Detection loop error: '_thread._local' object has no attribute 'srcdc'
2026-05-17 12:54:35,205 - __main__ - ERROR - Detection loop error: '_thread._local' object has no attribute 'srcdc'
2026-05-17 12:54:35,420 - __main__ - INFO - Found Fortnite window at (0, 0, 1920, 1080)
2026-05-17 12:54:35,565 - __main__ - ERROR - Detection loop error: '_thread._local' object has no attribute 'srcdc'
2026-05-17 12:54:36,109 - __main__ - ERROR - Detection loop error: '_thread._local' object has no attribute 'srcdc'
2026-05-17 12:54:36,311 - __main__ - INFO - Found Fortnite window at (0, 0, 1920, 1080)
2026-05-17 12:54:36,344 - __main__ - ERROR - Detection loop error: '_thread._local' object has no attribute 'srcdc'
2026-05-17 12:54:36,468 - __main__ - ERROR - Detection loop error: '_thread._local' object has no attribute 'srcdc'
2026-05-17 12:54:36,658 - __main__ - ERROR - Detection loop error: '_thread._local' object has no attribute 'srcdc'
2026-05-17 12:54:36,881 - __main__ - ERROR - Detection loop error: '_thread._local' object has no attribute 'srcdc'
2026-05-17 12:54:37,155 - __main__ - ERROR - Detection loop error: '_thread._local' object has no attribute 'srcdc'
2026-05-17 12:54:37,201 - __main__ - INFO - Found Fortnite window at (0, 0, 1920, 1080)
2026-05-17 12:54:37,351 - __main__ - ERROR - Detection loop error: '_thread._local' object has no attribute 'srcdc'
2026-05-17 12:54:37,723 - __main__ - ERROR - Detection loop error: '_thread._local' object has no attribute 'srcdc'
2026-05-17 12:54:37,947 - __main__ - ERROR - Detection loop error: '_thread._local' object has no attribute 'srcdc'
2026-05-17 12:54:38,011 - __main__ - INFO - Found Fortnite window at (0, 0, 1920, 1080)
2026-05-17 12:54:38,094 - __main__ - ERROR - Detection loop error: '_thread._local' object has no attribute 'srcdc'
2026-05-17 12:54:38,310 - __main__ - ERROR - Detection loop error: '_thread._local' object has no attribute 'srcdc'
2026-05-17 12:54:38,523 - __main__ - ERROR - Detection loop error: '_thread._local' object has no attribute 'srcdc'
2026-05-17 12:54:38,732 - __main__ - ERROR - Detection loop error: '_thread._local' object has no attribute 'srcdc'
2026-05-17 12:54:38,839 - __main__ - INFO - Found Fortnite window at (0, 0, 1920, 1080)
2026-05-17 12:54:38,893 - __main__ - ERROR - Detection loop error: '_thread._local' object has no attribute 'srcdc'
2026-05-17 12:54:39,051 - __main__ - ERROR - Detection loop error: '_thread._local' object has no attribute 'srcdc'
2026-05-17 12:54:39,303 - __main__ - ERROR - Detection loop error: '_thread._local' object has no attribute 'srcdc'
2026-05-17 12:54:39,605 - __main__ - ERROR - Detection loop error: '_thread._local' object has no attribute 'srcdc'
2026-05-17 12:54:39,758 - __main__ - INFO - Found Fortnite window at (0, 0, 1920, 1080)
2026-05-17 12:54:39,966 - __main__ - ERROR - Detection loop error: '_thread._local' object has no attribute 'srcdc'
2026-05-17 12:54:40,181 - __main__ - ERROR - Detection loop error: '_thread._local' object has no attribute 'srcdc'
2026-05-17 12:54:40,574 - __main__ - ERROR - Detection loop error: '_thread._local' object has no attribute 'srcdc'
2026-05-17 12:54:40,629 - __main__ - INFO - Found Fortnite window at (0, 0, 1920, 1080)
2026-05-17 12:54:40,778 - __main__ - ERROR - Detection loop error: '_thread._local' object has no attribute 'srcdc'
2026-05-17 12:54:41,010 - __main__ - ERROR - Detection loop error: '_thread._local' object has no attribute 'srcdc'
2026-05-17 12:54:41,425 - __main__ - INFO - Found Fortnite window at (0, 0, 1920, 1080)
2026-05-17 12:54:41,438 - __main__ - ERROR - Detection loop error: '_thread._local' object has no attribute 'srcdc'
2026-05-17 12:54:41,571 - __main__ - ERROR - Detection loop error: '_thread._local' object has no attribute 'srcdc'
2026-05-17 12:54:41,764 - __main__ - ERROR - Detection loop error: '_thread._local' object has no attribute 'srcdc'
2026-05-17 12:54:42,048 - __main__ - ERROR - Detection loop error: '_thread._local' object has no attribute 'srcdc'
2026-05-17 12:54:42,205 - __main__ - ERROR - Detection loop error: '_thread._local' object has no attribute 'srcdc'
2026-05-17 12:54:42,235 - __main__ - INFO - Found Fortnite window at (0, 0, 1920, 1080)
2026-05-17 12:54:42,483 - __main__ - ERROR - Detection loop error: '_thread._local' object has no attribute 'srcdc'
2026-05-17 12:54:42,767 - __main__ - ERROR - Detection loop error: '_thread._local' object has no attribute 'srcdc'
2026-05-17 12:54:42,937 - __main__ - ERROR - Detection loop error: '_thread._local' object has no attribute 'srcdc'
2026-05-17 12:54:43,086 - __main__ - INFO - Found Fortnite window at (0, 0, 1920, 1080)
2026-05-17 12:54:43,156 - __main__ - ERROR - Detection loop error: '_thread._local' object has no attribute 'srcdc'
2026-05-17 12:54:43,388 - __main__ - ERROR - Detection loop error: '_thread._local' object has no attribute 'srcdc'
2026-05-17 12:54:43,825 - __main__ - ERROR - Detection loop error: '_thread._local' object has no attribute 'srcdc'
2026-05-17 12:54:43,929 - __main__ - INFO - Found Fortnite window at (0, 0, 1920, 1080)
2026-05-17 12:54:44,066 - __main__ - ERROR - Detection loop error: '_thread._local' object has no attribute 'srcdc'
2026-05-17 12:54:44,205 - __main__ - ERROR - Detection loop error: '_thread._local' object has no attribute 'srcdc'
2026-05-17 12:54:44,419 - __main__ - ERROR - Detection loop error: '_thread._local' object has no attribute 'srcdc'
2026-05-17 12:54:44,607 - __main__ - ERROR - Detection loop error: '_thread._local' object has no attribute 'srcdc'
2026-05-17 12:54:44,768 - __main__ - INFO - Found Fortnite window at (0, 0, 1920, 1080)
2026-05-17 12:54:44,825 - __main__ - ERROR - Detection loop error: '_thread._local' object has no attribute 'srcdc'
2026-05-17 12:54:45,026 - __main__ - ERROR - Detection loop error: '_thread._local' object has no attribute 'srcdc'
2026-05-17 12:54:45,361 - __main__ - ERROR - Detection loop error: '_thread._local' object has no attribute 'srcdc'
2026-05-17 12:54:45,516 - __main__ - ERROR - Detection loop error: '_thread._local' object has no attribute 'srcdc'
2026-05-17 12:54:45,516 - __main__ - INFO - Found Fortnite window at (0, 0, 1920, 1080)
2026-05-17 12:54:45,702 - __main__ - ERROR - Detection loop error: '_thread._local' object has no attribute 'srcdc'
2026-05-17 12:54:45,885 - __main__ - ERROR - Detection loop error: '_thread._local' object has no attribute 'srcdc'
2026-05-17 12:54:46,115 - __main__ - ERROR - Detection loop error: '_thread._local' object has no attribute 'srcdc'
2026-05-17 12:54:46,394 - __main__ - ERROR - Detection loop error: '_thread._local' object has no attribute 'srcdc'
2026-05-17 12:54:46,402 - __main__ - INFO - Found Fortnite window at (0, 0, 1920, 1080)
2026-05-17 12:54:46,570 - __main__ - ERROR - Detection loop error: '_thread._local' object has no attribute 'srcdc'
2026-05-17 12:54:46,896 - __main__ - ERROR - Detection loop error: '_thread._local' object has no attribute 'srcdc'
2026-05-17 12:54:47,244 - __main__ - ERROR - Detection loop error: '_thread._local' object has no attribute 'srcdc'
2026-05-17 12:54:47,264 - __main__ - INFO - Found Fortnite window at (0, 0, 1920, 1080)
2026-05-17 12:54:47,448 - __main__ - ERROR - Detection loop error: '_thread._local' object has no attribute 'srcdc'
2026-05-17 12:54:47,824 - __main__ - ERROR - Detection loop error: '_thread._local' object has no attribute 'srcdc'
2026-05-17 12:54:48,066 - __main__ - ERROR - Detection loop error: '_thread._local' object has no attribute 'srcdc'
2026-05-17 12:54:48,145 - __main__ - INFO - Found Fortnite window at (0, 0, 1920, 1080)
2026-05-17 12:54:48,280 - __main__ - ERROR - Detection loop error: '_thread._local' object has no attribute 'srcdc'
2026-05-17 12:54:48,552 - __main__ - ERROR - Detection loop error: '_thread._local' object has no attribute 'srcdc'
2026-05-17 12:54:48,840 - __main__ - ERROR - Detection loop error: '_thread._local' object has no attribute 'srcdc'
2026-05-17 12:54:48,987 - __main__ - INFO - Found Fortnite window at (0, 0, 1920, 1080)
2026-05-17 12:54:49,118 - __main__ - ERROR - Detection loop error: '_thread._local' object has no attribute 'srcdc'
2026-05-17 12:54:49,449 - __main__ - ERROR - Detection loop error: '_thread._local' object has no attribute 'srcdc'
2026-05-17 12:54:49,749 - __main__ - ERROR - Detection loop error: '_thread._local' object has no attribute 'srcdc'
2026-05-17 12:54:49,842 - __main__ - INFO - Found Fortnite window at (0, 0, 1920, 1080)
2026-05-17 12:54:49,963 - __main__ - ERROR - Detection loop error: '_thread._local' object has no attribute 'srcdc'
2026-05-17 12:54:50,243 - __main__ - ERROR - Detection loop error: '_thread._local' object has no attribute 'srcdc'
2026-05-17 12:54:50,494 - __main__ - ERROR - Detection loop error: '_thread._local' object has no attribute 'srcdc'
2026-05-17 12:54:50,610 - __main__ - INFO - Found Fortnite window at (0, 0, 1920, 1080)
2026-05-17 12:54:50,662 - __main__ - ERROR - Detection loop error: '_thread._local' object has no attribute 'srcdc'
2026-05-17 12:54:50,915 - __main__ - ERROR - Detection loop error: '_thread._local' object has no attribute 'srcdc'
2026-05-17 12:54:51,208 - __main__ - ERROR - Detection loop error: '_thread._local' object has no attribute 'srcdc'
2026-05-17 12:54:51,373 - __main__ - INFO - Found Fortnite window at (0, 0, 1920, 1080)
2026-05-17 12:54:51,573 - __main__ - ERROR - Detection loop error: '_thread._local' object has no attribute 'srcdc'
2026-05-17 12:54:51,815 - __main__ - ERROR - Detection loop error: '_thread._local' object has no attribute 'srcdc'
2026-05-17 12:54:52,120 - __main__ - INFO - Found Fortnite window at (0, 0, 1920, 1080)
2026-05-17 12:54:52,141 - __main__ - ERROR - Detection loop error: '_thread._local' object has no attribute 'srcdc'
2026-05-17 12:54:52,408 - __main__ - ERROR - Detection loop error: '_thread._local' object has no attribute 'srcdc'
2026-05-17 12:54:52,689 - __main__ - ERROR - Detection loop error: '_thread._local' object has no attribute 'srcdc'
2026-05-17 12:54:52,927 - __main__ - ERROR - Detection loop error: '_thread._local' object has no attribute 'srcdc'
2026-05-17 12:54:52,927 - __main__ - INFO - Found Fortnite window at (0, 0, 1920, 1080)
2026-05-17 12:54:53,062 - __main__ - ERROR - Detection loop error: '_thread._local' object has no attribute 'srcdc'
2026-05-17 12:54:53,270 - __main__ - ERROR - Detection loop error: '_thread._local' object has no attribute 'srcdc'
2026-05-17 12:54:53,541 - __main__ - ERROR - Detection loop error: '_thread._local' object has no attribute 'srcdc'
2026-05-17 12:54:53,718 - __main__ - ERROR - Detection loop error: '_thread._local' object has no attribute 'srcdc'
2026-05-17 12:54:53,747 - __main__ - INFO - Found Fortnite window at (0, 0, 1920, 1080)
2026-05-17 12:54:53,904 - __main__ - ERROR - Detection loop error: '_thread._local' object has no attribute 'srcdc'
2026-05-17 12:54:54,131 - __main__ - ERROR - Detection loop error: '_thread._local' object has no attribute 'srcdc'
2026-05-17 12:54:54,347 - __main__ - ERROR - Detection loop error: '_thread._local' object has no attribute 'srcdc'
2026-05-17 12:54:54,503 - __main__ - ERROR - Detection loop error: '_thread._local' object has no attribute 'srcdc'
2026-05-17 12:54:54,620 - __main__ - INFO - Found Fortnite window at (0, 0, 1920, 1080)
2026-05-17 12:54:54,660 - __main__ - ERROR - Detection loop error: '_thread._local' object has no attribute 'srcdc'
2026-05-17 12:54:54,787 - __main__ - ERROR - Detection loop error: '_thread._local' object has no attribute 'srcdc'
2026-05-17 12:54:55,086 - __main__ - ERROR - Detection loop error: '_thread._local' object has no attribute 'srcdc'
2026-05-17 12:54:55,273 - __main__ - ERROR - Detection loop error: '_thread._local' object has no attribute 'srcdc'
2026-05-17 12:54:55,456 - __main__ - ERROR - Detection loop error: '_thread._local' object has no attribute 'srcdc'
2026-05-17 12:54:55,472 - __main__ - INFO - Found Fortnite window at (0, 0, 1920, 1080)
2026-05-17 12:54:55,629 - __main__ - ERROR - Detection loop error: '_thread._local' object has no attribute 'srcdc'
2026-05-17 12:54:56,101 - __main__ - ERROR - Detection loop error: '_thread._local' object has no attribute 'srcdc'
2026-05-17 12:54:56,328 - __main__ - ERROR - Detection loop error: '_thread._local' object has no attribute 'srcdc'
2026-05-17 12:54:56,328 - __main__ - INFO - Found Fortnite window at (0, 0, 1920, 1080)
2026-05-17 12:54:56,498 - __main__ - ERROR - Detection loop error: '_thread._local' object has no attribute 'srcdc'
2026-05-17 12:54:56,765 - __main__ - ERROR - Detection loop error: '_thread._local' object has no attribute 'srcdc'
2026-05-17 12:54:57,104 - __main__ - INFO - Found Fortnite window at (0, 0, 1920, 1080)
2026-05-17 12:54:57,418 - __main__ - ERROR - Detection loop error: '_thread._local' object has no attribute 'srcdc'
2026-05-17 12:54:57,755 - __main__ - ERROR - Detection loop error: '_thread._local' object has no attribute 'srcdc'
2026-05-17 12:54:57,879 - __main__ - INFO - Found Fortnite window at (0, 0, 1920, 1080)
2026-05-17 12:54:58,008 - __main__ - ERROR - Detection loop error: '_thread._local' object has no attribute 'srcdc'
2026-05-17 12:54:58,304 - __main__ - ERROR - Detection loop error: '_thread._local' object has no attribute 'srcdc'
2026-05-17 12:54:58,592 - __main__ - ERROR - Detection loop error: '_thread._local' object has no attribute 'srcdc'
2026-05-17 12:54:58,744 - __main__ - INFO - Found Fortnite window at (0, 0, 1920, 1080)
2026-05-17 12:54:58,857 - __main__ - ERROR - Detection loop error: '_thread._local' object has no attribute 'srcdc'
2026-05-17 12:54:59,279 - __main__ - ERROR - Detection loop error: '_thread._local' object has no attribute 'srcdc'
2026-05-17 12:54:59,454 - __main__ - ERROR - Detection loop error: '_thread._local' object has no attribute 'srcdc'
2026-05-17 12:54:59,460 - __main__ - INFO - Found Fortnite window at (0, 0, 1920, 1080)
2026-05-17 12:54:59,640 - __main__ - ERROR - Detection loop error: '_thread._local' object has no attribute 'srcdc'
2026-05-17 12:54:59,963 - __main__ - ERROR - Detection loop error: '_thread._local' object has no attribute 'srcdc'
2026-05-17 12:55:00,220 - __main__ - ERROR - Detection loop error: '_thread._local' object has no attribute 'srcdc'
2026-05-17 12:55:00,290 - __main__ - INFO - Found Fortnite window at (0, 0, 1920, 1080)
2026-05-17 12:55:00,453 - __main__ - ERROR - Detection loop error: '_thread._local' object has no attribute 'srcdc'
2026-05-17 12:55:00,707 - __main__ - ERROR - Detection loop error: '_thread._local' object has no attribute 'srcdc'
2026-05-17 12:55:00,939 - __main__ - ERROR - Detection loop error: '_thread._local' object has no attribute 'srcdc'
2026-05-17 12:55:01,164 - __main__ - INFO - Found Fortnite window at (0, 0, 1920, 1080)
2026-05-17 12:55:01,218 - __main__ - ERROR - Detection loop error: '_thread._local' object has no attribute 'srcdc'
2026-05-17 12:55:01,358 - __main__ - ERROR - Detection loop error: '_thread._local' object has no attribute 'srcdc'
2026-05-17 12:55:01,596 - __main__ - ERROR - Detection loop error: '_thread._local' object has no attribute 'srcdc'
2026-05-17 12:55:01,738 - __main__ - ERROR - Detection loop error: '_thread._local' object has no attribute 'srcdc'
2026-05-17 12:55:02,000 - __main__ - ERROR - Detection loop error: '_thread._local' object has no attribute 'srcdc'
2026-05-17 12:55:02,043 - __main__ - INFO - Found Fortnite window at (0, 0, 1920, 1080)
2026-05-17 12:55:02,182 - __main__ - ERROR - Detection loop error: '_thread._local' object has no attribute 'srcdc'
2026-05-17 12:55:02,356 - __main__ - ERROR - Detection loop error: '_thread._local' object has no attribute 'srcdc'
2026-05-17 12:55:02,684 - __main__ - ERROR - Detection loop error: '_thread._local' object has no attribute 'srcdc'
2026-05-17 12:55:02,822 - __main__ - ERROR - Detection loop error: '_thread._local' object has no attribute 'srcdc'
2026-05-17 12:55:02,915 - __main__ - INFO - Found Fortnite window at (0, 0, 1920, 1080)
2026-05-17 12:55:03,026 - __main__ - ERROR - Detection loop error: '_thread._local' object has no attribute 'srcdc'
2026-05-17 12:55:03,413 - __main__ - ERROR - Detection loop error: '_thread._local' object has no attribute 'srcdc'
2026-05-17 12:55:03,774 - __main__ - INFO - Found Fortnite window at (0, 0, 1920, 1080)
2026-05-17 12:55:03,866 - __main__ - ERROR - Detection loop error: '_thread._local' object has no attribute 'srcdc'
2026-05-17 12:55:03,978 - __main__ - ERROR - Detection loop error: '_thread._local' object has no attribute 'srcdc'
2026-05-17 12:55:04,149 - __main__ - ERROR - Detection loop error: '_thread._local' object has no attribute 'srcdc'
2026-05-17 12:55:04,340 - __main__ - ERROR - Detection loop error: '_thread._local' object has no attribute 'srcdc'
2026-05-17 12:55:04,537 - __main__ - ERROR - Detection loop error: '_thread._local' object has no attribute 'srcdc'
2026-05-17 12:55:04,709 - __main__ - INFO - Found Fortnite window at (0, 0, 1920, 1080)
2026-05-17 12:55:04,903 - __main__ - ERROR - Detection loop error: '_thread._local' object has no attribute 'srcdc'
2026-05-17 12:55:05,257 - __main__ - ERROR - Detection loop error: '_thread._local' object has no attribute 'srcdc'
2026-05-17 12:55:05,464 - __main__ - ERROR - Detection loop error: '_thread._local' object has no attribute 'srcdc'
2026-05-17 12:55:05,583 - __main__ - INFO - Found Fortnite window at (0, 0, 1920, 1080)
2026-05-17 12:55:05,701 - __main__ - ERROR - Detection loop error: '_thread._local' object has no attribute 'srcdc'
2026-05-17 12:55:06,131 - __main__ - ERROR - Detection loop error: '_thread._local' object has no attribute 'srcdc'
2026-05-17 12:55:06,281 - __main__ - ERROR - Detection loop error: '_thread._local' object has no attribute 'srcdc'
2026-05-17 12:55:06,466 - __main__ - INFO - Found Fortnite window at (0, 0, 1920, 1080)
2026-05-17 12:55:06,550 - __main__ - ERROR - Detection loop error: '_thread._local' object has no attribute 'srcdc'
2026-05-17 12:55:06,988 - __main__ - ERROR - Detection loop error: '_thread._local' object has no attribute 'srcdc'
2026-05-17 12:55:07,155 - __main__ - ERROR - Detection loop error: '_thread._local' object has no attribute 'srcdc'
2026-05-17 12:55:07,343 - __main__ - INFO - Found Fortnite window at (0, 0, 1920, 1080)
2026-05-17 12:55:07,357 - __main__ - ERROR - Detection loop error: '_thread._local' object has no attribute 'srcdc'
2026-05-17 12:55:07,483 - __main__ - ERROR - Detection loop error: '_thread._local' object has no attribute 'srcdc'
2026-05-17 12:55:07,696 - __main__ - ERROR - Detection loop error: '_thread._local' object has no attribute 'srcdc'
2026-05-17 12:55:07,950 - __main__ - ERROR - Detection loop error: '_thread._local' object has no attribute 'srcdc'
2026-05-17 12:55:08,192 - __main__ - INFO - Found Fortnite window at (0, 0, 1920, 1080)
2026-05-17 12:55:08,230 - __main__ - ERROR - Detection loop error: '_thread._local' object has no attribute 'srcdc'
2026-05-17 12:55:08,345 - __main__ - ERROR - Detection loop error: '_thread._local' object has no attribute 'srcdc'
2026-05-17 12:55:08,585 - __main__ - ERROR - Detection loop error: '_thread._local' object has no attribute 'srcdc'
2026-05-17 12:55:08,841 - __main__ - ERROR - Detection loop error: '_thread._local' object has no attribute 'srcdc'
2026-05-17 12:55:09,075 - __main__ - INFO - Found Fortnite window at (0, 0, 1920, 1080)
2026-05-17 12:55:09,226 - __main__ - ERROR - Detection loop error: '_thread._local' object has no attribute 'srcdc'
2026-05-17 12:55:09,483 - __main__ - ERROR - Detection loop error: '_thread._local' object has no attribute 'srcdc'
2026-05-17 12:55:09,667 - __main__ - ERROR - Detection loop error: '_thread._local' object has no attribute 'srcdc'
2026-05-17 12:55:09,846 - __main__ - ERROR - Detection loop error: '_thread._local' object has no attribute 'srcdc'
2026-05-17 12:55:10,007 - __main__ - INFO - Found Fortnite window at (0, 0, 1920, 1080)
2026-05-17 12:55:10,130 - __main__ - ERROR - Detection loop error: '_thread._local' object has no attribute 'srcdc'
2026-05-17 12:55:10,339 - __main__ - ERROR - Detection loop error: '_thread._local' object has no attribute 'srcdc'
2026-05-17 12:55:10,549 - __main__ - ERROR - Detection loop error: '_thread._local' object has no attribute 'srcdc'
2026-05-17 12:55:10,774 - __main__ - INFO - Found Fortnite window at (0, 0, 1920, 1080)
2026-05-17 12:55:10,835 - __main__ - ERROR - Detection loop error: '_thread._local' object has no attribute 'srcdc'
2026-05-17 12:55:11,075 - __main__ - ERROR - Detection loop error: '_thread._local' object has no attribute 'srcdc'
2026-05-17 12:55:11,579 - __main__ - ERROR - Detection loop error: '_thread._local' object has no attribute 'srcdc'
2026-05-17 12:55:11,602 - __main__ - INFO - Found Fortnite window at (0, 0, 1920, 1080)
2026-05-17 12:55:11,709 - __main__ - ERROR - Detection loop error: '_thread._local' object has no attribute 'srcdc'
2026-05-17 12:55:12,191 - __main__ - ERROR - Detection loop error: '_thread._local' object has no attribute 'srcdc'
2026-05-17 12:55:12,372 - __main__ - ERROR - Detection loop error: '_thread._local' object has no attribute 'srcdc'
2026-05-17 12:55:12,379 - __main__ - INFO - Found Fortnite window at (0, 0, 1920, 1080)
2026-05-17 12:55:12,660 - __main__ - ERROR - Detection loop error: '_thread._local' object has no attribute 'srcdc'
2026-05-17 12:55:13,119 - __main__ - ERROR - Detection loop error: '_thread._local' object has no attribute 'srcdc'
2026-05-17 12:55:13,141 - __main__ - INFO - Found Fortnite window at (0, 0, 1920, 1080)
2026-05-17 12:55:13,309 - __main__ - ERROR - Detection loop error: '_thread._local' object has no attribute 'srcdc'
2026-05-17 12:55:13,477 - __main__ - ERROR - Detection loop error: '_thread._local' object has no attribute 'srcdc'
2026-05-17 12:55:13,766 - __main__ - ERROR - Detection loop error: '_thread._local' object has no attribute 'srcdc'
2026-05-17 12:55:13,929 - __main__ - ERROR - Detection loop error: '_thread._local' object has no attribute 'srcdc'
2026-05-17 12:55:13,958 - __main__ - INFO - Found Fortnite window at (0, 0, 1920, 1080)
2026-05-17 12:55:14,060 - __main__ - ERROR - Detection loop error: '_thread._local' object has no attribute 'srcdc'
2026-05-17 12:55:14,175 - __main__ - ERROR - Detection loop error: '_thread._local' object has no attribute 'srcdc'
2026-05-17 12:55:14,812 - __main__ - ERROR - Detection loop error: '_thread._local' object has no attribute 'srcdc'
2026-05-17 12:55:14,812 - __main__ - INFO - Found Fortnite window at (0, 0, 1920, 1080)
2026-05-17 12:55:15,077 - __main__ - ERROR - Detection loop error: '_thread._local' object has no attribute 'srcdc'
2026-05-17 12:55:15,230 - __main__ - ERROR - Detection loop error: '_thread._local' object has no attribute 'srcdc'
2026-05-17 12:55:15,389 - __main__ - ERROR - Detection loop error: '_thread._local' object has no attribute 'srcdc'
2026-05-17 12:55:15,606 - __main__ - INFO - Found Fortnite window at (0, 0, 1920, 1080)
2026-05-17 12:55:15,752 - __main__ - ERROR - Detection loop error: '_thread._local' object has no attribute 'srcdc'
2026-05-17 12:55:16,074 - __main__ - ERROR - Detection loop error: '_thread._local' object has no attribute 'srcdc'
2026-05-17 12:55:16,433 - __main__ - ERROR - Detection loop error: '_thread._local' object has no attribute 'srcdc'
2026-05-17 12:55:16,461 - __main__ - INFO - Found Fortnite window at (0, 0, 1920, 1080)
2026-05-17 12:55:16,589 - __main__ - ERROR - Detection loop error: '_thread._local' object has no attribute 'srcdc'
2026-05-17 12:55:17,005 - __main__ - ERROR - Detection loop error: '_thread._local' object has no attribute 'srcdc'
2026-05-17 12:55:17,230 - __main__ - ERROR - Detection loop error: '_thread._local' object has no attribute 'srcdc'
2026-05-17 12:55:17,230 - __main__ - INFO - Found Fortnite window at (0, 0, 1920, 1080)
2026-05-17 12:55:17,355 - __main__ - ERROR - Detection loop error: '_thread._local' object has no attribute 'srcdc'
2026-05-17 12:55:17,756 - __main__ - ERROR - Detection loop error: '_thread._local' object has no attribute 'srcdc'
2026-05-17 12:55:17,948 - __main__ - INFO - Found Fortnite window at (0, 0, 1920, 1080)
2026-05-17 12:55:18,164 - __main__ - ERROR - Detection loop error: '_thread._local' object has no attribute 'srcdc'
2026-05-17 12:55:18,419 - __main__ - ERROR - Detection loop error: '_thread._local' object has no attribute 'srcdc'
2026-05-17 12:55:18,712 - __main__ - INFO - Found Fortnite window at (0, 0, 1920, 1080)
2026-05-17 12:55:18,842 - __main__ - ERROR - Detection loop error: '_thread._local' object has no attribute 'srcdc'
2026-05-17 12:55:19,320 - __main__ - ERROR - Detection loop error: '_thread._local' object has no attribute 'srcdc'
2026-05-17 12:55:19,478 - __main__ - INFO - Found Fortnite window at (0, 0, 1920, 1080)
2026-05-17 12:55:19,520 - __main__ - ERROR - Detection loop error: '_thread._local' object has no attribute 'srcdc'
2026-05-17 12:55:19,675 - __main__ - ERROR - Detection loop error: '_thread._local' object has no attribute 'srcdc'
2026-05-17 12:55:20,217 - __main__ - ERROR - Detection loop error: '_thread._local' object has no attribute 'srcdc'
2026-05-17 12:55:20,217 - __main__ - INFO - Found Fortnite window at (0, 0, 1920, 1080)
2026-05-17 12:55:20,351 - __main__ - ERROR - Detection loop error: '_thread._local' object has no attribute 'srcdc'
2026-05-17 12:55:20,582 - __main__ - ERROR - Detection loop error: '_thread._local' object has no attribute 'srcdc'
2026-05-17 12:55:20,787 - __main__ - ERROR - Detection loop error: '_thread._local' object has no attribute 'srcdc'
2026-05-17 12:55:20,969 - __main__ - INFO - Found Fortnite window at (0, 0, 1920, 1080)
2026-05-17 12:55:21,112 - __main__ - ERROR - Detection loop error: '_thread._local' object has no attribute 'srcdc'
2026-05-17 12:55:21,472 - __main__ - ERROR - Detection loop error: '_thread._local' object has no attribute 'srcdc'
2026-05-17 12:55:21,676 - __main__ - ERROR - Detection loop error: '_thread._local' object has no attribute 'srcdc'
2026-05-17 12:55:21,848 - __main__ - INFO - Found Fortnite window at (0, 0, 1920, 1080)
2026-05-17 12:55:21,908 - __main__ - ERROR - Detection loop error: '_thread._local' object has no attribute 'srcdc'
2026-05-17 12:55:22,065 - __main__ - ERROR - Detection loop error: '_thread._local' object has no attribute 'srcdc'
2026-05-17 12:55:22,272 - __main__ - ERROR - Detection loop error: '_thread._local' object has no attribute 'srcdc'
2026-05-17 12:55:22,407 - __main__ - ERROR - Detection loop error: '_thread._local' object has no attribute 'srcdc'
2026-05-17 12:55:22,670 - __main__ - ERROR - Detection loop error: '_thread._local' object has no attribute 'srcdc'
2026-05-17 12:55:22,772 - __main__ - INFO - Found Fortnite window at (0, 0, 1920, 1080)
2026-05-17 12:55:22,965 - __main__ - ERROR - Detection loop error: '_thread._local' object has no attribute 'srcdc'
2026-05-17 12:55:23,265 - __main__ - ERROR - Detection loop error: '_thread._local' object has no attribute 'srcdc'
2026-05-17 12:55:23,673 - __main__ - INFO - Found Fortnite window at (0, 0, 1920, 1080)
2026-05-17 12:55:23,757 - __main__ - ERROR - Detection loop error: '_thread._local' object has no attribute 'srcdc'
2026-05-17 12:55:24,197 - __main__ - ERROR - Detection loop error: '_thread._local' object has no attribute 'srcdc'
2026-05-17 12:55:24,459 - __main__ - ERROR - Detection loop error: '_thread._local' object has no attribute 'srcdc'
2026-05-17 12:55:24,554 - __main__ - INFO - Found Fortnite window at (0, 0, 1920, 1080)
2026-05-17 12:55:24,800 - __main__ - ERROR - Detection loop error: '_thread._local' object has no attribute 'srcdc'
2026-05-17 12:55:25,092 - __main__ - ERROR - Detection loop error: '_thread._local' object has no attribute 'srcdc'
2026-05-17 12:55:25,408 - __main__ - INFO - Found Fortnite window at (0, 0, 1920, 1080)
2026-05-17 12:55:25,632 - __main__ - ERROR - Detection loop error: '_thread._local' object has no attribute 'srcdc'
2026-05-17 12:55:25,815 - __main__ - ERROR - Detection loop error: '_thread._local' object has no attribute 'srcdc'
2026-05-17 12:55:26,204 - __main__ - ERROR - Detection loop error: '_thread._local' object has no attribute 'srcdc'
2026-05-17 12:55:26,309 - __main__ - INFO - Found Fortnite window at (0, 0, 1920, 1080)
2026-05-17 12:55:26,504 - __main__ - ERROR - Detection loop error: '_thread._local' object has no attribute 'srcdc'
2026-05-17 12:55:26,866 - __main__ - ERROR - Detection loop error: '_thread._local' object has no attribute 'srcdc'
2026-05-17 12:55:27,089 - __main__ - ERROR - Detection loop error: '_thread._local' object has no attribute 'srcdc'
2026-05-17 12:55:27,220 - __main__ - INFO - Found Fortnite window at (0, 0, 1920, 1080)
2026-05-17 12:55:27,396 - __main__ - ERROR - Detection loop error: '_thread._local' object has no attribute 'srcdc'
2026-05-17 12:55:27,754 - __main__ - ERROR - Detection loop error: '_thread._local' object has no attribute 'srcdc'
2026-05-17 12:55:28,021 - __main__ - ERROR - Detection loop error: '_thread._local' object has no attribute 'srcdc'
2026-05-17 12:55:28,169 - __main__ - INFO - Found Fortnite window at (0, 0, 1920, 1080)
2026-05-17 12:55:28,291 - __main__ - ERROR - Detection loop error: '_thread._local' object has no attribute 'srcdc'
2026-05-17 12:55:28,819 - __main__ - ERROR - Detection loop error: '_thread._local' object has no attribute 'srcdc'
2026-05-17 12:55:28,999 - __main__ - ERROR - Detection loop error: '_thread._local' object has no attribute 'srcdc'
2026-05-17 12:55:28,999 - __main__ - INFO - Found Fortnite window at (0, 0, 1920, 1080)
2026-05-17 12:55:29,177 - __main__ - ERROR - Detection loop error: '_thread._local' object has no attribute 'srcdc'
2026-05-17 12:55:29,395 - __main__ - ERROR - Detection loop error: '_thread._local' object has no attribute 'srcdc'
2026-05-17 12:55:29,800 - __main__ - ERROR - Detection loop error: '_thread._local' object has no attribute 'srcdc'
2026-05-17 12:55:29,842 - __main__ - INFO - Found Fortnite window at (0, 0, 1920, 1080)
2026-05-17 12:55:30,050 - __main__ - ERROR - Detection loop error: '_thread._local' object has no attribute 'srcdc'
2026-05-17 12:55:30,500 - __main__ - ERROR - Detection loop error: '_thread._local' object has no attribute 'srcdc'
2026-05-17 12:55:30,687 - __main__ - ERROR - Detection loop error: '_thread._local' object has no attribute 'srcdc'
2026-05-17 12:55:30,744 - __main__ - INFO - Found Fortnite window at (0, 0, 1920, 1080)
2026-05-17 12:55:30,926 - __main__ - ERROR - Detection loop error: '_thread._local' object has no attribute 'srcdc'
2026-05-17 12:55:31,203 - __main__ - ERROR - Detection loop error: '_thread._local' object has no attribute 'srcdc'
2026-05-17 12:55:31,655 - __main__ - ERROR - Detection loop error: '_thread._local' object has no attribute 'srcdc'
2026-05-17 12:55:31,682 - __main__ - INFO - Found Fortnite window at (0, 0, 1920, 1080)
2026-05-17 12:55:31,840 - __main__ - ERROR - Detection loop error: '_thread._local' object has no attribute 'srcdc'
2026-05-17 12:55:32,012 - __main__ - ERROR - Detection loop error: '_thread._local' object has no attribute 'srcdc'
2026-05-17 12:55:32,342 - __main__ - ERROR - Detection loop error: '_thread._local' object has no attribute 'srcdc'
2026-05-17 12:55:32,493 - __main__ - INFO - Found Fortnite window at (0, 0, 1920, 1080)
2026-05-17 12:55:32,639 - __main__ - ERROR - Detection loop error: '_thread._local' object has no attribute 'srcdc'
2026-05-17 12:55:33,104 - __main__ - ERROR - Detection loop error: '_thread._local' object has no attribute 'srcdc'
2026-05-17 12:55:33,370 - __main__ - ERROR - Detection loop error: '_thread._local' object has no attribute 'srcdc'
2026-05-17 12:55:33,370 - __main__ - INFO - Found Fortnite window at (0, 0, 1920, 1080)
2026-05-17 12:55:33,565 - __main__ - ERROR - Detection loop error: '_thread._local' object has no attribute 'srcdc'
2026-05-17 12:55:33,741 - __main__ - ERROR - Detection loop error: '_thread._local' object has no attribute 'srcdc'
2026-05-17 12:55:34,247 - __main__ - INFO - Found Fortnite window at (0, 0, 1920, 1080)
2026-05-17 12:55:34,247 - __main__ - ERROR - Detection loop error: '_thread._local' object has no attribute 'srcdc'
2026-05-17 12:55:34,362 - __main__ - ERROR - Detection loop error: '_thread._local' object has no attribute 'srcdc'
2026-05-17 12:55:34,658 - __main__ - ERROR - Detection loop error: '_thread._local' object has no attribute 'srcdc'
2026-05-17 12:55:34,827 - __main__ - ERROR - Detection loop error: '_thread._local' object has no attribute 'srcdc'
2026-05-17 12:55:35,073 - __main__ - INFO - Found Fortnite window at (0, 0, 1920, 1080)
2026-05-17 12:55:35,168 - __main__ - ERROR - Detection loop error: '_thread._local' object has no attribute 'srcdc'
2026-05-17 12:55:35,466 - __main__ - ERROR - Detection loop error: '_thread._local' object has no attribute 'srcdc'
2026-05-17 12:55:35,687 - __main__ - ERROR - Detection loop error: '_thread._local' object has no attribute 'srcdc'
2026-05-17 12:55:35,844 - __main__ - INFO - Found Fortnite window at (0, 0, 1920, 1080)
2026-05-17 12:55:36,025 - __main__ - ERROR - Detection loop error: '_thread._local' object has no attribute 'srcdc'
2026-05-17 12:55:36,368 - __main__ - ERROR - Detection loop error: '_thread._local' object has no attribute 'srcdc'
2026-05-17 12:55:36,639 - __main__ - ERROR - Detection loop error: '_thread._local' object has no attribute 'srcdc'
2026-05-17 12:55:36,639 - __main__ - INFO - Found Fortnite window at (0, 0, 1920, 1080)
2026-05-17 12:55:36,750 - __main__ - ERROR - Detection loop error: '_thread._local' object has no attribute 'srcdc'
2026-05-17 12:55:37,229 - __main__ - ERROR - Detection loop error: '_thread._local' object has no attribute 'srcdc'
2026-05-17 12:55:37,383 - __main__ - ERROR - Detection loop error: '_thread._local' object has no attribute 'srcdc'
2026-05-17 12:55:37,509 - __main__ - INFO - Found Fortnite window at (0, 0, 1920, 1080)
2026-05-17 12:55:37,578 - __main__ - ERROR - Detection loop error: '_thread._local' object has no attribute 'srcdc'
2026-05-17 12:55:37,769 - __main__ - ERROR - Detection loop error: '_thread._local' object has no attribute 'srcdc'
2026-05-17 12:55:38,077 - __main__ - ERROR - Detection loop error: '_thread._local' object has no attribute 'srcdc'
2026-05-17 12:55:38,415 - __main__ - ERROR - Detection loop error: '_thread._local' object has no attribute 'srcdc'
2026-05-17 12:55:38,415 - __main__ - INFO - Found Fortnite window at (0, 0, 1920, 1080)
2026-05-17 12:55:38,543 - __main__ - ERROR - Detection loop error: '_thread._local' object has no attribute 'srcdc'
2026-05-17 12:55:38,787 - __main__ - ERROR - Detection loop error: '_thread._local' object has no attribute 'srcdc'
2026-05-17 12:55:39,091 - __main__ - ERROR - Detection loop error: '_thread._local' object has no attribute 'srcdc'
2026-05-17 12:55:39,260 - __main__ - INFO - Found Fortnite window at (0, 0, 1920, 1080)
2026-05-17 12:55:39,338 - __main__ - ERROR - Detection loop error: '_thread._local' object has no attribute 'srcdc'
2026-05-17 12:55:39,482 - __main__ - ERROR - Detection loop error: '_thread._local' object has no attribute 'srcdc'
2026-05-17 12:55:39,994 - __main__ - ERROR - Detection loop error: '_thread._local' object has no attribute 'srcdc'
2026-05-17 12:55:40,064 - __main__ - INFO - Found Fortnite window at (0, 0, 1920, 1080)
2026-05-17 12:55:40,220 - __main__ - ERROR - Detection loop error: '_thread._local' object has no attribute 'srcdc'
2026-05-17 12:55:40,531 - __main__ - ERROR - Detection loop error: '_thread._local' object has no attribute 'srcdc'
2026-05-17 12:55:40,682 - __main__ - ERROR - Detection loop error: '_thread._local' object has no attribute 'srcdc'
2026-05-17 12:55:40,856 - __main__ - INFO - Found Fortnite window at (0, 0, 1920, 1080)
2026-05-17 12:55:41,070 - __main__ - ERROR - Detection loop error: '_thread._local' object has no attribute 'srcdc'
2026-05-17 12:55:41,227 - __main__ - ERROR - Detection loop error: '_thread._local' object has no attribute 'srcdc'
2026-05-17 12:55:41,646 - __main__ - INFO - Found Fortnite window at (0, 0, 1920, 1080)
2026-05-17 12:55:41,775 - __main__ - ERROR - Detection loop error: '_thread._local' object has no attribute 'srcdc'
2026-05-17 12:55:42,061 - __main__ - ERROR - Detection loop error: '_thread._local' object has no attribute 'srcdc'
2026-05-17 12:55:42,367 - __main__ - ERROR - Detection loop error: '_thread._local' object has no attribute 'srcdc'
2026-05-17 12:55:42,489 - __main__ - INFO - Found Fortnite window at (0, 0, 1920, 1080)
2026-05-17 12:55:42,525 - __main__ - ERROR - Detection loop error: '_thread._local' object has no attribute 'srcdc'
2026-05-17 12:55:42,713 - __main__ - ERROR - Detection loop error: '_thread._local' object has no attribute 'srcdc'
2026-05-17 12:55:43,202 - __main__ - ERROR - Detection loop error: '_thread._local' object has no attribute 'srcdc'
2026-05-17 12:55:43,360 - __main__ - INFO - Found Fortnite window at (0, 0, 1920, 1080)
2026-05-17 12:55:43,449 - __main__ - ERROR - Detection loop error: '_thread._local' object has no attribute 'srcdc'
2026-05-17 12:55:43,792 - __main__ - ERROR - Detection loop error: '_thread._local' object has no attribute 'srcdc'
2026-05-17 12:55:44,079 - __main__ - ERROR - Detection loop error: '_thread._local' object has no attribute 'srcdc'
2026-05-17 12:55:44,109 - __main__ - INFO - Found Fortnite window at (0, 0, 1920, 1080)
2026-05-17 12:55:44,379 - __main__ - ERROR - Detection loop error: '_thread._local' object has no attribute 'srcdc'
2026-05-17 12:55:44,574 - __main__ - ERROR - Detection loop error: '_thread._local' object has no attribute 'srcdc'
2026-05-17 12:55:44,808 - __main__ - ERROR - Detection loop error: '_thread._local' object has no attribute 'srcdc'
2026-05-17 12:55:44,909 - __main__ - INFO - Found Fortnite window at (0, 0, 1920, 1080)
2026-05-17 12:55:44,999 - __main__ - ERROR - Detection loop error: '_thread._local' object has no attribute 'srcdc'
2026-05-17 12:55:45,184 - __main__ - ERROR - Detection loop error: '_thread._local' object has no attribute 'srcdc'
2026-05-17 12:55:45,632 - __main__ - INFO - Found Fortnite window at (0, 0, 1920, 1080)
2026-05-17 12:55:45,648 - __main__ - ERROR - Detection loop error: '_thread._local' object has no attribute 'srcdc'
2026-05-17 12:55:46,046 - __main__ - ERROR - Detection loop error: '_thread._local' object has no attribute 'srcdc'
2026-05-17 12:55:46,221 - __main__ - ERROR - Detection loop error: '_thread._local' object has no attribute 'srcdc'
2026-05-17 12:55:46,453 - __main__ - ERROR - Detection loop error: '_thread._local' object has no attribute 'srcdc'
2026-05-17 12:55:46,457 - __main__ - INFO - Found Fortnite window at (0, 0, 1920, 1080)
2026-05-17 12:55:46,598 - __main__ - ERROR - Detection loop error: '_thread._local' object has no attribute 'srcdc'
2026-05-17 12:55:47,028 - __main__ - ERROR - Detection loop error: '_thread._local' object has no attribute 'srcdc'
2026-05-17 12:55:47,187 - __main__ - INFO - Found Fortnite window at (0, 0, 1920, 1080)
2026-05-17 12:55:47,209 - __main__ - ERROR - Detection loop error: '_thread._local' object has no attribute 'srcdc'
2026-05-17 12:55:47,334 - __main__ - ERROR - Detection loop error: '_thread._local' object has no attribute 'srcdc'
2026-05-17 12:55:47,722 - __main__ - ERROR - Detection loop error: '_thread._local' object has no attribute 'srcdc'
2026-05-17 12:55:47,940 - __main__ - ERROR - Detection loop error: '_thread._local' object has no attribute 'srcdc'
2026-05-17 12:55:48,011 - __main__ - INFO - Found Fortnite window at (0, 0, 1920, 1080)
2026-05-17 12:55:48,121 - __main__ - ERROR - Detection loop error: '_thread._local' object has no attribute 'srcdc'
2026-05-17 12:55:48,377 - __main__ - ERROR - Detection loop error: '_thread._local' object has no attribute 'srcdc'
2026-05-17 12:55:48,661 - __main__ - ERROR - Detection loop error: '_thread._local' object has no attribute 'srcdc'
2026-05-17 12:55:48,802 - __main__ - INFO - Found Fortnite window at (0, 0, 1920, 1080)
2026-05-17 12:55:48,828 - __main__ - ERROR - Detection loop error: '_thread._local' object has no attribute 'srcdc'
2026-05-17 12:55:48,953 - __main__ - ERROR - Detection loop error: '_thread._local' object has no attribute 'srcdc'
2026-05-17 12:55:49,144 - __main__ - ERROR - Detection loop error: '_thread._local' object has no attribute 'srcdc'
2026-05-17 12:55:49,435 - __main__ - ERROR - Detection loop error: '_thread._local' object has no attribute 'srcdc'
2026-05-17 12:55:49,714 - __main__ - ERROR - Detection loop error: '_thread._local' object has no attribute 'srcdc'
2026-05-17 12:55:49,714 - __main__ - INFO - Found Fortnite window at (0, 0, 1920, 1080)
2026-05-17 12:55:49,913 - __main__ - ERROR - Detection loop error: '_thread._local' object has no attribute 'srcdc'
2026-05-17 12:55:50,057 - __main__ - ERROR - Detection loop error: '_thread._local' object has no attribute 'srcdc'
2026-05-17 12:55:50,465 - __main__ - ERROR - Detection loop error: '_thread._local' object has no attribute 'srcdc'
2026-05-17 12:55:50,523 - __main__ - INFO - Found Fortnite window at (0, 0, 1920, 1080)
2026-05-17 12:55:50,651 - __main__ - ERROR - Detection loop error: '_thread._local' object has no attribute 'srcdc'
2026-05-17 12:55:50,873 - __main__ - ERROR - Detection loop error: '_thread._local' object has no attribute 'srcdc'
2026-05-17 12:55:51,310 - __main__ - ERROR - Detection loop error: '_thread._local' object has no attribute 'srcdc'
2026-05-17 12:55:51,310 - __main__ - INFO - Found Fortnite window at (0, 0, 1920, 1080)
2026-05-17 12:55:51,412 - __main__ - ERROR - Detection loop error: '_thread._local' object has no attribute 'srcdc'
2026-05-17 12:55:51,682 - __main__ - ERROR - Detection loop error: '_thread._local' object has no attribute 'srcdc'
2026-05-17 12:55:52,073 - __main__ - ERROR - Detection loop error: '_thread._local' object has no attribute 'srcdc'
2026-05-17 12:55:52,077 - __main__ - INFO - Found Fortnite window at (0, 0, 1920, 1080)
2026-05-17 12:55:52,252 - __main__ - ERROR - Detection loop error: '_thread._local' object has no attribute 'srcdc'
2026-05-17 12:55:52,550 - __main__ - ERROR - Detection loop error: '_thread._local' object has no attribute 'srcdc'
2026-05-17 12:55:52,794 - __main__ - ERROR - Detection loop error: '_thread._local' object has no attribute 'srcdc'
2026-05-17 12:55:52,795 - __main__ - INFO - Found Fortnite window at (0, 0, 1920, 1080)
2026-05-17 12:55:53,011 - __main__ - ERROR - Detection loop error: '_thread._local' object has no attribute 'srcdc'
2026-05-17 12:55:53,588 - __main__ - ERROR - Detection loop error: '_thread._local' object has no attribute 'srcdc'
2026-05-17 12:55:53,588 - __main__ - INFO - Found Fortnite window at (0, 0, 1920, 1080)
2026-05-17 12:55:53,699 - __main__ - ERROR - Detection loop error: '_thread._local' object has no attribute 'srcdc'
2026-05-17 12:55:53,839 - __main__ - ERROR - Detection loop error: '_thread._local' object has no attribute 'srcdc'
2026-05-17 12:55:54,194 - __main__ - ERROR - Detection loop error: '_thread._local' object has no attribute 'srcdc'
2026-05-17 12:55:54,382 - __main__ - INFO - Found Fortnite window at (0, 0, 1920, 1080)
2026-05-17 12:55:54,528 - __main__ - ERROR - Detection loop error: '_thread._local' object has no attribute 'srcdc'
2026-05-17 12:55:55,027 - __main__ - ERROR - Detection loop error: '_thread._local' object has no attribute 'srcdc'
2026-05-17 12:55:55,115 - __main__ - INFO - Found Fortnite window at (0, 0, 1920, 1080)
2026-05-17 12:55:55,285 - __main__ - ERROR - Detection loop error: '_thread._local' object has no attribute 'srcdc'
2026-05-17 12:55:55,541 - __main__ - ERROR - Detection loop error: '_thread._local' object has no attribute 'srcdc'
2026-05-17 12:55:55,821 - __main__ - ERROR - Detection loop error: '_thread._local' object has no attribute 'srcdc'
2026-05-17 12:55:55,891 - __main__ - INFO - Found Fortnite window at (0, 0, 1920, 1080)
2026-05-17 12:55:56,044 - __main__ - ERROR - Detection loop error: '_thread._local' object has no attribute 'srcdc'
2026-05-17 12:55:56,268 - __main__ - ERROR - Detection loop error: '_thread._local' object has no attribute 'srcdc'
2026-05-17 12:55:56,477 - __main__ - ERROR - Detection loop error: '_thread._local' object has no attribute 'srcdc'
2026-05-17 12:55:56,676 - __main__ - INFO - Found Fortnite window at (0, 0, 1920, 1080)
2026-05-17 12:55:56,967 - __main__ - ERROR - Detection loop error: '_thread._local' object has no attribute 'srcdc'
2026-05-17 12:55:57,324 - __main__ - ERROR - Detection loop error: '_thread._local' object has no attribute 'srcdc'
2026-05-17 12:55:57,413 - __main__ - INFO - Found Fortnite window at (0, 0, 1920, 1080)
2026-05-17 12:55:57,579 - __main__ - ERROR - Detection loop error: '_thread._local' object has no attribute 'srcdc'
2026-05-17 12:55:58,027 - __main__ - ERROR - Detection loop error: '_thread._local' object has no attribute 'srcdc'
2026-05-17 12:55:58,140 - __main__ - INFO - Found Fortnite window at (0, 0, 1920, 1080)
2026-05-17 12:55:58,283 - __main__ - ERROR - Detection loop error: '_thread._local' object has no attribute 'srcdc'
2026-05-17 12:55:58,590 - __main__ - ERROR - Detection loop error: '_thread._local' object has no attribute 'srcdc'
2026-05-17 12:55:58,868 - __main__ - ERROR - Detection loop error: '_thread._local' object has no attribute 'srcdc'
2026-05-17 12:55:58,965 - __main__ - INFO - Found Fortnite window at (0, 0, 1920, 1080)
2026-05-17 12:55:59,091 - __main__ - ERROR - Detection loop error: '_thread._local' object has no attribute 'srcdc'
2026-05-17 12:55:59,352 - __main__ - ERROR - Detection loop error: '_thread._local' object has no attribute 'srcdc'
2026-05-17 12:55:59,665 - __main__ - ERROR - Detection loop error: '_thread._local' object has no attribute 'srcdc'
2026-05-17 12:55:59,802 - __main__ - INFO - Found Fortnite window at (0, 0, 1920, 1080)
2026-05-17 12:55:59,932 - __main__ - ERROR - Detection loop error: '_thread._local' object has no attribute 'srcdc'
2026-05-17 12:56:00,390 - __main__ - ERROR - Detection loop error: '_thread._local' object has no attribute 'srcdc'
2026-05-17 12:56:00,678 - __main__ - ERROR - Detection loop error: '_thread._local' object has no attribute 'srcdc'
2026-05-17 12:56:00,678 - __main__ - INFO - Found Fortnite window at (0, 0, 1920, 1080)
2026-05-17 12:56:00,828 - __main__ - ERROR - Detection loop error: '_thread._local' object has no attribute 'srcdc'
2026-05-17 12:56:01,117 - __main__ - ERROR - Detection loop error: '_thread._local' object has no attribute 'srcdc'
2026-05-17 12:56:01,471 - __main__ - ERROR - Detection loop error: '_thread._local' object has no attribute 'srcdc'
2026-05-17 12:56:01,519 - __main__ - INFO - Found Fortnite window at (0, 0, 1920, 1080)
2026-05-17 12:56:01,647 - __main__ - ERROR - Detection loop error: '_thread._local' object has no attribute 'srcdc'
2026-05-17 12:56:01,935 - __main__ - ERROR - Detection loop error: '_thread._local' object has no attribute 'srcdc'
2026-05-17 12:56:02,111 - __main__ - ERROR - Detection loop error: '_thread._local' object has no attribute 'srcdc'
2026-05-17 12:56:02,303 - __main__ - ERROR - Detection loop error: '_thread._local' object has no attribute 'srcdc'
2026-05-17 12:56:02,407 - __main__ - INFO - Found Fortnite window at (0, 0, 1920, 1080)
2026-05-17 12:56:02,607 - __main__ - ERROR - Detection loop error: '_thread._local' object has no attribute 'srcdc'
2026-05-17 12:56:02,959 - __main__ - ERROR - Detection loop error: '_thread._local' object has no attribute 'srcdc'
2026-05-17 12:56:03,120 - __main__ - ERROR - Detection loop error: '_thread._local' object has no attribute 'srcdc'
2026-05-17 12:56:03,120 - __main__ - INFO - Found Fortnite window at (0, 0, 1920, 1080)
2026-05-17 12:56:03,362 - __main__ - ERROR - Detection loop error: '_thread._local' object has no attribute 'srcdc'
2026-05-17 12:56:03,555 - __main__ - ERROR - Detection loop error: '_thread._local' object has no attribute 'srcdc'
2026-05-17 12:56:03,760 - __main__ - ERROR - Detection loop error: '_thread._local' object has no attribute 'srcdc'
2026-05-17 12:56:03,852 - __main__ - INFO - Found Fortnite window at (0, 0, 1920, 1080)
2026-05-17 12:56:03,937 - __main__ - ERROR - Detection loop error: '_thread._local' object has no attribute 'srcdc'
2026-05-17 12:56:04,214 - __main__ - ERROR - Detection loop error: '_thread._local' object has no attribute 'srcdc'
2026-05-17 12:56:04,625 - __main__ - ERROR - Detection loop error: '_thread._local' object has no attribute 'srcdc'
2026-05-17 12:56:04,625 - __main__ - INFO - Found Fortnite window at (0, 0, 1920, 1080)
2026-05-17 12:56:04,855 - __main__ - ERROR - Detection loop error: '_thread._local' object has no attribute 'srcdc'
2026-05-17 12:56:05,370 - __main__ - INFO - Found Fortnite window at (0, 0, 1920, 1080)
2026-05-17 12:56:05,408 - __main__ - ERROR - Detection loop error: '_thread._local' object has no attribute 'srcdc'
2026-05-17 12:56:05,581 - __main__ - ERROR - Detection loop error: '_thread._local' object has no attribute 'srcdc'
2026-05-17 12:56:05,876 - __main__ - ERROR - Detection loop error: '_thread._local' object has no attribute 'srcdc'
2026-05-17 12:56:06,276 - __main__ - ERROR - Detection loop error: '_thread._local' object has no attribute 'srcdc'
2026-05-17 12:56:06,276 - __main__ - INFO - Found Fortnite window at (0, 0, 1920, 1080)
2026-05-17 12:56:06,393 - __main__ - ERROR - Detection loop error: '_thread._local' object has no attribute 'srcdc'
2026-05-17 12:56:06,672 - __main__ - ERROR - Detection loop error: '_thread._local' object has no attribute 'srcdc'
2026-05-17 12:56:06,847 - __main__ - ERROR - Detection loop error: '_thread._local' object has no attribute 'srcdc'
2026-05-17 12:56:07,031 - __main__ - ERROR - Detection loop error: '_thread._local' object has no attribute 'srcdc'
2026-05-17 12:56:07,213 - __main__ - ERROR - Detection loop error: '_thread._local' object has no attribute 'srcdc'
2026-05-17 12:56:07,214 - __main__ - INFO - Found Fortnite window at (0, 0, 1920, 1080)
2026-05-17 12:56:07,392 - __main__ - ERROR - Detection loop error: '_thread._local' object has no attribute 'srcdc'
2026-05-17 12:56:07,689 - __main__ - ERROR - Detection loop error: '_thread._local' object has no attribute 'srcdc'
2026-05-17 12:56:08,004 - __main__ - ERROR - Detection loop error: '_thread._local' object has no attribute 'srcdc'
2026-05-17 12:56:08,035 - __main__ - INFO - Found Fortnite window at (0, 0, 1920, 1080)
2026-05-17 12:56:08,141 - __main__ - ERROR - Detection loop error: '_thread._local' object has no attribute 'srcdc'
2026-05-17 12:56:08,371 - __main__ - ERROR - Detection loop error: '_thread._local' object has no attribute 'srcdc'
2026-05-17 12:56:08,795 - __main__ - ERROR - Detection loop error: '_thread._local' object has no attribute 'srcdc'
2026-05-17 12:56:08,871 - __main__ - INFO - Found Fortnite window at (0, 0, 1920, 1080)
2026-05-17 12:56:08,975 - __main__ - ERROR - Detection loop error: '_thread._local' object has no attribute 'srcdc'
2026-05-17 12:56:09,188 - __main__ - ERROR - Detection loop error: '_thread._local' object has no attribute 'srcdc'
2026-05-17 12:56:09,465 - __main__ - ERROR - Detection loop error: '_thread._local' object has no attribute 'srcdc'
2026-05-17 12:56:09,597 - __main__ - INFO - Found Fortnite window at (0, 0, 1920, 1080)
2026-05-17 12:56:09,829 - __main__ - ERROR - Detection loop error: '_thread._local' object has no attribute 'srcdc'
2026-05-17 12:56:10,248 - __main__ - ERROR - Detection loop error: '_thread._local' object has no attribute 'srcdc'
2026-05-17 12:56:10,321 - __main__ - INFO - Found Fortnite window at (0, 0, 1920, 1080)
2026-05-17 12:56:10,448 - __main__ - ERROR - Detection loop error: '_thread._local' object has no attribute 'srcdc'
2026-05-17 12:56:10,944 - __main__ - ERROR - Detection loop error: '_thread._local' object has no attribute 'srcdc'
2026-05-17 12:56:11,155 - __main__ - ERROR - Detection loop error: '_thread._local' object has no attribute 'srcdc'
2026-05-17 12:56:11,156 - __main__ - INFO - Found Fortnite window at (0, 0, 1920, 1080)
2026-05-17 12:56:11,275 - __main__ - ERROR - Detection loop error: '_thread._local' object has no attribute 'srcdc'
2026-05-17 12:56:11,527 - __main__ - ERROR - Detection loop error: '_thread._local' object has no attribute 'srcdc'
2026-05-17 12:56:11,999 - __main__ - ERROR - Detection loop error: '_thread._local' object has no attribute 'srcdc'
2026-05-17 12:56:11,999 - __main__ - INFO - Found Fortnite window at (0, 0, 1920, 1080)
2026-05-17 12:56:12,152 - __main__ - ERROR - Detection loop error: '_thread._local' object has no attribute 'srcdc'
2026-05-17 12:56:12,774 - __main__ - ERROR - Detection loop error: '_thread._local' object has no attribute 'srcdc'
2026-05-17 12:56:12,823 - __main__ - INFO - Found Fortnite window at (0, 0, 1920, 1080)
2026-05-17 12:56:12,931 - __main__ - ERROR - Detection loop error: '_thread._local' object has no attribute 'srcdc'
2026-05-17 12:56:13,089 - __main__ - ERROR - Detection loop error: '_thread._local' object has no attribute 'srcdc'
2026-05-17 12:56:13,416 - __main__ - ERROR - Detection loop error: '_thread._local' object has no attribute 'srcdc'
2026-05-17 12:56:13,690 - __main__ - ERROR - Detection loop error: '_thread._local' object has no attribute 'srcdc'
2026-05-17 12:56:13,690 - __main__ - INFO - Found Fortnite window at (0, 0, 1920, 1080)
2026-05-17 12:56:13,867 - __main__ - ERROR - Detection loop error: '_thread._local' object has no attribute 'srcdc'
2026-05-17 12:56:14,248 - __main__ - ERROR - Detection loop error: '_thread._local' object has no attribute 'srcdc'
2026-05-17 12:56:14,416 - __main__ - ERROR - Detection loop error: '_thread._local' object has no attribute 'srcdc'
2026-05-17 12:56:14,427 - __main__ - INFO - Found Fortnite window at (0, 0, 1920, 1080)
2026-05-17 12:56:14,556 - __main__ - ERROR - Detection loop error: '_thread._local' object has no attribute 'srcdc'
2026-05-17 12:56:14,781 - __main__ - ERROR - Detection loop error: '_thread._local' object has no attribute 'srcdc'
2026-05-17 12:56:15,160 - __main__ - INFO - Found Fortnite window at (0, 0, 1920, 1080)
2026-05-17 12:56:15,389 - __main__ - ERROR - Detection loop error: '_thread._local' object has no attribute 'srcdc'
2026-05-17 12:56:15,600 - __main__ - ERROR - Detection loop error: '_thread._local' object has no attribute 'srcdc'
2026-05-17 12:56:15,931 - __main__ - ERROR - Detection loop error: '_thread._local' object has no attribute 'srcdc'
2026-05-17 12:56:15,931 - __main__ - INFO - Found Fortnite window at (0, 0, 1920, 1080)
2026-05-17 12:56:16,059 - __main__ - ERROR - Detection loop error: '_thread._local' object has no attribute 'srcdc'
2026-05-17 12:56:16,346 - __main__ - ERROR - Detection loop error: '_thread._local' object has no attribute 'srcdc'
2026-05-17 12:56:16,630 - __main__ - ERROR - Detection loop error: '_thread._local' object has no attribute 'srcdc'
2026-05-17 12:56:16,793 - __main__ - INFO - Found Fortnite window at (0, 0, 1920, 1080)
2026-05-17 12:56:16,811 - __main__ - ERROR - Detection loop error: '_thread._local' object has no attribute 'srcdc'
2026-05-17 12:56:16,937 - __main__ - ERROR - Detection loop error: '_thread._local' object has no attribute 'srcdc'
2026-05-17 12:56:17,125 - __main__ - ERROR - Detection loop error: '_thread._local' object has no attribute 'srcdc'
2026-05-17 12:56:17,495 - __main__ - ERROR - Detection loop error: '_thread._local' object has no attribute 'srcdc'
2026-05-17 12:56:17,726 - __main__ - ERROR - Detection loop error: '_thread._local' object has no attribute 'srcdc'
2026-05-17 12:56:17,726 - __main__ - INFO - Found Fortnite window at (0, 0, 1920, 1080)
2026-05-17 12:56:17,988 - __main__ - ERROR - Detection loop error: '_thread._local' object has no attribute 'srcdc'
2026-05-17 12:56:18,215 - __main__ - ERROR - Detection loop error: '_thread._local' object has no attribute 'srcdc'
2026-05-17 12:56:18,473 - __main__ - ERROR - Detection loop error: '_thread._local' object has no attribute 'srcdc'
2026-05-17 12:56:18,541 - __main__ - INFO - Found Fortnite window at (0, 0, 1920, 1080)
2026-05-17 12:56:18,676 - __main__ - ERROR - Detection loop error: '_thread._local' object has no attribute 'srcdc'
2026-05-17 12:56:18,957 - __main__ - ERROR - Detection loop error: '_thread._local' object has no attribute 'srcdc'
2026-05-17 12:56:19,133 - __main__ - ERROR - Detection loop error: '_thread._local' object has no attribute 'srcdc'
2026-05-17 12:56:19,397 - __main__ - ERROR - Detection loop error: '_thread._local' object has no attribute 'srcdc'
2026-05-17 12:56:19,486 - __main__ - INFO - Found Fortnite window at (0, 0, 1920, 1080)
2026-05-17 12:56:19,545 - __main__ - ERROR - Detection loop error: '_thread._local' object has no attribute 'srcdc'
2026-05-17 12:56:19,836 - __main__ - ERROR - Detection loop error: '_thread._local' object has no attribute 'srcdc'
2026-05-17 12:56:20,189 - __main__ - INFO - Found Fortnite window at (0, 0, 1920, 1080)
2026-05-17 12:56:20,334 - __main__ - ERROR - Detection loop error: '_thread._local' object has no attribute 'srcdc'
2026-05-17 12:56:20,723 - __main__ - ERROR - Detection loop error: '_thread._local' object has no attribute 'srcdc'
2026-05-17 12:56:20,969 - __main__ - INFO - Found Fortnite window at (0, 0, 1920, 1080)
2026-05-17 12:56:20,985 - __main__ - ERROR - Detection loop error: '_thread._local' object has no attribute 'srcdc'
2026-05-17 12:56:21,253 - __main__ - ERROR - Detection loop error: '_thread._local' object has no attribute 'srcdc'
2026-05-17 12:56:21,768 - __main__ - ERROR - Detection loop error: '_thread._local' object has no attribute 'srcdc'
2026-05-17 12:56:21,847 - __main__ - INFO - Found Fortnite window at (0, 0, 1920, 1080)
2026-05-17 12:56:22,010 - __main__ - ERROR - Detection loop error: '_thread._local' object has no attribute 'srcdc'
2026-05-17 12:56:22,418 - __main__ - ERROR - Detection loop error: '_thread._local' object has no attribute 'srcdc'
2026-05-17 12:56:22,624 - __main__ - ERROR - Detection loop error: '_thread._local' object has no attribute 'srcdc'
2026-05-17 12:56:22,694 - __main__ - INFO - Found Fortnite window at (0, 0, 1920, 1080)
2026-05-17 12:56:22,857 - __main__ - ERROR - Detection loop error: '_thread._local' object has no attribute 'srcdc'
2026-05-17 12:56:23,215 - __main__ - ERROR - Detection loop error: '_thread._local' object has no attribute 'srcdc'
2026-05-17 12:56:23,530 - __main__ - ERROR - Detection loop error: '_thread._local' object has no attribute 'srcdc'
2026-05-17 12:56:23,530 - __main__ - INFO - Found Fortnite window at (0, 0, 1920, 1080)
2026-05-17 12:56:23,766 - __main__ - ERROR - Detection loop error: '_thread._local' object has no attribute 'srcdc'
2026-05-17 12:56:24,045 - __main__ - ERROR - Detection loop error: '_thread._local' object has no attribute 'srcdc'
2026-05-17 12:56:24,316 - __main__ - ERROR - Detection loop error: '_thread._local' object has no attribute 'srcdc'
2026-05-17 12:56:24,352 - __main__ - INFO - Found Fortnite window at (0, 0, 1920, 1080)
2026-05-17 12:56:24,448 - __main__ - ERROR - Detection loop error: '_thread._local' object has no attribute 'srcdc'
2026-05-17 12:56:24,578 - __main__ - ERROR - Detection loop error: '_thread._local' object has no attribute 'srcdc'
2026-05-17 12:56:24,820 - __main__ - ERROR - Detection loop error: '_thread._local' object has no attribute 'srcdc'
2026-05-17 12:56:24,998 - __main__ - ERROR - Detection loop error: '_thread._local' object has no attribute 'srcdc'
2026-05-17 12:56:25,192 - __main__ - INFO - Found Fortnite window at (0, 0, 1920, 1080)
2026-05-17 12:56:25,309 - __main__ - ERROR - Detection loop error: '_thread._local' object has no attribute 'srcdc'
2026-05-17 12:56:25,626 - __main__ - ERROR - Detection loop error: '_thread._local' object has no attribute 'srcdc'
2026-05-17 12:56:25,915 - __main__ - INFO - Found Fortnite window at (0, 0, 1920, 1080)
2026-05-17 12:56:25,943 - __main__ - ERROR - Detection loop error: '_thread._local' object has no attribute 'srcdc'
2026-05-17 12:56:26,068 - __main__ - ERROR - Detection loop error: '_thread._local' object has no attribute 'srcdc'
2026-05-17 12:56:26,665 - __main__ - ERROR - Detection loop error: '_thread._local' object has no attribute 'srcdc'
2026-05-17 12:56:26,665 - __main__ - INFO - Found Fortnite window at (0, 0, 1920, 1080)
2026-05-17 12:56:26,816 - __main__ - ERROR - Detection loop error: '_thread._local' object has no attribute 'srcdc'
2026-05-17 12:56:27,114 - __main__ - ERROR - Detection loop error: '_thread._local' object has no attribute 'srcdc'
2026-05-17 12:56:27,390 - __main__ - ERROR - Detection loop error: '_thread._local' object has no attribute 'srcdc'
2026-05-17 12:56:27,421 - __main__ - INFO - Found Fortnite window at (0, 0, 1920, 1080)
2026-05-17 12:56:27,578 - __main__ - ERROR - Detection loop error: '_thread._local' object has no attribute 'srcdc'
2026-05-17 12:56:28,030 - __main__ - ERROR - Detection loop error: '_thread._local' object has no attribute 'srcdc'
2026-05-17 12:56:28,136 - __main__ - INFO - Found Fortnite window at (0, 0, 1920, 1080)
2026-05-17 12:56:28,188 - __main__ - ERROR - Detection loop error: '_thread._local' object has no attribute 'srcdc'
2026-05-17 12:56:28,319 - __main__ - ERROR - Detection loop error: '_thread._local' object has no attribute 'srcdc'
2026-05-17 12:56:28,577 - __main__ - ERROR - Detection loop error: '_thread._local' object has no attribute 'srcdc'
2026-05-17 12:56:28,766 - __main__ - ERROR - Detection loop error: '_thread._local' object has no attribute 'srcdc'
2026-05-17 12:56:28,855 - __main__ - INFO - Found Fortnite window at (0, 0, 1920, 1080)
2026-05-17 12:56:28,920 - __main__ - ERROR - Detection loop error: '_thread._local' object has no attribute 'srcdc'
2026-05-17 12:56:29,044 - __main__ - ERROR - Detection loop error: '_thread._local' object has no attribute 'srcdc'
2026-05-17 12:56:29,279 - __main__ - ERROR - Detection loop error: '_thread._local' object has no attribute 'srcdc'
2026-05-17 12:56:29,648 - __main__ - ERROR - Detection loop error: '_thread._local' object has no attribute 'srcdc'
2026-05-17 12:56:29,648 - __main__ - INFO - Found Fortnite window at (0, 0, 1920, 1080)
2026-05-17 12:56:29,789 - __main__ - ERROR - Detection loop error: '_thread._local' object has no attribute 'srcdc'
2026-05-17 12:56:30,215 - __main__ - ERROR - Detection loop error: '_thread._local' object has no attribute 'srcdc'
2026-05-17 12:56:30,397 - __main__ - ERROR - Detection loop error: '_thread._local' object has no attribute 'srcdc'
2026-05-17 12:56:30,472 - __main__ - INFO - Found Fortnite window at (0, 0, 1920, 1080)
2026-05-17 12:56:30,686 - __main__ - ERROR - Detection loop error: '_thread._local' object has no attribute 'srcdc'
2026-05-17 12:56:31,090 - __main__ - ERROR - Detection loop error: '_thread._local' object has no attribute 'srcdc'
2026-05-17 12:56:31,172 - __main__ - INFO - Found Fortnite window at (0, 0, 1920, 1080)
2026-05-17 12:56:31,296 - __main__ - ERROR - Detection loop error: '_thread._local' object has no attribute 'srcdc'
2026-05-17 12:56:31,531 - __main__ - ERROR - Detection loop error: '_thread._local' object has no attribute 'srcdc'
2026-05-17 12:56:31,985 - __main__ - ERROR - Detection loop error: '_thread._local' object has no attribute 'srcdc'
2026-05-17 12:56:31,986 - __main__ - INFO - Found Fortnite window at (0, 0, 1920, 1080)
2026-05-17 12:56:32,219 - __main__ - ERROR - Detection loop error: '_thread._local' object has no attribute 'srcdc'
2026-05-17 12:56:32,739 - __main__ - INFO - Found Fortnite window at (0, 0, 1920, 1080)
2026-05-17 12:56:32,774 - __main__ - ERROR - Detection loop error: '_thread._local' object has no attribute 'srcdc'
2026-05-17 12:56:32,997 - __main__ - ERROR - Detection loop error: '_thread._local' object has no attribute 'srcdc'
2026-05-17 12:56:33,241 - __main__ - ERROR - Detection loop error: '_thread._local' object has no attribute 'srcdc'
2026-05-17 12:56:33,431 - __main__ - INFO - Found Fortnite window at (0, 0, 1920, 1080)
2026-05-17 12:56:33,532 - __main__ - ERROR - Detection loop error: '_thread._local' object has no attribute 'srcdc'
2026-05-17 12:56:33,766 - __main__ - ERROR - Detection loop error: '_thread._local' object has no attribute 'srcdc'
2026-05-17 12:56:34,120 - __main__ - ERROR - Detection loop error: '_thread._local' object has no attribute 'srcdc'
2026-05-17 12:56:34,120 - __main__ - INFO - Found Fortnite window at (0, 0, 1920, 1080)
2026-05-17 12:56:34,278 - __main__ - ERROR - Detection loop error: '_thread._local' object has no attribute 'srcdc'
2026-05-17 12:56:34,725 - __main__ - ERROR - Detection loop error: '_thread._local' object has no attribute 'srcdc'
2026-05-17 12:56:34,863 - __main__ - INFO - Found Fortnite window at (0, 0, 1920, 1080)
2026-05-17 12:56:34,915 - __main__ - ERROR - Detection loop error: '_thread._local' object has no attribute 'srcdc'
2026-05-17 12:56:35,072 - __main__ - ERROR - Detection loop error: '_thread._local' object has no attribute 'srcdc'
2026-05-17 12:56:35,287 - __main__ - ERROR - Detection loop error: '_thread._local' object has no attribute 'srcdc'
2026-05-17 12:56:35,651 - __main__ - ERROR - Detection loop error: '_thread._local' object has no attribute 'srcdc'
2026-05-17 12:56:35,677 - __main__ - INFO - Found Fortnite window at (0, 0, 1920, 1080)
2026-05-17 12:56:35,817 - __main__ - ERROR - Detection loop error: '_thread._local' object has no attribute 'srcdc'
2026-05-17 12:56:36,003 - __main__ - ERROR - Detection loop error: '_thread._local' object has no attribute 'srcdc'
2026-05-17 12:56:36,289 - __main__ - ERROR - Detection loop error: '_thread._local' object has no attribute 'srcdc'
2026-05-17 12:56:36,536 - __main__ - ERROR - Detection loop error: '_thread._local' object has no attribute 'srcdc'
2026-05-17 12:56:36,558 - __main__ - INFO - Found Fortnite window at (0, 0, 1920, 1080)
2026-05-17 12:56:36,802 - __main__ - ERROR - Detection loop error: '_thread._local' object has no attribute 'srcdc'
2026-05-17 12:56:37,070 - __main__ - ERROR - Detection loop error: '_thread._local' object has no attribute 'srcdc'
2026-05-17 12:56:37,247 - __main__ - ERROR - Detection loop error: '_thread._local' object has no attribute 'srcdc'
2026-05-17 12:56:37,347 - __main__ - INFO - Found Fortnite window at (0, 0, 1920, 1080)
2026-05-17 12:56:37,429 - __main__ - ERROR - Detection loop error: '_thread._local' object has no attribute 'srcdc'
2026-05-17 12:56:37,668 - __main__ - ERROR - Detection loop error: '_thread._local' object has no attribute 'srcdc'
2026-05-17 12:56:38,170 - __main__ - ERROR - Detection loop error: '_thread._local' object has no attribute 'srcdc'
2026-05-17 12:56:38,170 - __main__ - INFO - Found Fortnite window at (0, 0, 1920, 1080)
2026-05-17 12:56:38,345 - __main__ - ERROR - Detection loop error: '_thread._local' object has no attribute 'srcdc'
2026-05-17 12:56:38,567 - __main__ - ERROR - Detection loop error: '_thread._local' object has no attribute 'srcdc'
2026-05-17 12:56:38,951 - __main__ - INFO - Found Fortnite window at (0, 0, 1920, 1080)
2026-05-17 12:56:38,989 - __main__ - ERROR - Detection loop error: '_thread._local' object has no attribute 'srcdc'
2026-05-17 12:56:39,152 - __main__ - ERROR - Detection loop error: '_thread._local' object has no attribute 'srcdc'
2026-05-17 12:56:39,449 - __main__ - ERROR - Detection loop error: '_thread._local' object has no attribute 'srcdc'
2026-05-17 12:56:39,771 - __main__ - ERROR - Detection loop error: '_thread._local' object has no attribute 'srcdc'
2026-05-17 12:56:39,831 - __main__ - INFO - Found Fortnite window at (0, 0, 1920, 1080)
2026-05-17 12:56:40,197 - __main__ - ERROR - Detection loop error: '_thread._local' object has no attribute 'srcdc'
2026-05-17 12:56:40,386 - __main__ - ERROR - Detection loop error: '_thread._local' object has no attribute 'srcdc'
2026-05-17 12:56:40,726 - __main__ - ERROR - Detection loop error: '_thread._local' object has no attribute 'srcdc'
2026-05-17 12:56:40,726 - __main__ - INFO - Found Fortnite window at (0, 0, 1920, 1080)
2026-05-17 12:56:40,880 - __main__ - ERROR - Detection loop error: '_thread._local' object has no attribute 'srcdc'
2026-05-17 12:56:41,210 - __main__ - ERROR - Detection loop error: '_thread._local' object has no attribute 'srcdc'
2026-05-17 12:56:41,446 - __main__ - ERROR - Detection loop error: '_thread._local' object has no attribute 'srcdc'
2026-05-17 12:56:41,502 - __main__ - INFO - Found Fortnite window at (0, 0, 1920, 1080)
2026-05-17 12:56:41,618 - __main__ - ERROR - Detection loop error: '_thread._local' object has no attribute 'srcdc'
2026-05-17 12:56:41,908 - __main__ - ERROR - Detection loop error: '_thread._local' object has no attribute 'srcdc'
2026-05-17 12:56:42,184 - __main__ - ERROR - Detection loop error: '_thread._local' object has no attribute 'srcdc'
2026-05-17 12:56:42,253 - __main__ - INFO - Found Fortnite window at (0, 0, 1920, 1080)
2026-05-17 12:56:42,428 - __main__ - ERROR - Detection loop error: '_thread._local' object has no attribute 'srcdc'
2026-05-17 12:56:42,600 - __main__ - ERROR - Detection loop error: '_thread._local' object has no attribute 'srcdc'
2026-05-17 12:56:42,876 - __main__ - ERROR - Detection loop error: '_thread._local' object has no attribute 'srcdc'
2026-05-17 12:56:43,057 - __main__ - ERROR - Detection loop error: '_thread._local' object has no attribute 'srcdc'
2026-05-17 12:56:43,057 - __main__ - INFO - Found Fortnite window at (0, 0, 1920, 1080)
2026-05-17 12:56:43,192 - __main__ - ERROR - Detection loop error: '_thread._local' object has no attribute 'srcdc'
2026-05-17 12:56:43,536 - __main__ - ERROR - Detection loop error: '_thread._local' object has no attribute 'srcdc'
2026-05-17 12:56:43,562 - __main__ - INFO - Found Fortnite window at (0, 0, 1920, 1080)
2026-05-17 12:56:43,690 - __main__ - ERROR - Detection loop error: '_thread._local' object has no attribute 'srcdc'
2026-05-17 12:56:44,026 - __main__ - ERROR - Detection loop error: '_thread._local' object has no attribute 'srcdc'
2026-05-17 12:56:44,290 - __main__ - INFO - Found Fortnite window at (0, 0, 1920, 1080)
2026-05-17 12:56:44,299 - __main__ - ERROR - Detection loop error: '_thread._local' object has no attribute 'srcdc'
2026-05-17 12:56:44,487 - __main__ - ERROR - Detection loop error: '_thread._local' object has no attribute 'srcdc'
2026-05-17 12:56:44,788 - __main__ - ERROR - Detection loop error: '_thread._local' object has no attribute 'srcdc'
2026-05-17 12:56:44,969 - __main__ - INFO - Found Fortnite window at (0, 0, 1920, 1080)
2026-05-17 12:56:45,065 - __main__ - ERROR - Detection loop error: '_thread._local' object has no attribute 'srcdc'
2026-05-17 12:56:45,261 - __main__ - ERROR - Detection loop error: '_thread._local' object has no attribute 'srcdc'
2026-05-17 12:56:45,499 - __main__ - ERROR - Detection loop error: '_thread._local' object has no attribute 'srcdc'
2026-05-17 12:56:45,683 - __main__ - INFO - Found Fortnite window at (0, 0, 1920, 1080)
2026-05-17 12:56:45,879 - __main__ - ERROR - Detection loop error: '_thread._local' object has no attribute 'srcdc'
2026-05-17 12:56:46,266 - __main__ - ERROR - Detection loop error: '_thread._local' object has no attribute 'srcdc'
2026-05-17 12:56:46,480 - __main__ - INFO - Found Fortnite window at (0, 0, 1920, 1080)
2026-05-17 12:56:46,647 - __main__ - ERROR - Detection loop error: '_thread._local' object has no attribute 'srcdc'
2026-05-17 12:56:46,867 - __main__ - ERROR - Detection loop error: '_thread._local' object has no attribute 'srcdc'
2026-05-17 12:56:47,204 - __main__ - INFO - Found Fortnite window at (0, 0, 1920, 1080)
2026-05-17 12:56:47,284 - __main__ - ERROR - Detection loop error: '_thread._local' object has no attribute 'srcdc'
2026-05-17 12:56:47,532 - __main__ - ERROR - Detection loop error: '_thread._local' object has no attribute 'srcdc'
2026-05-17 12:56:47,991 - __main__ - ERROR - Detection loop error: '_thread._local' object has no attribute 'srcdc'
2026-05-17 12:56:47,992 - __main__ - INFO - Found Fortnite window at (0, 0, 1920, 1080)
2026-05-17 12:56:48,282 - __main__ - ERROR - Detection loop error: '_thread._local' object has no attribute 'srcdc'
2026-05-17 12:56:48,553 - __main__ - ERROR - Detection loop error: '_thread._local' object has no attribute 'srcdc'
2026-05-17 12:56:48,717 - __main__ - ERROR - Detection loop error: '_thread._local' object has no attribute 'srcdc'
2026-05-17 12:56:48,779 - __main__ - INFO - Found Fortnite window at (0, 0, 1920, 1080)
2026-05-17 12:56:48,917 - __main__ - ERROR - Detection loop error: '_thread._local' object has no attribute 'srcdc'
2026-05-17 12:56:49,318 - __main__ - ERROR - Detection loop error: '_thread._local' object has no attribute 'srcdc'
2026-05-17 12:56:49,318 - __main__ - INFO - Found Fortnite window at (0, 0, 1920, 1080)
2026-05-17 12:56:49,747 - __main__ - ERROR - Detection loop error: '_thread._local' object has no attribute 'srcdc'
2026-05-17 12:56:49,747 - __main__ - INFO - Found Fortnite window at (0, 0, 1920, 1080)
2026-05-17 12:56:50,015 - __main__ - ERROR - Detection loop error: '_thread._local' object has no attribute 'srcdc'
2026-05-17 12:56:50,198 - __main__ - INFO - Found Fortnite window at (0, 0, 1920, 1080)
2026-05-17 12:56:50,443 - __main__ - ERROR - Detection loop error: '_thread._local' object has no attribute 'srcdc'
2026-05-17 12:56:50,622 - __main__ - INFO - Found Fortnite window at (0, 0, 1920, 1080)
2026-05-17 12:56:50,799 - __main__ - ERROR - Detection loop error: '_thread._local' object has no attribute 'srcdc'
2026-05-17 12:56:51,061 - __main__ - INFO - Found Fortnite window at (0, 0, 1920, 1080)
2026-05-17 12:56:51,462 - __main__ - ERROR - Detection loop error: '_thread._local' object has no attribute 'srcdc'
2026-05-17 12:56:51,498 - __main__ - INFO - Found Fortnite window at (0, 0, 1920, 1080)
2026-05-17 12:56:51,948 - __main__ - ERROR - Detection loop error: '_thread._local' object has no attribute 'srcdc'
2026-05-17 12:56:51,948 - __main__ - INFO - Found Fortnite window at (0, 0, 1920, 1080)
2026-05-17 12:56:52,056 - __main__ - ERROR - Detection loop error: '_thread._local' object has no attribute 'srcdc'
2026-05-17 12:56:52,375 - __main__ - ERROR - Detection loop error: '_thread._local' object has no attribute 'srcdc'
2026-05-17 12:56:52,375 - __main__ - INFO - Found Fortnite window at (0, 0, 1920, 1080)
2026-05-17 12:56:52,794 - __main__ - ERROR - Detection loop error: '_thread._local' object has no attribute 'srcdc'
2026-05-17 12:56:52,803 - __main__ - INFO - Found Fortnite window at (0, 0, 1920, 1080)
2026-05-17 12:56:53,101 - __main__ - ERROR - Detection loop error: '_thread._local' object has no attribute 'srcdc'
2026-05-17 12:56:53,243 - __main__ - INFO - Found Fortnite window at (0, 0, 1920, 1080)
2026-05-17 12:56:53,483 - __main__ - ERROR - Detection loop error: '_thread._local' object has no attribute 'srcdc'
2026-05-17 12:56:53,691 - __main__ - INFO - Found Fortnite window at (0, 0, 1920, 1080)
2026-05-17 12:56:54,053 - __main__ - ERROR - Detection loop error: '_thread._local' object has no attribute 'srcdc'
2026-05-17 12:56:54,125 - __main__ - INFO - Found Fortnite window at (0, 0, 1920, 1080)
2026-05-17 12:56:54,259 - __main__ - ERROR - Detection loop error: '_thread._local' object has no attribute 'srcdc'
2026-05-17 12:56:54,555 - __main__ - INFO - Found Fortnite window at (0, 0, 1920, 1080)
2026-05-17 12:56:54,993 - __main__ - ERROR - Detection loop error: '_thread._local' object has no attribute 'srcdc'
2026-05-17 12:56:54,993 - __main__ - INFO - Found Fortnite window at (0, 0, 1920, 1080)
2026-05-17 12:56:55,429 - __main__ - ERROR - Detection loop error: '_thread._local' object has no attribute 'srcdc'
2026-05-17 12:56:55,429 - __main__ - INFO - Found Fortnite window at (0, 0, 1920, 1080)
2026-05-17 12:56:55,671 - __main__ - ERROR - Detection loop error: '_thread._local' object has no attribute 'srcdc'
2026-05-17 12:56:55,874 - __main__ - INFO - Found Fortnite window at (0, 0, 1920, 1080)
2026-05-17 12:56:56,038 - __main__ - ERROR - Detection loop error: '_thread._local' object has no attribute 'srcdc'
2026-05-17 12:56:56,314 - __main__ - INFO - Found Fortnite window at (0, 0, 1920, 1080)
2026-05-17 12:56:56,638 - __main__ - ERROR - Detection loop error: '_thread._local' object has no attribute 'srcdc'
2026-05-17 12:56:56,756 - __main__ - INFO - Found Fortnite window at (0, 0, 1920, 1080)
2026-05-17 12:56:57,134 - __main__ - ERROR - Detection loop error: '_thread._local' object has no attribute 'srcdc'
2026-05-17 12:56:57,195 - __main__ - INFO - Found Fortnite window at (0, 0, 1920, 1080)
2026-05-17 12:56:57,606 - __main__ - ERROR - Detection loop error: '_thread._local' object has no attribute 'srcdc'
2026-05-17 12:56:57,631 - __main__ - INFO - Found Fortnite window at (0, 0, 1920, 1080)
2026-05-17 12:56:58,071 - __main__ - INFO - Found Fortnite window at (0, 0, 1920, 1080)
2026-05-17 12:56:58,071 - __main__ - ERROR - Detection loop error: '_thread._local' object has no attribute 'srcdc'
2026-05-17 12:56:58,494 - __main__ - ERROR - Detection loop error: '_thread._local' object has no attribute 'srcdc'
2026-05-17 12:56:58,494 - __main__ - INFO - Found Fortnite window at (0, 0, 1920, 1080)
2026-05-17 12:56:58,834 - __main__ - ERROR - Detection loop error: '_thread._local' object has no attribute 'srcdc'
2026-05-17 12:56:58,932 - __main__ - INFO - Found Fortnite window at (0, 0, 1920, 1080)
2026-05-17 12:56:59,362 - __main__ - INFO - Found Fortnite window at (0, 0, 1920, 1080)
2026-05-17 12:56:59,362 - __main__ - ERROR - Detection loop error: '_thread._local' object has no attribute 'srcdc'
2026-05-17 12:56:59,495 - __main__ - ERROR - Detection loop error: '_thread._local' object has no attribute 'srcdc'
2026-05-17 12:56:59,807 - __main__ - INFO - Found Fortnite window at (0, 0, 1920, 1080)
2026-05-17 12:56:59,867 - __main__ - ERROR - Detection loop error: '_thread._local' object has no attribute 'srcdc'
2026-05-17 12:57:00,209 - __main__ - ERROR - Detection loop error: '_thread._local' object has no attribute 'srcdc'
2026-05-17 12:57:00,248 - __main__ - INFO - Found Fortnite window at (0, 0, 1920, 1080)
2026-05-17 12:57:00,313 - __main__ - INFO - Configuration saved to aim_snap_config.json
2026-05-17 12:57:00,349 - __main__ - ERROR - Detection loop error: '_thread._local' object has no attribute 'srcdc'
2026-05-17 12:57:00,732 - __main__ - ERROR - Detection loop error: '_thread._local' object has no attribute 'srcdc'
2026-05-17 12:57:00,732 - __main__ - INFO - Found Fortnite window at (0, 0, 1920, 1080)
2026-05-17 12:57:00,882 - __main__ - ERROR - Detection loop error: '_thread._local' object has no attribute 'srcdc'
2026-05-17 12:57:01,124 - __main__ - INFO - Found Fortnite window at (0, 0, 1920, 1080)
2026-05-17 12:57:01,576 - __main__ - ERROR - Detection loop error: '_thread._local' object has no attribute 'srcdc'
2026-05-17 12:57:01,576 - __main__ - INFO - Found Fortnite window at (0, 0, 1920, 1080)
2026-05-17 12:57:02,007 - __main__ - ERROR - Detection loop error: '_thread._local' object has no attribute 'srcdc'
2026-05-17 12:57:02,007 - __main__ - INFO - Found Fortnite window at (0, 0, 1920, 1080)
2026-05-17 12:57:02,157 - __main__ - ERROR - Detection loop error: '_thread._local' object has no attribute 'srcdc'
2026-05-17 12:57:02,431 - __main__ - INFO - Found Fortnite window at (0, 0, 1920, 1080)
2026-05-17 12:57:02,865 - __main__ - ERROR - Detection loop error: '_thread._local' object has no attribute 'srcdc'
2026-05-17 12:57:02,865 - __main__ - INFO - Found Fortnite window at (0, 0, 1920, 1080)
2026-05-17 12:57:03,316 - __main__ - ERROR - Detection loop error: '_thread._local' object has no attribute 'srcdc'
2026-05-17 12:57:03,316 - __main__ - INFO - Found Fortnite window at (0, 0, 1920, 1080)
2026-05-17 12:57:03,506 - __main__ - ERROR - Detection loop error: '_thread._local' object has no attribute 'srcdc'
2026-05-17 12:57:03,757 - __main__ - INFO - Found Fortnite window at (0, 0, 1920, 1080)
2026-05-17 12:57:04,206 - __main__ - ERROR - Detection loop error: '_thread._local' object has no attribute 'srcdc'
2026-05-17 12:57:04,207 - __main__ - INFO - Found Fortnite window at (0, 0, 1920, 1080)
2026-05-17 12:57:04,671 - __main__ - ERROR - Detection loop error: '_thread._local' object has no attribute 'srcdc'
2026-05-17 12:57:04,671 - __main__ - INFO - Found Fortnite window at (0, 0, 1920, 1080)
2026-05-17 12:57:05,100 - __main__ - ERROR - Detection loop error: '_thread._local' object has no attribute 'srcdc'
2026-05-17 12:57:05,100 - __main__ - INFO - Found Fortnite window at (0, 0, 1920, 1080)
2026-05-17 12:57:05,429 - __main__ - ERROR - Detection loop error: '_thread._local' object has no attribute 'srcdc'
2026-05-17 12:57:05,549 - __main__ - INFO - Found Fortnite window at (0, 0, 1920, 1080)
2026-05-17 12:57:05,993 - __main__ - ERROR - Detection loop error: '_thread._local' object has no attribute 'srcdc'
2026-05-17 12:57:05,994 - __main__ - INFO - Found Fortnite window at (0, 0, 1920, 1080)
2026-05-17 12:57:06,375 - __main__ - ERROR - Detection loop error: '_thread._local' object has no attribute 'srcdc'
2026-05-17 12:57:06,424 - __main__ - INFO - Found Fortnite window at (0, 0, 1920, 1080)
2026-05-17 12:57:06,854 - __main__ - ERROR - Detection loop error: '_thread._local' object has no attribute 'srcdc'
2026-05-17 12:57:06,854 - __main__ - INFO - Found Fortnite window at (0, 0, 1920, 1080)
2026-05-17 12:57:07,318 - __main__ - ERROR - Detection loop error: '_thread._local' object has no attribute 'srcdc'
2026-05-17 12:57:07,318 - __main__ - INFO - Found Fortnite window at (0, 0, 1920, 1080)
2026-05-17 12:57:07,679 - __main__ - ERROR - Detection loop error: '_thread._local' object has no attribute 'srcdc'
2026-05-17 12:57:07,756 - __main__ - INFO - Found Fortnite window at (0, 0, 1920, 1080)
2026-05-17 12:57:08,177 - __main__ - INFO - Found Fortnite window at (0, 0, 1920, 1080)
2026-05-17 12:57:08,177 - __main__ - ERROR - Detection loop error: '_thread._local' object has no attribute 'srcdc'
2026-05-17 12:57:08,422 - __main__ - ERROR - Detection loop error: '_thread._local' object has no attribute 'srcdc'
2026-05-17 12:57:08,598 - __main__ - INFO - Found Fortnite window at (0, 0, 1920, 1080)
2026-05-17 12:57:09,034 - __main__ - INFO - Found Fortnite window at (0, 0, 1920, 1080)
2026-05-17 12:57:09,034 - __main__ - ERROR - Detection loop error: '_thread._local' object has no attribute 'srcdc'
2026-05-17 12:57:09,484 - __main__ - INFO - Found Fortnite window at (0, 0, 1920, 1080)
2026-05-17 12:57:09,484 - __main__ - ERROR - Detection loop error: '_thread._local' object has no attribute 'srcdc'
2026-05-17 12:57:09,836 - __main__ - ERROR - Detection loop error: '_thread._local' object has no attribute 'srcdc'
2026-05-17 12:57:09,920 - __main__ - INFO - Found Fortnite window at (0, 0, 1920, 1080)
2026-05-17 12:57:10,347 - __main__ - ERROR - Detection loop error: '_thread._local' object has no attribute 'srcdc'
2026-05-17 12:57:10,347 - __main__ - INFO - Found Fortnite window at (0, 0, 1920, 1080)
2026-05-17 12:57:10,819 - __main__ - ERROR - Detection loop error: '_thread._local' object has no attribute 'srcdc'
2026-05-17 12:57:10,819 - __main__ - INFO - Found Fortnite window at (0, 0, 1920, 1080)
2026-05-17 12:57:11,003 - __main__ - ERROR - Detection loop error: '_thread._local' object has no attribute 'srcdc'
2026-05-17 12:57:11,250 - __main__ - INFO - Found Fortnite window at (0, 0, 1920, 1080)
2026-05-17 12:57:11,683 - __main__ - ERROR - Detection loop error: '_thread._local' object has no attribute 'srcdc'
2026-05-17 12:57:11,683 - __main__ - INFO - Found Fortnite window at (0, 0, 1920, 1080)
2026-05-17 12:57:11,940 - __main__ - ERROR - Detection loop error: '_thread._local' object has no attribute 'srcdc'
2026-05-17 12:57:12,120 - __main__ - INFO - Found Fortnite window at (0, 0, 1920, 1080)
2026-05-17 12:57:12,545 - __main__ - INFO - Found Fortnite window at (0, 0, 1920, 1080)
2026-05-17 12:57:12,545 - __main__ - ERROR - Detection loop error: '_thread._local' object has no attribute 'srcdc'
2026-05-17 12:57:12,872 - __main__ - ERROR - Detection loop error: '_thread._local' object has no attribute 'srcdc'
2026-05-17 12:57:13,000 - __main__ - INFO - Found Fortnite window at (0, 0, 1920, 1080)
2026-05-17 12:57:13,428 - __main__ - ERROR - Detection loop error: '_thread._local' object has no attribute 'srcdc'
2026-05-17 12:57:13,428 - __main__ - INFO - Found Fortnite window at (0, 0, 1920, 1080)
2026-05-17 12:57:13,856 - __main__ - ERROR - Detection loop error: '_thread._local' object has no attribute 'srcdc'
2026-05-17 12:57:13,863 - __main__ - INFO - Found Fortnite window at (0, 0, 1920, 1080)
2026-05-17 12:57:14,066 - __main__ - ERROR - Detection loop error: '_thread._local' object has no attribute 'srcdc'
2026-05-17 12:57:14,303 - __main__ - INFO - Found Fortnite window at (0, 0, 1920, 1080)
2026-05-17 12:57:14,733 - __main__ - ERROR - Detection loop error: '_thread._local' object has no attribute 'srcdc'
2026-05-17 12:57:14,733 - __main__ - INFO - Found Fortnite window at (0, 0, 1920, 1080)
2026-05-17 12:57:15,171 - __main__ - ERROR - Detection loop error: '_thread._local' object has no attribute 'srcdc'
2026-05-17 12:57:15,171 - __main__ - INFO - Found Fortnite window at (0, 0, 1920, 1080)
2026-05-17 12:57:15,407 - __main__ - ERROR - Detection loop error: '_thread._local' object has no attribute 'srcdc'
2026-05-17 12:57:15,611 - __main__ - INFO - Found Fortnite window at (0, 0, 1920, 1080)
2026-05-17 12:57:16,079 - __main__ - ERROR - Detection loop error: '_thread._local' object has no attribute 'srcdc'
2026-05-17 12:57:16,079 - __main__ - INFO - Found Fortnite window at (0, 0, 1920, 1080)
2026-05-17 12:57:16,499 - __main__ - ERROR - Detection loop error: '_thread._local' object has no attribute 'srcdc'
2026-05-17 12:57:16,499 - __main__ - INFO - Found Fortnite window at (0, 0, 1920, 1080)
2026-05-17 12:57:16,920 - __main__ - ERROR - Detection loop error: '_thread._local' object has no attribute 'srcdc'
2026-05-17 12:57:16,936 - __main__ - INFO - Found Fortnite window at (0, 0, 1920, 1080)
2026-05-17 12:57:17,232 - __main__ - ERROR - Detection loop error: '_thread._local' object has no attribute 'srcdc'
2026-05-17 12:57:17,368 - __main__ - INFO - Found Fortnite window at (0, 0, 1920, 1080)
2026-05-17 12:57:17,644 - __main__ - ERROR - Detection loop error: '_thread._local' object has no attribute 'srcdc'
2026-05-17 12:57:17,812 - __main__ - INFO - Found Fortnite window at (0, 0, 1920, 1080)
2026-05-17 12:57:18,253 - __main__ - ERROR - Detection loop error: '_thread._local' object has no attribute 'srcdc'
2026-05-17 12:57:18,253 - __main__ - INFO - Found Fortnite window at (0, 0, 1920, 1080)
2026-05-17 12:57:18,672 - __main__ - ERROR - Detection loop error: '_thread._local' object has no attribute 'srcdc'
2026-05-17 12:57:18,672 - __main__ - INFO - Found Fortnite window at (0, 0, 1920, 1080)
2026-05-17 12:57:18,955 - __main__ - ERROR - Detection loop error: '_thread._local' object has no attribute 'srcdc'
2026-05-17 12:57:19,118 - __main__ - INFO - Found Fortnite window at (0, 0, 1920, 1080)
2026-05-17 12:57:19,274 - __main__ - ERROR - Detection loop error: '_thread._local' object has no attribute 'srcdc'
2026-05-17 12:57:19,553 - __main__ - INFO - Found Fortnite window at (0, 0, 1920, 1080)
2026-05-17 12:57:19,988 - __main__ - ERROR - Detection loop error: '_thread._local' object has no attribute 'srcdc'
2026-05-17 12:57:19,989 - __main__ - INFO - Found Fortnite window at (0, 0, 1920, 1080)
2026-05-17 12:57:20,427 - __main__ - ERROR - Detection loop error: '_thread._local' object has no attribute 'srcdc'
2026-05-17 12:57:20,427 - __main__ - INFO - Found Fortnite window at (0, 0, 1920, 1080)
2026-05-17 12:57:20,859 - __main__ - ERROR - Detection loop error: '_thread._local' object has no attribute 'srcdc'
2026-05-17 12:57:20,859 - __main__ - INFO - Found Fortnite window at (0, 0, 1920, 1080)
2026-05-17 12:57:21,096 - __main__ - ERROR - Detection loop error: '_thread._local' object has no attribute 'srcdc'
2026-05-17 12:57:21,317 - __main__ - INFO - Found Fortnite window at (0, 0, 1920, 1080)
2026-05-17 12:57:21,747 - __main__ - ERROR - Detection loop error: '_thread._local' object has no attribute 'srcdc'
2026-05-17 12:57:21,747 - __main__ - INFO - Found Fortnite window at (0, 0, 1920, 1080)
2026-05-17 12:57:22,186 - __main__ - ERROR - Detection loop error: '_thread._local' object has no attribute 'srcdc'
2026-05-17 12:57:22,186 - __main__ - INFO - Found Fortnite window at (0, 0, 1920, 1080)
2026-05-17 12:57:22,618 - __main__ - ERROR - Detection loop error: '_thread._local' object has no attribute 'srcdc'
2026-05-17 12:57:22,618 - __main__ - INFO - Found Fortnite window at (0, 0, 1920, 1080)
2026-05-17 12:57:23,050 - __main__ - ERROR - Detection loop error: '_thread._local' object has no attribute 'srcdc'
2026-05-17 12:57:23,050 - __main__ - INFO - Found Fortnite window at (0, 0, 1920, 1080)
2026-05-17 12:57:23,172 - __main__ - ERROR - Detection loop error: '_thread._local' object has no attribute 'srcdc'
2026-05-17 12:57:23,502 - __main__ - INFO - Found Fortnite window at (0, 0, 1920, 1080)
2026-05-17 12:57:23,930 - __main__ - ERROR - Detection loop error: '_thread._local' object has no attribute 'srcdc'
2026-05-17 12:57:23,930 - __main__ - INFO - Found Fortnite window at (0, 0, 1920, 1080)
2026-05-17 12:57:24,364 - __main__ - ERROR - Detection loop error: '_thread._local' object has no attribute 'srcdc'
2026-05-17 12:57:24,364 - __main__ - INFO - Found Fortnite window at (0, 0, 1920, 1080)
2026-05-17 12:57:24,797 - __main__ - ERROR - Detection loop error: '_thread._local' object has no attribute 'srcdc'
2026-05-17 12:57:24,797 - __main__ - INFO - Found Fortnite window at (0, 0, 1920, 1080)
2026-05-17 12:57:25,234 - __main__ - ERROR - Detection loop error: '_thread._local' object has no attribute 'srcdc'
2026-05-17 12:57:25,234 - __main__ - INFO - Found Fortnite window at (0, 0, 1920, 1080)
2026-05-17 12:57:25,678 - __main__ - ERROR - Detection loop error: '_thread._local' object has no attribute 'srcdc'
2026-05-17 12:57:25,678 - __main__ - INFO - Found Fortnite window at (0, 0, 1920, 1080)
2026-05-17 12:57:25,884 - __main__ - ERROR - Detection loop error: '_thread._local' object has no attribute 'srcdc'
2026-05-17 12:57:26,118 - __main__ - INFO - Found Fortnite window at (0, 0, 1920, 1080)
2026-05-17 12:57:26,553 - __main__ - ERROR - Detection loop error: '_thread._local' object has no attribute 'srcdc'
2026-05-17 12:57:26,553 - __main__ - INFO - Found Fortnite window at (0, 0, 1920, 1080)
2026-05-17 12:57:26,889 - __main__ - ERROR - Detection loop error: '_thread._local' object has no attribute 'srcdc'
2026-05-17 12:57:26,993 - __main__ - INFO - Found Fortnite window at (0, 0, 1920, 1080)
2026-05-17 12:57:27,296 - __main__ - ERROR - Detection loop error: '_thread._local' object has no attribute 'srcdc'
2026-05-17 12:57:27,428 - __main__ - INFO - Found Fortnite window at (0, 0, 1920, 1080)
2026-05-17 12:57:27,716 - __main__ - ERROR - Detection loop error: '_thread._local' object has no attribute 'srcdc'
2026-05-17 12:57:27,865 - __main__ - INFO - Found Fortnite window at (0, 0, 1920, 1080)
2026-05-17 12:57:28,104 - __main__ - ERROR - Detection loop error: '_thread._local' object has no attribute 'srcdc'
2026-05-17 12:57:28,304 - __main__ - INFO - Found Fortnite window at (0, 0, 1920, 1080)
2026-05-17 12:57:28,734 - __main__ - ERROR - Detection loop error: '_thread._local' object has no attribute 'srcdc'
2026-05-17 12:57:28,734 - __main__ - INFO - Found Fortnite window at (0, 0, 1920, 1080)
2026-05-17 12:57:29,184 - __main__ - ERROR - Detection loop error: '_thread._local' object has no attribute 'srcdc'
2026-05-17 12:57:29,184 - __main__ - INFO - Found Fortnite window at (0, 0, 1920, 1080)
2026-05-17 12:57:29,619 - __main__ - ERROR - Detection loop error: '_thread._local' object has no attribute 'srcdc'
2026-05-17 12:57:29,619 - __main__ - INFO - Found Fortnite window at (0, 0, 1920, 1080)
2026-05-17 12:57:30,067 - __main__ - ERROR - Detection loop error: '_thread._local' object has no attribute 'srcdc'
2026-05-17 12:57:30,067 - __main__ - INFO - Found Fortnite window at (0, 0, 1920, 1080)
2026-05-17 12:57:30,181 - __main__ - INFO - Detection engine stopped
2026-05-17 12:57:30,197 - __main__ - INFO - Aimbot engine stopped
2026-05-17 12:57:30,198 - __main__ - INFO - Configuration saved to aim_snap_config.json
2026-05-17 12:57:30,578 - __main__ - INFO - Found Fortnite window at (0, 0, 1920, 1080)
2026-05-17 12:57:31,047 - __main__ - INFO - Found Fortnite window at (0, 0, 1920, 1080)
2026-05-17 12:57:31,486 - __main__ - INFO - Found Fortnite window at (0, 0, 1920, 1080)
2026-05-17 12:57:31,928 - __main__ - INFO - Found Fortnite window at (0, 0, 1920, 1080)
2026-05-17 13:05:45,081 - __main__ - INFO - Configuration loaded from aim_snap_config.json
2026-05-17 13:05:45,497 - __main__ - INFO - Found Fortnite window at (0, 0, 1920, 1080)
2026-05-17 13:05:45,499 - __main__ - INFO - Template loaded: (425, 283, 3)
2026-05-17 13:05:45,902 - __main__ - INFO - Found Fortnite window at (0, 0, 1920, 1080)
2026-05-17 13:05:46,038 - __main__ - INFO - FOV overlay attached to Fortnite window (HWND: 1118000)
2026-05-17 13:05:46,158 - __main__ - INFO - Main window initialized
2026-05-17 13:05:46,158 - __main__ - INFO - Detection engine started
2026-05-17 13:05:46,158 - __main__ - INFO - Aimbot engine started
2026-05-17 13:05:46,159 - __main__ - INFO - Activation key listener started for: mouse_right
2026-05-17 13:05:46,181 - __main__ - INFO - Application started
2026-05-17 13:05:46,181 - __main__ - ERROR - Detection loop error: '_thread._local' object has no attribute 'srcdc'
2026-05-17 13:05:46,476 - __main__ - ERROR - Detection loop error: '_thread._local' object has no attribute 'srcdc'
2026-05-17 13:05:46,597 - __main__ - INFO - Found Fortnite window at (0, 0, 1920, 1080)
2026-05-17 13:05:46,756 - __main__ - ERROR - Detection loop error: '_thread._local' object has no attribute 'srcdc'
2026-05-17 13:05:47,069 - __main__ - INFO - Found Fortnite window at (0, 0, 1920, 1080)
2026-05-17 13:05:47,187 - __main__ - ERROR - Detection loop error: '_thread._local' object has no attribute 'srcdc'
2026-05-17 13:05:47,494 - __main__ - ERROR - Detection loop error: '_thread._local' object has no attribute 'srcdc'
2026-05-17 13:05:47,494 - __main__ - INFO - Found Fortnite window at (0, 0, 1920, 1080)
2026-05-17 13:05:47,790 - __main__ - ERROR - Detection loop error: '_thread._local' object has no attribute 'srcdc'
2026-05-17 13:05:47,933 - __main__ - INFO - Found Fortnite window at (0, 0, 1920, 1080)
2026-05-17 13:05:48,150 - __main__ - ERROR - Detection loop error: '_thread._local' object has no attribute 'srcdc'
2026-05-17 13:05:48,366 - __main__ - INFO - Found Fortnite window at (0, 0, 1920, 1080)
2026-05-17 13:05:48,567 - __main__ - ERROR - Detection loop error: '_thread._local' object has no attribute 'srcdc'
2026-05-17 13:05:48,804 - __main__ - INFO - Found Fortnite window at (0, 0, 1920, 1080)
2026-05-17 13:05:49,049 - __main__ - ERROR - Detection loop error: '_thread._local' object has no attribute 'srcdc'
2026-05-17 13:05:49,254 - __main__ - INFO - Found Fortnite window at (0, 0, 1920, 1080)
2026-05-17 13:05:49,299 - __main__ - ERROR - Detection loop error: '_thread._local' object has no attribute 'srcdc'
2026-05-17 13:05:49,455 - __main__ - ERROR - Detection loop error: '_thread._local' object has no attribute 'srcdc'
2026-05-17 13:05:49,692 - __main__ - INFO - Found Fortnite window at (0, 0, 1920, 1080)
2026-05-17 13:05:49,891 - __main__ - ERROR - Detection loop error: '_thread._local' object has no attribute 'srcdc'
2026-05-17 13:05:50,118 - __main__ - INFO - Found Fortnite window at (0, 0, 1920, 1080)
2026-05-17 13:05:50,249 - __main__ - ERROR - Detection loop error: '_thread._local' object has no attribute 'srcdc'
2026-05-17 13:05:50,562 - __main__ - INFO - Found Fortnite window at (0, 0, 1920, 1080)
2026-05-17 13:05:50,820 - __main__ - ERROR - Detection loop error: '_thread._local' object has no attribute 'srcdc'
2026-05-17 13:05:50,991 - __main__ - INFO - Found Fortnite window at (0, 0, 1920, 1080)
2026-05-17 13:05:51,232 - __main__ - ERROR - Detection loop error: '_thread._local' object has no attribute 'srcdc'
2026-05-17 13:05:51,438 - __main__ - ERROR - Detection loop error: '_thread._local' object has no attribute 'srcdc'
2026-05-17 13:05:51,438 - __main__ - INFO - Found Fortnite window at (0, 0, 1920, 1080)
2026-05-17 13:05:51,603 - __main__ - ERROR - Detection loop error: '_thread._local' object has no attribute 'srcdc'
2026-05-17 13:05:51,909 - __main__ - INFO - Found Fortnite window at (0, 0, 1920, 1080)
2026-05-17 13:05:52,307 - __main__ - ERROR - Detection loop error: '_thread._local' object has no attribute 'srcdc'
2026-05-17 13:05:52,307 - __main__ - INFO - Found Fortnite window at (0, 0, 1920, 1080)
2026-05-17 13:05:52,760 - __main__ - ERROR - Detection loop error: '_thread._local' object has no attribute 'srcdc'
2026-05-17 13:05:52,761 - __main__ - INFO - Found Fortnite window at (0, 0, 1920, 1080)
2026-05-17 13:05:53,202 - __main__ - INFO - Found Fortnite window at (0, 0, 1920, 1080)
2026-05-17 13:05:53,202 - __main__ - ERROR - Detection loop error: '_thread._local' object has no attribute 'srcdc'
2026-05-17 13:05:53,382 - __main__ - ERROR - Detection loop error: '_thread._local' object has no attribute 'srcdc'
2026-05-17 13:05:53,638 - __main__ - INFO - Found Fortnite window at (0, 0, 1920, 1080)
2026-05-17 13:05:53,789 - __main__ - ERROR - Detection loop error: '_thread._local' object has no attribute 'srcdc'
2026-05-17 13:05:53,960 - __main__ - ERROR - Detection loop error: '_thread._local' object has no attribute 'srcdc'
2026-05-17 13:05:54,068 - __main__ - INFO - Found Fortnite window at (0, 0, 1920, 1080)
2026-05-17 13:05:54,253 - __main__ - ERROR - Detection loop error: '_thread._local' object has no attribute 'srcdc'
2026-05-17 13:05:54,511 - __main__ - INFO - Found Fortnite window at (0, 0, 1920, 1080)
2026-05-17 13:05:54,514 - __main__ - INFO - Snap preset changed to: Strong
2026-05-17 13:05:54,889 - __main__ - ERROR - Detection loop error: '_thread._local' object has no attribute 'srcdc'
2026-05-17 13:05:54,926 - __main__ - INFO - Found Fortnite window at (0, 0, 1920, 1080)
2026-05-17 13:05:55,175 - __main__ - ERROR - Detection loop error: '_thread._local' object has no attribute 'srcdc'
2026-05-17 13:05:55,386 - __main__ - INFO - Found Fortnite window at (0, 0, 1920, 1080)
2026-05-17 13:05:55,583 - __main__ - ERROR - Detection loop error: '_thread._local' object has no attribute 'srcdc'
2026-05-17 13:05:55,827 - __main__ - INFO - Found Fortnite window at (0, 0, 1920, 1080)
2026-05-17 13:05:55,972 - __main__ - ERROR - Detection loop error: '_thread._local' object has no attribute 'srcdc'
2026-05-17 13:05:56,151 - __main__ - ERROR - Detection loop error: '_thread._local' object has no attribute 'srcdc'
2026-05-17 13:05:56,282 - __main__ - INFO - Found Fortnite window at (0, 0, 1920, 1080)
2026-05-17 13:05:56,586 - __main__ - ERROR - Detection loop error: '_thread._local' object has no attribute 'srcdc'
2026-05-17 13:05:56,726 - __main__ - ERROR - Detection loop error: '_thread._local' object has no attribute 'srcdc'
2026-05-17 13:05:56,727 - __main__ - INFO - Found Fortnite window at (0, 0, 1920, 1080)
2026-05-17 13:05:56,877 - __main__ - ERROR - Detection loop error: '_thread._local' object has no attribute 'srcdc'
2026-05-17 13:05:57,143 - __main__ - ERROR - Detection loop error: '_thread._local' object has no attribute 'srcdc'
2026-05-17 13:05:57,144 - __main__ - INFO - Found Fortnite window at (0, 0, 1920, 1080)
2026-05-17 13:05:57,583 - __main__ - INFO - Found Fortnite window at (0, 0, 1920, 1080)
2026-05-17 13:05:57,583 - __main__ - ERROR - Detection loop error: '_thread._local' object has no attribute 'srcdc'
2026-05-17 13:05:58,013 - __main__ - ERROR - Detection loop error: '_thread._local' object has no attribute 'srcdc'
2026-05-17 13:05:58,013 - __main__ - INFO - Found Fortnite window at (0, 0, 1920, 1080)
2026-05-17 13:05:58,017 - __main__ - INFO - Configuration saved to aim_snap_config.json
2026-05-17 13:05:58,157 - __main__ - ERROR - Detection loop error: '_thread._local' object has no attribute 'srcdc'
2026-05-17 13:05:58,424 - __main__ - ERROR - Detection loop error: '_thread._local' object has no attribute 'srcdc'
2026-05-17 13:05:58,473 - __main__ - INFO - Found Fortnite window at (0, 0, 1920, 1080)
2026-05-17 13:05:58,612 - __main__ - ERROR - Detection loop error: '_thread._local' object has no attribute 'srcdc'
2026-05-17 13:05:58,917 - __main__ - INFO - Found Fortnite window at (0, 0, 1920, 1080)
2026-05-17 13:05:59,149 - __main__ - ERROR - Detection loop error: '_thread._local' object has no attribute 'srcdc'
2026-05-17 13:05:59,371 - __main__ - INFO - Found Fortnite window at (0, 0, 1920, 1080)
2026-05-17 13:05:59,755 - __main__ - ERROR - Detection loop error: '_thread._local' object has no attribute 'srcdc'
2026-05-17 13:05:59,775 - __main__ - INFO - Found Fortnite window at (0, 0, 1920, 1080)
2026-05-17 13:05:59,975 - __main__ - ERROR - Detection loop error: '_thread._local' object has no attribute 'srcdc'
2026-05-17 13:06:00,211 - __main__ - ERROR - Detection loop error: '_thread._local' object has no attribute 'srcdc'
2026-05-17 13:06:00,211 - __main__ - INFO - Found Fortnite window at (0, 0, 1920, 1080)
2026-05-17 13:06:00,659 - __main__ - ERROR - Detection loop error: '_thread._local' object has no attribute 'srcdc'
2026-05-17 13:06:00,659 - __main__ - INFO - Found Fortnite window at (0, 0, 1920, 1080)
2026-05-17 13:06:00,783 - __main__ - ERROR - Detection loop error: '_thread._local' object has no attribute 'srcdc'
2026-05-17 13:06:01,099 - __main__ - INFO - Found Fortnite window at (0, 0, 1920, 1080)
2026-05-17 13:06:01,524 - __main__ - ERROR - Detection loop error: '_thread._local' object has no attribute 'srcdc'
2026-05-17 13:06:01,524 - __main__ - INFO - Found Fortnite window at (0, 0, 1920, 1080)
2026-05-17 13:06:01,654 - __main__ - ERROR - Detection loop error: '_thread._local' object has no attribute 'srcdc'
2026-05-17 13:06:01,987 - __main__ - INFO - Found Fortnite window at (0, 0, 1920, 1080)
2026-05-17 13:06:02,417 - __main__ - INFO - Found Fortnite window at (0, 0, 1920, 1080)
2026-05-17 13:06:02,417 - __main__ - ERROR - Detection loop error: '_thread._local' object has no attribute 'srcdc'
2026-05-17 13:06:02,624 - __main__ - ERROR - Detection loop error: '_thread._local' object has no attribute 'srcdc'
2026-05-17 13:06:02,851 - __main__ - INFO - Found Fortnite window at (0, 0, 1920, 1080)
2026-05-17 13:06:02,971 - __main__ - ERROR - Detection loop error: '_thread._local' object has no attribute 'srcdc'
2026-05-17 13:06:03,318 - __main__ - INFO - Found Fortnite window at (0, 0, 1920, 1080)
2026-05-17 13:06:03,742 - __main__ - ERROR - Detection loop error: '_thread._local' object has no attribute 'srcdc'
2026-05-17 13:06:03,742 - __main__ - INFO - Found Fortnite window at (0, 0, 1920, 1080)
2026-05-17 13:06:04,187 - __main__ - ERROR - Detection loop error: '_thread._local' object has no attribute 'srcdc'
2026-05-17 13:06:04,187 - __main__ - INFO - Found Fortnite window at (0, 0, 1920, 1080)
2026-05-17 13:06:04,618 - __main__ - ERROR - Detection loop error: '_thread._local' object has no attribute 'srcdc'
2026-05-17 13:06:04,618 - __main__ - INFO - Found Fortnite window at (0, 0, 1920, 1080)
2026-05-17 13:06:04,825 - __main__ - ERROR - Detection loop error: '_thread._local' object has no attribute 'srcdc'
2026-05-17 13:06:05,074 - __main__ - INFO - Found Fortnite window at (0, 0, 1920, 1080)
2026-05-17 13:06:05,250 - __main__ - ERROR - Detection loop error: '_thread._local' object has no attribute 'srcdc'
2026-05-17 13:06:05,500 - __main__ - INFO - Found Fortnite window at (0, 0, 1920, 1080)
2026-05-17 13:06:05,621 - __main__ - ERROR - Detection loop error: '_thread._local' object has no attribute 'srcdc'
2026-05-17 13:06:05,944 - __main__ - INFO - Found Fortnite window at (0, 0, 1920, 1080)
2026-05-17 13:06:05,998 - __main__ - ERROR - Detection loop error: '_thread._local' object has no attribute 'srcdc'
2026-05-17 13:06:06,154 - __main__ - ERROR - Detection loop error: '_thread._local' object has no attribute 'srcdc'
2026-05-17 13:06:06,360 - __main__ - INFO - Found Fortnite window at (0, 0, 1920, 1080)
2026-05-17 13:06:06,797 - __main__ - ERROR - Detection loop error: '_thread._local' object has no attribute 'srcdc'
2026-05-17 13:06:06,812 - __main__ - INFO - Found Fortnite window at (0, 0, 1920, 1080)
2026-05-17 13:06:07,235 - __main__ - ERROR - Detection loop error: '_thread._local' object has no attribute 'srcdc'
2026-05-17 13:06:07,236 - __main__ - INFO - Found Fortnite window at (0, 0, 1920, 1080)
2026-05-17 13:06:07,562 - __main__ - ERROR - Detection loop error: '_thread._local' object has no attribute 'srcdc'
2026-05-17 13:06:07,680 - __main__ - INFO - Found Fortnite window at (0, 0, 1920, 1080)
2026-05-17 13:06:07,859 - __main__ - ERROR - Detection loop error: '_thread._local' object has no attribute 'srcdc'
2026-05-17 13:06:08,114 - __main__ - INFO - Found Fortnite window at (0, 0, 1920, 1080)
2026-05-17 13:06:08,362 - __main__ - ERROR - Detection loop error: '_thread._local' object has no attribute 'srcdc'
2026-05-17 13:06:08,552 - __main__ - INFO - Found Fortnite window at (0, 0, 1920, 1080)
2026-05-17 13:06:08,997 - __main__ - ERROR - Detection loop error: '_thread._local' object has no attribute 'srcdc'
2026-05-17 13:06:08,997 - __main__ - INFO - Found Fortnite window at (0, 0, 1920, 1080)
2026-05-17 13:06:09,182 - __main__ - ERROR - Detection loop error: '_thread._local' object has no attribute 'srcdc'
2026-05-17 13:06:09,455 - __main__ - INFO - Found Fortnite window at (0, 0, 1920, 1080)
2026-05-17 13:06:09,682 - __main__ - ERROR - Detection loop error: '_thread._local' object has no attribute 'srcdc'
2026-05-17 13:06:09,875 - __main__ - INFO - Found Fortnite window at (0, 0, 1920, 1080)
2026-05-17 13:06:10,308 - __main__ - ERROR - Detection loop error: '_thread._local' object has no attribute 'srcdc'
2026-05-17 13:06:10,308 - __main__ - INFO - Found Fortnite window at (0, 0, 1920, 1080)
2026-05-17 13:06:10,633 - __main__ - ERROR - Detection loop error: '_thread._local' object has no attribute 'srcdc'
2026-05-17 13:06:10,746 - __main__ - INFO - Found Fortnite window at (0, 0, 1920, 1080)
2026-05-17 13:06:11,180 - __main__ - ERROR - Detection loop error: '_thread._local' object has no attribute 'srcdc'
2026-05-17 13:06:11,180 - __main__ - INFO - Found Fortnite window at (0, 0, 1920, 1080)
2026-05-17 13:06:11,631 - __main__ - ERROR - Detection loop error: '_thread._local' object has no attribute 'srcdc'
2026-05-17 13:06:11,631 - __main__ - INFO - Found Fortnite window at (0, 0, 1920, 1080)
2026-05-17 13:06:11,825 - __main__ - ERROR - Detection loop error: '_thread._local' object has no attribute 'srcdc'
2026-05-17 13:06:12,085 - __main__ - INFO - Found Fortnite window at (0, 0, 1920, 1080)
2026-05-17 13:06:12,085 - __main__ - ERROR - Detection loop error: '_thread._local' object has no attribute 'srcdc'
2026-05-17 13:06:12,384 - __main__ - ERROR - Detection loop error: '_thread._local' object has no attribute 'srcdc'
2026-05-17 13:06:12,502 - __main__ - INFO - Found Fortnite window at (0, 0, 1920, 1080)
2026-05-17 13:06:12,836 - __main__ - ERROR - Detection loop error: '_thread._local' object has no attribute 'srcdc'
2026-05-17 13:06:12,960 - __main__ - INFO - Found Fortnite window at (0, 0, 1920, 1080)
2026-05-17 13:06:12,990 - __main__ - ERROR - Detection loop error: '_thread._local' object has no attribute 'srcdc'
2026-05-17 13:06:13,186 - __main__ - ERROR - Detection loop error: '_thread._local' object has no attribute 'srcdc'
2026-05-17 13:06:13,362 - __main__ - INFO - Found Fortnite window at (0, 0, 1920, 1080)
2026-05-17 13:06:13,501 - __main__ - ERROR - Detection loop error: '_thread._local' object has no attribute 'srcdc'
2026-05-17 13:06:13,818 - __main__ - ERROR - Detection loop error: '_thread._local' object has no attribute 'srcdc'
2026-05-17 13:06:13,818 - __main__ - INFO - Found Fortnite window at (0, 0, 1920, 1080)
2026-05-17 13:06:13,958 - __main__ - ERROR - Detection loop error: '_thread._local' object has no attribute 'srcdc'
2026-05-17 13:06:14,250 - __main__ - INFO - Found Fortnite window at (0, 0, 1920, 1080)
2026-05-17 13:06:14,674 - __main__ - ERROR - Detection loop error: '_thread._local' object has no attribute 'srcdc'
2026-05-17 13:06:14,675 - __main__ - INFO - Found Fortnite window at (0, 0, 1920, 1080)
2026-05-17 13:06:14,782 - __main__ - ERROR - Detection loop error: '_thread._local' object has no attribute 'srcdc'
2026-05-17 13:06:15,147 - __main__ - ERROR - Detection loop error: '_thread._local' object has no attribute 'srcdc'
2026-05-17 13:06:15,147 - __main__ - INFO - Found Fortnite window at (0, 0, 1920, 1080)
2026-05-17 13:06:15,585 - __main__ - ERROR - Detection loop error: '_thread._local' object has no attribute 'srcdc'
2026-05-17 13:06:15,586 - __main__ - INFO - Found Fortnite window at (0, 0, 1920, 1080)
2026-05-17 13:06:15,734 - __main__ - ERROR - Detection loop error: '_thread._local' object has no attribute 'srcdc'
2026-05-17 13:06:16,031 - __main__ - INFO - Found Fortnite window at (0, 0, 1920, 1080)
2026-05-17 13:06:16,424 - __main__ - ERROR - Detection loop error: '_thread._local' object has no attribute 'srcdc'
2026-05-17 13:06:16,471 - __main__ - INFO - Found Fortnite window at (0, 0, 1920, 1080)
2026-05-17 13:06:16,689 - __main__ - ERROR - Detection loop error: '_thread._local' object has no attribute 'srcdc'
2026-05-17 13:06:16,904 - __main__ - INFO - Found Fortnite window at (0, 0, 1920, 1080)
2026-05-17 13:06:17,219 - __main__ - ERROR - Detection loop error: '_thread._local' object has no attribute 'srcdc'
2026-05-17 13:06:17,343 - __main__ - INFO - Found Fortnite window at (0, 0, 1920, 1080)
2026-05-17 13:06:17,469 - __main__ - ERROR - Detection loop error: '_thread._local' object has no attribute 'srcdc'
2026-05-17 13:06:17,720 - __main__ - ERROR - Detection loop error: '_thread._local' object has no attribute 'srcdc'
2026-05-17 13:06:17,822 - __main__ - INFO - Found Fortnite window at (0, 0, 1920, 1080)
2026-05-17 13:06:18,155 - __main__ - ERROR - Detection loop error: '_thread._local' object has no attribute 'srcdc'
2026-05-17 13:06:18,228 - __main__ - INFO - Found Fortnite window at (0, 0, 1920, 1080)
2026-05-17 13:06:18,454 - __main__ - ERROR - Detection loop error: '_thread._local' object has no attribute 'srcdc'
2026-05-17 13:06:18,671 - __main__ - ERROR - Detection loop error: '_thread._local' object has no attribute 'srcdc'
2026-05-17 13:06:18,671 - __main__ - INFO - Found Fortnite window at (0, 0, 1920, 1080)
2026-05-17 13:06:18,905 - __main__ - ERROR - Detection loop error: '_thread._local' object has no attribute 'srcdc'
2026-05-17 13:06:19,108 - __main__ - ERROR - Detection loop error: '_thread._local' object has no attribute 'srcdc'
2026-05-17 13:06:19,171 - __main__ - INFO - Found Fortnite window at (0, 0, 1920, 1080)
2026-05-17 13:06:19,311 - __main__ - ERROR - Detection loop error: '_thread._local' object has no attribute 'srcdc'
2026-05-17 13:06:19,655 - __main__ - ERROR - Detection loop error: '_thread._local' object has no attribute 'srcdc'
2026-05-17 13:06:19,796 - __main__ - ERROR - Detection loop error: '_thread._local' object has no attribute 'srcdc'
2026-05-17 13:06:19,891 - __main__ - INFO - Found Fortnite window at (0, 0, 1920, 1080)
2026-05-17 13:06:19,934 - __main__ - ERROR - Detection loop error: '_thread._local' object has no attribute 'srcdc'
2026-05-17 13:06:20,056 - __main__ - ERROR - Detection loop error: '_thread._local' object has no attribute 'srcdc'
2026-05-17 13:06:20,200 - __main__ - ERROR - Detection loop error: '_thread._local' object has no attribute 'srcdc'
2026-05-17 13:06:20,450 - __main__ - ERROR - Detection loop error: '_thread._local' object has no attribute 'srcdc'
2026-05-17 13:06:20,611 - __main__ - ERROR - Detection loop error: '_thread._local' object has no attribute 'srcdc'
2026-05-17 13:06:20,651 - __main__ - INFO - Found Fortnite window at (0, 0, 1920, 1080)
2026-05-17 13:06:20,829 - __main__ - ERROR - Detection loop error: '_thread._local' object has no attribute 'srcdc'
2026-05-17 13:06:21,062 - __main__ - ERROR - Detection loop error: '_thread._local' object has no attribute 'srcdc'
2026-05-17 13:06:21,219 - __main__ - ERROR - Detection loop error: '_thread._local' object has no attribute 'srcdc'
2026-05-17 13:06:21,347 - __main__ - INFO - Found Fortnite window at (0, 0, 1920, 1080)
2026-05-17 13:06:21,453 - __main__ - ERROR - Detection loop error: '_thread._local' object has no attribute 'srcdc'
2026-05-17 13:06:21,614 - __main__ - ERROR - Detection loop error: '_thread._local' object has no attribute 'srcdc'
2026-05-17 13:06:21,794 - __main__ - ERROR - Detection loop error: '_thread._local' object has no attribute 'srcdc'
2026-05-17 13:06:21,966 - __main__ - ERROR - Detection loop error: '_thread._local' object has no attribute 'srcdc'
2026-05-17 13:06:22,028 - __main__ - INFO - Found Fortnite window at (0, 0, 1920, 1080)
2026-05-17 13:06:22,122 - __main__ - ERROR - Detection loop error: '_thread._local' object has no attribute 'srcdc'
2026-05-17 13:06:22,232 - __main__ - ERROR - Detection loop error: '_thread._local' object has no attribute 'srcdc'
2026-05-17 13:06:22,402 - __main__ - ERROR - Detection loop error: '_thread._local' object has no attribute 'srcdc'
2026-05-17 13:06:22,730 - __main__ - ERROR - Detection loop error: '_thread._local' object has no attribute 'srcdc'
2026-05-17 13:06:22,742 - __main__ - INFO - Found Fortnite window at (0, 0, 1920, 1080)
2026-05-17 13:06:22,870 - __main__ - ERROR - Detection loop error: '_thread._local' object has no attribute 'srcdc'
2026-05-17 13:06:23,074 - __main__ - ERROR - Detection loop error: '_thread._local' object has no attribute 'srcdc'
2026-05-17 13:06:23,324 - __main__ - ERROR - Detection loop error: '_thread._local' object has no attribute 'srcdc'
2026-05-17 13:06:23,429 - __main__ - INFO - Found Fortnite window at (0, 0, 1920, 1080)
2026-05-17 13:06:23,484 - __main__ - ERROR - Detection loop error: '_thread._local' object has no attribute 'srcdc'
2026-05-17 13:06:23,731 - __main__ - ERROR - Detection loop error: '_thread._local' object has no attribute 'srcdc'
2026-05-17 13:06:23,933 - __main__ - ERROR - Detection loop error: '_thread._local' object has no attribute 'srcdc'
2026-05-17 13:06:24,104 - __main__ - ERROR - Detection loop error: '_thread._local' object has no attribute 'srcdc'
2026-05-17 13:06:24,132 - __main__ - INFO - Found Fortnite window at (0, 0, 1920, 1080)
2026-05-17 13:06:24,320 - __main__ - ERROR - Detection loop error: '_thread._local' object has no attribute 'srcdc'
2026-05-17 13:06:24,494 - __main__ - ERROR - Detection loop error: '_thread._local' object has no attribute 'srcdc'
2026-05-17 13:06:24,705 - __main__ - ERROR - Detection loop error: '_thread._local' object has no attribute 'srcdc'
2026-05-17 13:06:24,850 - __main__ - INFO - Found Fortnite window at (0, 0, 1920, 1080)
2026-05-17 13:06:24,900 - __main__ - ERROR - Detection loop error: '_thread._local' object has no attribute 'srcdc'
2026-05-17 13:06:25,024 - __main__ - ERROR - Detection loop error: '_thread._local' object has no attribute 'srcdc'
2026-05-17 13:06:25,182 - __main__ - ERROR - Detection loop error: '_thread._local' object has no attribute 'srcdc'
2026-05-17 13:06:25,372 - __main__ - ERROR - Detection loop error: '_thread._local' object has no attribute 'srcdc'
2026-05-17 13:06:25,527 - __main__ - ERROR - Detection loop error: '_thread._local' object has no attribute 'srcdc'
2026-05-17 13:06:25,632 - __main__ - INFO - Found Fortnite window at (0, 0, 1920, 1080)
2026-05-17 13:06:25,715 - __main__ - ERROR - Detection loop error: '_thread._local' object has no attribute 'srcdc'
2026-05-17 13:06:25,932 - __main__ - ERROR - Detection loop error: '_thread._local' object has no attribute 'srcdc'
2026-05-17 13:06:26,056 - __main__ - ERROR - Detection loop error: '_thread._local' object has no attribute 'srcdc'
2026-05-17 13:06:26,274 - __main__ - ERROR - Detection loop error: '_thread._local' object has no attribute 'srcdc'
2026-05-17 13:06:26,475 - __main__ - ERROR - Detection loop error: '_thread._local' object has no attribute 'srcdc'
2026-05-17 13:06:26,499 - __main__ - INFO - Found Fortnite window at (0, 0, 1920, 1080)
2026-05-17 13:06:26,646 - __main__ - ERROR - Detection loop error: '_thread._local' object has no attribute 'srcdc'
2026-05-17 13:06:26,867 - __main__ - ERROR - Detection loop error: '_thread._local' object has no attribute 'srcdc'
2026-05-17 13:06:27,029 - __main__ - ERROR - Detection loop error: '_thread._local' object has no attribute 'srcdc'
2026-05-17 13:06:27,196 - __main__ - ERROR - Detection loop error: '_thread._local' object has no attribute 'srcdc'
2026-05-17 13:06:27,388 - __main__ - ERROR - Detection loop error: '_thread._local' object has no attribute 'srcdc'
2026-05-17 13:06:27,388 - __main__ - INFO - Found Fortnite window at (0, 0, 1920, 1080)
2026-05-17 13:06:27,507 - __main__ - ERROR - Detection loop error: '_thread._local' object has no attribute 'srcdc'
2026-05-17 13:06:27,709 - __main__ - ERROR - Detection loop error: '_thread._local' object has no attribute 'srcdc'
2026-05-17 13:06:27,943 - __main__ - ERROR - Detection loop error: '_thread._local' object has no attribute 'srcdc'
2026-05-17 13:06:28,099 - __main__ - ERROR - Detection loop error: '_thread._local' object has no attribute 'srcdc'
2026-05-17 13:06:28,272 - __main__ - INFO - Found Fortnite window at (0, 0, 1920, 1080)
2026-05-17 13:06:28,272 - __main__ - ERROR - Detection loop error: '_thread._local' object has no attribute 'srcdc'
2026-05-17 13:06:28,398 - __main__ - ERROR - Detection loop error: '_thread._local' object has no attribute 'srcdc'
2026-05-17 13:06:28,692 - __main__ - ERROR - Detection loop error: '_thread._local' object has no attribute 'srcdc'
2026-05-17 13:06:28,961 - __main__ - ERROR - Detection loop error: '_thread._local' object has no attribute 'srcdc'
2026-05-17 13:06:29,146 - __main__ - ERROR - Detection loop error: '_thread._local' object has no attribute 'srcdc'
2026-05-17 13:06:29,155 - __main__ - INFO - Found Fortnite window at (0, 0, 1920, 1080)
2026-05-17 13:06:29,303 - __main__ - ERROR - Detection loop error: '_thread._local' object has no attribute 'srcdc'
2026-05-17 13:06:29,469 - __main__ - ERROR - Detection loop error: '_thread._local' object has no attribute 'srcdc'
2026-05-17 13:06:29,707 - __main__ - ERROR - Detection loop error: '_thread._local' object has no attribute 'srcdc'
2026-05-17 13:06:29,992 - __main__ - ERROR - Detection loop error: '_thread._local' object has no attribute 'srcdc'
2026-05-17 13:06:30,099 - __main__ - INFO - Found Fortnite window at (0, 0, 1920, 1080)
2026-05-17 13:06:30,115 - __main__ - ERROR - Detection loop error: '_thread._local' object has no attribute 'srcdc'
2026-05-17 13:06:30,239 - __main__ - ERROR - Detection loop error: '_thread._local' object has no attribute 'srcdc'
2026-05-17 13:06:30,488 - __main__ - ERROR - Detection loop error: '_thread._local' object has no attribute 'srcdc'
2026-05-17 13:06:30,643 - __main__ - ERROR - Detection loop error: '_thread._local' object has no attribute 'srcdc'
2026-05-17 13:06:30,802 - __main__ - ERROR - Detection loop error: '_thread._local' object has no attribute 'srcdc'
2026-05-17 13:06:30,955 - __main__ - ERROR - Detection loop error: '_thread._local' object has no attribute 'srcdc'
2026-05-17 13:06:31,017 - __main__ - INFO - Found Fortnite window at (0, 0, 1920, 1080)
2026-05-17 13:06:31,126 - __main__ - ERROR - Detection loop error: '_thread._local' object has no attribute 'srcdc'
2026-05-17 13:06:31,296 - __main__ - ERROR - Detection loop error: '_thread._local' object has no attribute 'srcdc'
2026-05-17 13:06:31,501 - __main__ - ERROR - Detection loop error: '_thread._local' object has no attribute 'srcdc'
2026-05-17 13:06:31,692 - __main__ - ERROR - Detection loop error: '_thread._local' object has no attribute 'srcdc'
2026-05-17 13:06:31,796 - __main__ - INFO - Found Fortnite window at (0, 0, 1920, 1080)
2026-05-17 13:06:31,833 - __main__ - ERROR - Detection loop error: '_thread._local' object has no attribute 'srcdc'
2026-05-17 13:06:31,957 - __main__ - ERROR - Detection loop error: '_thread._local' object has no attribute 'srcdc'
2026-05-17 13:06:32,161 - __main__ - ERROR - Detection loop error: '_thread._local' object has no attribute 'srcdc'
2026-05-17 13:06:32,303 - __main__ - ERROR - Detection loop error: '_thread._local' object has no attribute 'srcdc'
2026-05-17 13:06:32,511 - __main__ - ERROR - Detection loop error: '_thread._local' object has no attribute 'srcdc'
2026-05-17 13:06:32,679 - __main__ - ERROR - Detection loop error: '_thread._local' object has no attribute 'srcdc'
2026-05-17 13:06:32,700 - __main__ - INFO - Found Fortnite window at (0, 0, 1920, 1080)
2026-05-17 13:06:32,836 - __main__ - ERROR - Detection loop error: '_thread._local' object has no attribute 'srcdc'
2026-05-17 13:06:32,993 - __main__ - ERROR - Detection loop error: '_thread._local' object has no attribute 'srcdc'
2026-05-17 13:06:33,228 - __main__ - ERROR - Detection loop error: '_thread._local' object has no attribute 'srcdc'
2026-05-17 13:06:33,402 - __main__ - ERROR - Detection loop error: '_thread._local' object has no attribute 'srcdc'
2026-05-17 13:06:33,578 - __main__ - ERROR - Detection loop error: '_thread._local' object has no attribute 'srcdc'
2026-05-17 13:06:33,578 - __main__ - INFO - Found Fortnite window at (0, 0, 1920, 1080)
2026-05-17 13:06:33,700 - __main__ - ERROR - Detection loop error: '_thread._local' object has no attribute 'srcdc'
2026-05-17 13:06:33,950 - __main__ - ERROR - Detection loop error: '_thread._local' object has no attribute 'srcdc'
2026-05-17 13:06:34,218 - __main__ - ERROR - Detection loop error: '_thread._local' object has no attribute 'srcdc'
2026-05-17 13:06:34,460 - __main__ - ERROR - Detection loop error: '_thread._local' object has no attribute 'srcdc'
2026-05-17 13:06:34,460 - __main__ - INFO - Found Fortnite window at (0, 0, 1920, 1080)
2026-05-17 13:06:34,577 - __main__ - ERROR - Detection loop error: '_thread._local' object has no attribute 'srcdc'
2026-05-17 13:06:34,827 - __main__ - ERROR - Detection loop error: '_thread._local' object has no attribute 'srcdc'
2026-05-17 13:06:34,969 - __main__ - ERROR - Detection loop error: '_thread._local' object has no attribute 'srcdc'
2026-05-17 13:06:35,184 - __main__ - ERROR - Detection loop error: '_thread._local' object has no attribute 'srcdc'
2026-05-17 13:06:35,350 - __main__ - INFO - Found Fortnite window at (0, 0, 1920, 1080)
2026-05-17 13:06:35,481 - __main__ - ERROR - Detection loop error: '_thread._local' object has no attribute 'srcdc'
2026-05-17 13:06:35,648 - __main__ - ERROR - Detection loop error: '_thread._local' object has no attribute 'srcdc'
2026-05-17 13:06:35,950 - __main__ - ERROR - Detection loop error: '_thread._local' object has no attribute 'srcdc'
2026-05-17 13:06:36,137 - __main__ - ERROR - Detection loop error: '_thread._local' object has no attribute 'srcdc'
2026-05-17 13:06:36,202 - __main__ - INFO - Found Fortnite window at (0, 0, 1920, 1080)
2026-05-17 13:06:36,376 - __main__ - ERROR - Detection loop error: '_thread._local' object has no attribute 'srcdc'
2026-05-17 13:06:36,716 - __main__ - ERROR - Detection loop error: '_thread._local' object has no attribute 'srcdc'
2026-05-17 13:06:36,924 - __main__ - ERROR - Detection loop error: '_thread._local' object has no attribute 'srcdc'
2026-05-17 13:06:37,080 - __main__ - INFO - Found Fortnite window at (0, 0, 1920, 1080)
2026-05-17 13:06:37,160 - __main__ - ERROR - Detection loop error: '_thread._local' object has no attribute 'srcdc'
2026-05-17 13:06:37,300 - __main__ - ERROR - Detection loop error: '_thread._local' object has no attribute 'srcdc'
2026-05-17 13:06:37,550 - __main__ - ERROR - Detection loop error: '_thread._local' object has no attribute 'srcdc'
2026-05-17 13:06:37,813 - __main__ - ERROR - Detection loop error: '_thread._local' object has no attribute 'srcdc'
2026-05-17 13:06:38,012 - __main__ - INFO - Found Fortnite window at (0, 0, 1920, 1080)
2026-05-17 13:06:38,032 - __main__ - ERROR - Detection loop error: '_thread._local' object has no attribute 'srcdc'
2026-05-17 13:06:38,173 - __main__ - ERROR - Detection loop error: '_thread._local' object has no attribute 'srcdc'
2026-05-17 13:06:38,360 - __main__ - ERROR - Detection loop error: '_thread._local' object has no attribute 'srcdc'
2026-05-17 13:06:38,831 - __main__ - ERROR - Detection loop error: '_thread._local' object has no attribute 'srcdc'
2026-05-17 13:06:38,915 - __main__ - INFO - Found Fortnite window at (0, 0, 1920, 1080)
2026-05-17 13:06:39,034 - __main__ - ERROR - Detection loop error: '_thread._local' object has no attribute 'srcdc'
2026-05-17 13:06:39,223 - __main__ - ERROR - Detection loop error: '_thread._local' object has no attribute 'srcdc'
2026-05-17 13:06:39,551 - __main__ - ERROR - Detection loop error: '_thread._local' object has no attribute 'srcdc'
2026-05-17 13:06:39,753 - __main__ - ERROR - Detection loop error: '_thread._local' object has no attribute 'srcdc'
2026-05-17 13:06:39,799 - __main__ - INFO - Found Fortnite window at (0, 0, 1920, 1080)
2026-05-17 13:06:39,923 - __main__ - ERROR - Detection loop error: '_thread._local' object has no attribute 'srcdc'
2026-05-17 13:06:40,077 - __main__ - ERROR - Detection loop error: '_thread._local' object has no attribute 'srcdc'
2026-05-17 13:06:40,453 - __main__ - ERROR - Detection loop error: '_thread._local' object has no attribute 'srcdc'
2026-05-17 13:06:40,611 - __main__ - INFO - Found Fortnite window at (0, 0, 1920, 1080)
2026-05-17 13:06:40,624 - __main__ - ERROR - Detection loop error: '_thread._local' object has no attribute 'srcdc'
2026-05-17 13:06:40,828 - __main__ - ERROR - Detection loop error: '_thread._local' object has no attribute 'srcdc'
2026-05-17 13:06:41,060 - __main__ - ERROR - Detection loop error: '_thread._local' object has no attribute 'srcdc'
2026-05-17 13:06:41,202 - __main__ - ERROR - Detection loop error: '_thread._local' object has no attribute 'srcdc'
2026-05-17 13:06:41,500 - __main__ - INFO - Found Fortnite window at (0, 0, 1920, 1080)
2026-05-17 13:06:41,562 - __main__ - ERROR - Detection loop error: '_thread._local' object has no attribute 'srcdc'
2026-05-17 13:06:41,704 - __main__ - ERROR - Detection loop error: '_thread._local' object has no attribute 'srcdc'
2026-05-17 13:06:41,956 - __main__ - ERROR - Detection loop error: '_thread._local' object has no attribute 'srcdc'
2026-05-17 13:06:42,184 - __main__ - ERROR - Detection loop error: '_thread._local' object has no attribute 'srcdc'
2026-05-17 13:06:42,287 - __main__ - INFO - Found Fortnite window at (0, 0, 1920, 1080)
2026-05-17 13:06:42,376 - __main__ - ERROR - Detection loop error: '_thread._local' object has no attribute 'srcdc'
2026-05-17 13:06:42,640 - __main__ - ERROR - Detection loop error: '_thread._local' object has no attribute 'srcdc'
2026-05-17 13:06:42,834 - __main__ - ERROR - Detection loop error: '_thread._local' object has no attribute 'srcdc'
2026-05-17 13:06:43,050 - __main__ - INFO - Found Fortnite window at (0, 0, 1920, 1080)
2026-05-17 13:06:43,063 - __main__ - ERROR - Detection loop error: '_thread._local' object has no attribute 'srcdc'
2026-05-17 13:06:43,189 - __main__ - ERROR - Detection loop error: '_thread._local' object has no attribute 'srcdc'
2026-05-17 13:06:43,345 - __main__ - ERROR - Detection loop error: '_thread._local' object has no attribute 'srcdc'
2026-05-17 13:06:43,608 - __main__ - ERROR - Detection loop error: '_thread._local' object has no attribute 'srcdc'
2026-05-17 13:06:43,796 - __main__ - ERROR - Detection loop error: '_thread._local' object has no attribute 'srcdc'
2026-05-17 13:06:43,816 - __main__ - INFO - Found Fortnite window at (0, 0, 1920, 1080)
2026-05-17 13:06:43,966 - __main__ - ERROR - Detection loop error: '_thread._local' object has no attribute 'srcdc'
2026-05-17 13:06:44,217 - __main__ - ERROR - Detection loop error: '_thread._local' object has no attribute 'srcdc'
2026-05-17 13:06:44,406 - __main__ - ERROR - Detection loop error: '_thread._local' object has no attribute 'srcdc'
2026-05-17 13:06:44,643 - __main__ - INFO - Found Fortnite window at (0, 0, 1920, 1080)
2026-05-17 13:06:44,653 - __main__ - ERROR - Detection loop error: '_thread._local' object has no attribute 'srcdc'
2026-05-17 13:06:44,764 - __main__ - ERROR - Detection loop error: '_thread._local' object has no attribute 'srcdc'
2026-05-17 13:06:45,045 - __main__ - ERROR - Detection loop error: '_thread._local' object has no attribute 'srcdc'
2026-05-17 13:06:45,279 - __main__ - ERROR - Detection loop error: '_thread._local' object has no attribute 'srcdc'
2026-05-17 13:06:45,539 - __main__ - INFO - Found Fortnite window at (0, 0, 1920, 1080)
2026-05-17 13:06:45,668 - __main__ - ERROR - Detection loop error: '_thread._local' object has no attribute 'srcdc'
2026-05-17 13:06:45,966 - __main__ - ERROR - Detection loop error: '_thread._local' object has no attribute 'srcdc'
2026-05-17 13:06:46,166 - __main__ - ERROR - Detection loop error: '_thread._local' object has no attribute 'srcdc'
2026-05-17 13:06:46,342 - __main__ - INFO - Found Fortnite window at (0, 0, 1920, 1080)
2026-05-17 13:06:46,416 - __main__ - ERROR - Detection loop error: '_thread._local' object has no attribute 'srcdc'
2026-05-17 13:06:46,695 - __main__ - ERROR - Detection loop error: '_thread._local' object has no attribute 'srcdc'
2026-05-17 13:06:46,867 - __main__ - ERROR - Detection loop error: '_thread._local' object has no attribute 'srcdc'
2026-05-17 13:06:47,100 - __main__ - ERROR - Detection loop error: '_thread._local' object has no attribute 'srcdc'
2026-05-17 13:06:47,108 - __main__ - INFO - Found Fortnite window at (0, 0, 1920, 1080)
2026-05-17 13:06:47,237 - __main__ - ERROR - Detection loop error: '_thread._local' object has no attribute 'srcdc'
2026-05-17 13:06:47,483 - __main__ - ERROR - Detection loop error: '_thread._local' object has no attribute 'srcdc'
2026-05-17 13:06:47,736 - __main__ - ERROR - Detection loop error: '_thread._local' object has no attribute 'srcdc'
2026-05-17 13:06:47,975 - __main__ - ERROR - Detection loop error: '_thread._local' object has no attribute 'srcdc'
2026-05-17 13:06:47,975 - __main__ - INFO - Found Fortnite window at (0, 0, 1920, 1080)
2026-05-17 13:06:48,112 - __main__ - ERROR - Detection loop error: '_thread._local' object has no attribute 'srcdc'
2026-05-17 13:06:48,299 - __main__ - ERROR - Detection loop error: '_thread._local' object has no attribute 'srcdc'
2026-05-17 13:06:48,533 - __main__ - ERROR - Detection loop error: '_thread._local' object has no attribute 'srcdc'
2026-05-17 13:06:48,768 - __main__ - ERROR - Detection loop error: '_thread._local' object has no attribute 'srcdc'
2026-05-17 13:06:48,924 - __main__ - INFO - Found Fortnite window at (0, 0, 1920, 1080)
2026-05-17 13:06:49,040 - __main__ - ERROR - Detection loop error: '_thread._local' object has no attribute 'srcdc'
2026-05-17 13:06:49,351 - __main__ - ERROR - Detection loop error: '_thread._local' object has no attribute 'srcdc'
2026-05-17 13:06:49,644 - __main__ - ERROR - Detection loop error: '_thread._local' object has no attribute 'srcdc'
2026-05-17 13:06:49,798 - __main__ - INFO - Found Fortnite window at (0, 0, 1920, 1080)
2026-05-17 13:06:49,877 - __main__ - ERROR - Detection loop error: '_thread._local' object has no attribute 'srcdc'
2026-05-17 13:06:50,112 - __main__ - ERROR - Detection loop error: '_thread._local' object has no attribute 'srcdc'
2026-05-17 13:06:50,516 - __main__ - ERROR - Detection loop error: '_thread._local' object has no attribute 'srcdc'
2026-05-17 13:06:50,601 - __main__ - INFO - Found Fortnite window at (0, 0, 1920, 1080)
2026-05-17 13:06:50,781 - __main__ - ERROR - Detection loop error: '_thread._local' object has no attribute 'srcdc'
2026-05-17 13:06:50,924 - __main__ - ERROR - Detection loop error: '_thread._local' object has no attribute 'srcdc'
2026-05-17 13:06:51,188 - __main__ - ERROR - Detection loop error: '_thread._local' object has no attribute 'srcdc'
2026-05-17 13:06:51,425 - __main__ - ERROR - Detection loop error: '_thread._local' object has no attribute 'srcdc'
2026-05-17 13:06:51,425 - __main__ - INFO - Found Fortnite window at (0, 0, 1920, 1080)
2026-05-17 13:06:51,560 - __main__ - ERROR - Detection loop error: '_thread._local' object has no attribute 'srcdc'
2026-05-17 13:06:51,808 - __main__ - ERROR - Detection loop error: '_thread._local' object has no attribute 'srcdc'
2026-05-17 13:06:52,137 - __main__ - ERROR - Detection loop error: '_thread._local' object has no attribute 'srcdc'
2026-05-17 13:06:52,291 - __main__ - INFO - Found Fortnite window at (0, 0, 1920, 1080)
2026-05-17 13:06:52,293 - __main__ - ERROR - Detection loop error: '_thread._local' object has no attribute 'srcdc'
2026-05-17 13:06:52,418 - __main__ - ERROR - Detection loop error: '_thread._local' object has no attribute 'srcdc'
2026-05-17 13:06:52,591 - __main__ - ERROR - Detection loop error: '_thread._local' object has no attribute 'srcdc'
2026-05-17 13:06:52,792 - __main__ - ERROR - Detection loop error: '_thread._local' object has no attribute 'srcdc'
2026-05-17 13:06:52,978 - __main__ - ERROR - Detection loop error: '_thread._local' object has no attribute 'srcdc'
2026-05-17 13:06:53,092 - __main__ - INFO - Found Fortnite window at (0, 0, 1920, 1080)
2026-05-17 13:06:53,224 - __main__ - ERROR - Detection loop error: '_thread._local' object has no attribute 'srcdc'
2026-05-17 13:06:53,632 - __main__ - ERROR - Detection loop error: '_thread._local' object has no attribute 'srcdc'
2026-05-17 13:06:53,801 - __main__ - ERROR - Detection loop error: '_thread._local' object has no attribute 'srcdc'
2026-05-17 13:06:53,880 - __main__ - INFO - Found Fortnite window at (0, 0, 1920, 1080)
2026-05-17 13:06:54,052 - __main__ - ERROR - Detection loop error: '_thread._local' object has no attribute 'srcdc'
2026-05-17 13:06:54,242 - __main__ - ERROR - Detection loop error: '_thread._local' object has no attribute 'srcdc'
2026-05-17 13:06:54,550 - __main__ - ERROR - Detection loop error: '_thread._local' object has no attribute 'srcdc'
2026-05-17 13:06:54,583 - __main__ - INFO - Found Fortnite window at (0, 0, 1920, 1080)
2026-05-17 13:06:54,715 - __main__ - ERROR - Detection loop error: '_thread._local' object has no attribute 'srcdc'
2026-05-17 13:06:54,924 - __main__ - ERROR - Detection loop error: '_thread._local' object has no attribute 'srcdc'
2026-05-17 13:06:55,149 - __main__ - ERROR - Detection loop error: '_thread._local' object has no attribute 'srcdc'
2026-05-17 13:06:55,315 - __main__ - ERROR - Detection loop error: '_thread._local' object has no attribute 'srcdc'
2026-05-17 13:06:55,403 - __main__ - INFO - Found Fortnite window at (0, 0, 1920, 1080)
2026-05-17 13:06:55,563 - __main__ - ERROR - Detection loop error: '_thread._local' object has no attribute 'srcdc'
2026-05-17 13:06:55,908 - __main__ - ERROR - Detection loop error: '_thread._local' object has no attribute 'srcdc'
2026-05-17 13:06:55,939 - __main__ - INFO - Found Fortnite window at (0, 0, 1920, 1080)
2026-05-17 13:06:56,149 - __main__ - ERROR - Detection loop error: '_thread._local' object has no attribute 'srcdc'
2026-05-17 13:06:56,355 - __main__ - INFO - Found Fortnite window at (0, 0, 1920, 1080)
2026-05-17 13:06:56,620 - __main__ - ERROR - Detection loop error: '_thread._local' object has no attribute 'srcdc'
2026-05-17 13:06:56,791 - __main__ - INFO - Found Fortnite window at (0, 0, 1920, 1080)
2026-05-17 13:06:57,009 - __main__ - ERROR - Detection loop error: '_thread._local' object has no attribute 'srcdc'
2026-05-17 13:06:57,242 - __main__ - INFO - Found Fortnite window at (0, 0, 1920, 1080)
2026-05-17 13:06:57,410 - __main__ - ERROR - Detection loop error: '_thread._local' object has no attribute 'srcdc'
2026-05-17 13:06:57,705 - __main__ - INFO - Found Fortnite window at (0, 0, 1920, 1080)
2026-05-17 13:06:57,813 - __main__ - ERROR - Detection loop error: '_thread._local' object has no attribute 'srcdc'
2026-05-17 13:06:58,015 - __main__ - ERROR - Detection loop error: '_thread._local' object has no attribute 'srcdc'
2026-05-17 13:06:58,155 - __main__ - ERROR - Detection loop error: '_thread._local' object has no attribute 'srcdc'
2026-05-17 13:06:58,158 - __main__ - INFO - Found Fortnite window at (0, 0, 1920, 1080)
2026-05-17 13:06:58,280 - __main__ - ERROR - Detection loop error: '_thread._local' object has no attribute 'srcdc'
2026-05-17 13:06:58,511 - __main__ - ERROR - Detection loop error: '_thread._local' object has no attribute 'srcdc'
2026-05-17 13:06:58,643 - __main__ - INFO - Found Fortnite window at (0, 0, 1920, 1080)
2026-05-17 13:06:58,668 - __main__ - ERROR - Detection loop error: '_thread._local' object has no attribute 'srcdc'
2026-05-17 13:06:58,809 - __main__ - ERROR - Detection loop error: '_thread._local' object has no attribute 'srcdc'
2026-05-17 13:06:58,982 - __main__ - ERROR - Detection loop error: '_thread._local' object has no attribute 'srcdc'
2026-05-17 13:06:59,203 - __main__ - ERROR - Detection loop error: '_thread._local' object has no attribute 'srcdc'
2026-05-17 13:06:59,357 - __main__ - ERROR - Detection loop error: '_thread._local' object has no attribute 'srcdc'
2026-05-17 13:06:59,357 - __main__ - INFO - Found Fortnite window at (0, 0, 1920, 1080)
2026-05-17 13:06:59,481 - __main__ - ERROR - Detection loop error: '_thread._local' object has no attribute 'srcdc'
2026-05-17 13:06:59,652 - __main__ - ERROR - Detection loop error: '_thread._local' object has no attribute 'srcdc'
2026-05-17 13:06:59,824 - __main__ - ERROR - Detection loop error: '_thread._local' object has no attribute 'srcdc'
2026-05-17 13:06:59,941 - __main__ - ERROR - Detection loop error: '_thread._local' object has no attribute 'srcdc'
2026-05-17 13:07:00,043 - __main__ - INFO - Found Fortnite window at (0, 0, 1920, 1080)
2026-05-17 13:07:00,117 - __main__ - ERROR - Detection loop error: '_thread._local' object has no attribute 'srcdc'
2026-05-17 13:07:00,236 - __main__ - ERROR - Detection loop error: '_thread._local' object has no attribute 'srcdc'
2026-05-17 13:07:00,398 - __main__ - ERROR - Detection loop error: '_thread._local' object has no attribute 'srcdc'
2026-05-17 13:07:00,586 - __main__ - ERROR - Detection loop error: '_thread._local' object has no attribute 'srcdc'
2026-05-17 13:07:00,664 - __main__ - INFO - Found Fortnite window at (0, 0, 1920, 1080)
2026-05-17 13:07:00,745 - __main__ - ERROR - Detection loop error: '_thread._local' object has no attribute 'srcdc'
2026-05-17 13:07:00,919 - __main__ - ERROR - Detection loop error: '_thread._local' object has no attribute 'srcdc'
2026-05-17 13:07:01,083 - __main__ - ERROR - Detection loop error: '_thread._local' object has no attribute 'srcdc'
2026-05-17 13:07:01,148 - __main__ - INFO - Found Fortnite window at (0, 0, 1920, 1080)
2026-05-17 13:07:01,290 - __main__ - ERROR - Detection loop error: '_thread._local' object has no attribute 'srcdc'
2026-05-17 13:07:01,494 - __main__ - ERROR - Detection loop error: '_thread._local' object has no attribute 'srcdc'
2026-05-17 13:07:01,665 - __main__ - ERROR - Detection loop error: '_thread._local' object has no attribute 'srcdc'
2026-05-17 13:07:01,835 - __main__ - INFO - Found Fortnite window at (0, 0, 1920, 1080)
2026-05-17 13:07:01,836 - __main__ - ERROR - Detection loop error: '_thread._local' object has no attribute 'srcdc'
2026-05-17 13:07:02,033 - __main__ - ERROR - Detection loop error: '_thread._local' object has no attribute 'srcdc'
2026-05-17 13:07:02,178 - __main__ - ERROR - Detection loop error: '_thread._local' object has no attribute 'srcdc'
2026-05-17 13:07:02,411 - __main__ - INFO - Found Fortnite window at (0, 0, 1920, 1080)
2026-05-17 13:07:02,428 - __main__ - ERROR - Detection loop error: '_thread._local' object has no attribute 'srcdc'
2026-05-17 13:07:02,539 - __main__ - ERROR - Detection loop error: '_thread._local' object has no attribute 'srcdc'
2026-05-17 13:07:02,785 - __main__ - ERROR - Detection loop error: '_thread._local' object has no attribute 'srcdc'
2026-05-17 13:07:02,917 - __main__ - INFO - Found Fortnite window at (0, 0, 1920, 1080)
2026-05-17 13:07:02,958 - __main__ - ERROR - Detection loop error: '_thread._local' object has no attribute 'srcdc'
2026-05-17 13:07:03,093 - __main__ - ERROR - Detection loop error: '_thread._local' object has no attribute 'srcdc'
2026-05-17 13:07:03,364 - __main__ - ERROR - Detection loop error: '_thread._local' object has no attribute 'srcdc'
2026-05-17 13:07:03,600 - __main__ - ERROR - Detection loop error: '_thread._local' object has no attribute 'srcdc'
2026-05-17 13:07:03,600 - __main__ - INFO - Found Fortnite window at (0, 0, 1920, 1080)
2026-05-17 13:07:03,722 - __main__ - ERROR - Detection loop error: '_thread._local' object has no attribute 'srcdc'
2026-05-17 13:07:03,890 - __main__ - ERROR - Detection loop error: '_thread._local' object has no attribute 'srcdc'
2026-05-17 13:07:04,015 - __main__ - ERROR - Detection loop error: '_thread._local' object has no attribute 'srcdc'
2026-05-17 13:07:04,248 - __main__ - ERROR - Detection loop error: '_thread._local' object has no attribute 'srcdc'
2026-05-17 13:07:04,469 - __main__ - INFO - Found Fortnite window at (0, 0, 1920, 1080)
2026-05-17 13:07:04,483 - __main__ - ERROR - Detection loop error: '_thread._local' object has no attribute 'srcdc'
2026-05-17 13:07:04,609 - __main__ - ERROR - Detection loop error: '_thread._local' object has no attribute 'srcdc'
2026-05-17 13:07:04,778 - __main__ - ERROR - Detection loop error: '_thread._local' object has no attribute 'srcdc'
2026-05-17 13:07:04,981 - __main__ - ERROR - Detection loop error: '_thread._local' object has no attribute 'srcdc'
2026-05-17 13:07:05,138 - __main__ - ERROR - Detection loop error: '_thread._local' object has no attribute 'srcdc'
2026-05-17 13:07:05,357 - __main__ - ERROR - Detection loop error: '_thread._local' object has no attribute 'srcdc'
2026-05-17 13:07:05,417 - __main__ - INFO - Found Fortnite window at (0, 0, 1920, 1080)
2026-05-17 13:07:05,543 - __main__ - ERROR - Detection loop error: '_thread._local' object has no attribute 'srcdc'
2026-05-17 13:07:05,810 - __main__ - ERROR - Detection loop error: '_thread._local' object has no attribute 'srcdc'
2026-05-17 13:07:06,013 - __main__ - ERROR - Detection loop error: '_thread._local' object has no attribute 'srcdc'
2026-05-17 13:07:06,186 - __main__ - ERROR - Detection loop error: '_thread._local' object has no attribute 'srcdc'
2026-05-17 13:07:06,389 - __main__ - ERROR - Detection loop error: '_thread._local' object has no attribute 'srcdc'
2026-05-17 13:07:06,389 - __main__ - INFO - Found Fortnite window at (0, 0, 1920, 1080)
2026-05-17 13:07:06,498 - __main__ - ERROR - Detection loop error: '_thread._local' object has no attribute 'srcdc'
2026-05-17 13:07:06,640 - __main__ - ERROR - Detection loop error: '_thread._local' object has no attribute 'srcdc'
2026-05-17 13:07:06,796 - __main__ - ERROR - Detection loop error: '_thread._local' object has no attribute 'srcdc'
2026-05-17 13:07:06,987 - __main__ - ERROR - Detection loop error: '_thread._local' object has no attribute 'srcdc'
2026-05-17 13:07:07,204 - __main__ - ERROR - Detection loop error: '_thread._local' object has no attribute 'srcdc'
2026-05-17 13:07:07,391 - __main__ - ERROR - Detection loop error: '_thread._local' object has no attribute 'srcdc'
2026-05-17 13:07:07,418 - __main__ - INFO - Found Fortnite window at (0, 0, 1920, 1080)
2026-05-17 13:07:07,548 - __main__ - ERROR - Detection loop error: '_thread._local' object has no attribute 'srcdc'
2026-05-17 13:07:07,734 - __main__ - ERROR - Detection loop error: '_thread._local' object has no attribute 'srcdc'
2026-05-17 13:07:07,904 - __main__ - ERROR - Detection loop error: '_thread._local' object has no attribute 'srcdc'
2026-05-17 13:07:08,123 - __main__ - ERROR - Detection loop error: '_thread._local' object has no attribute 'srcdc'
2026-05-17 13:07:08,282 - __main__ - ERROR - Detection loop error: '_thread._local' object has no attribute 'srcdc'
2026-05-17 13:07:08,306 - __main__ - INFO - Found Fortnite window at (0, 0, 1920, 1080)
2026-05-17 13:07:08,438 - __main__ - ERROR - Detection loop error: '_thread._local' object has no attribute 'srcdc'
2026-05-17 13:07:08,639 - __main__ - ERROR - Detection loop error: '_thread._local' object has no attribute 'srcdc'
2026-05-17 13:07:08,802 - __main__ - ERROR - Detection loop error: '_thread._local' object has no attribute 'srcdc'
2026-05-17 13:07:08,952 - __main__ - ERROR - Detection loop error: '_thread._local' object has no attribute 'srcdc'
2026-05-17 13:07:09,152 - __main__ - ERROR - Detection loop error: '_thread._local' object has no attribute 'srcdc'
2026-05-17 13:07:09,202 - __main__ - INFO - Found Fortnite window at (0, 0, 1920, 1080)
2026-05-17 13:07:09,339 - __main__ - ERROR - Detection loop error: '_thread._local' object has no attribute 'srcdc'
2026-05-17 13:07:09,544 - __main__ - ERROR - Detection loop error: '_thread._local' object has no attribute 'srcdc'
2026-05-17 13:07:09,761 - __main__ - ERROR - Detection loop error: '_thread._local' object has no attribute 'srcdc'
2026-05-17 13:07:09,922 - __main__ - ERROR - Detection loop error: '_thread._local' object has no attribute 'srcdc'
2026-05-17 13:07:10,065 - __main__ - INFO - Found Fortnite window at (0, 0, 1920, 1080)
2026-05-17 13:07:10,187 - __main__ - ERROR - Detection loop error: '_thread._local' object has no attribute 'srcdc'
2026-05-17 13:07:10,375 - __main__ - ERROR - Detection loop error: '_thread._local' object has no attribute 'srcdc'
2026-05-17 13:07:10,544 - __main__ - ERROR - Detection loop error: '_thread._local' object has no attribute 'srcdc'
2026-05-17 13:07:10,729 - __main__ - ERROR - Detection loop error: '_thread._local' object has no attribute 'srcdc'
2026-05-17 13:07:10,884 - __main__ - ERROR - Detection loop error: '_thread._local' object has no attribute 'srcdc'
2026-05-17 13:07:11,024 - __main__ - INFO - Found Fortnite window at (0, 0, 1920, 1080)
2026-05-17 13:07:11,055 - __main__ - ERROR - Detection loop error: '_thread._local' object has no attribute 'srcdc'
2026-05-17 13:07:11,179 - __main__ - ERROR - Detection loop error: '_thread._local' object has no attribute 'srcdc'
2026-05-17 13:07:11,334 - __main__ - ERROR - Detection loop error: '_thread._local' object has no attribute 'srcdc'
2026-05-17 13:07:11,474 - __main__ - ERROR - Detection loop error: '_thread._local' object has no attribute 'srcdc'
2026-05-17 13:07:11,644 - __main__ - ERROR - Detection loop error: '_thread._local' object has no attribute 'srcdc'
2026-05-17 13:07:11,877 - __main__ - ERROR - Detection loop error: '_thread._local' object has no attribute 'srcdc'
2026-05-17 13:07:11,963 - __main__ - INFO - Found Fortnite window at (0, 0, 1920, 1080)
2026-05-17 13:07:12,079 - __main__ - ERROR - Detection loop error: '_thread._local' object has no attribute 'srcdc'
2026-05-17 13:07:12,233 - __main__ - ERROR - Detection loop error: '_thread._local' object has no attribute 'srcdc'
2026-05-17 13:07:12,388 - __main__ - ERROR - Detection loop error: '_thread._local' object has no attribute 'srcdc'
2026-05-17 13:07:12,560 - __main__ - ERROR - Detection loop error: '_thread._local' object has no attribute 'srcdc'
2026-05-17 13:07:12,747 - __main__ - ERROR - Detection loop error: '_thread._local' object has no attribute 'srcdc'
2026-05-17 13:07:12,982 - __main__ - ERROR - Detection loop error: '_thread._local' object has no attribute 'srcdc'
2026-05-17 13:07:13,054 - __main__ - INFO - Found Fortnite window at (0, 0, 1920, 1080)
2026-05-17 13:07:13,122 - __main__ - ERROR - Detection loop error: '_thread._local' object has no attribute 'srcdc'
2026-05-17 13:07:13,262 - __main__ - ERROR - Detection loop error: '_thread._local' object has no attribute 'srcdc'
2026-05-17 13:07:13,450 - __main__ - ERROR - Detection loop error: '_thread._local' object has no attribute 'srcdc'
2026-05-17 13:07:13,608 - __main__ - ERROR - Detection loop error: '_thread._local' object has no attribute 'srcdc'
2026-05-17 13:07:13,752 - __main__ - ERROR - Detection loop error: '_thread._local' object has no attribute 'srcdc'
2026-05-17 13:07:13,965 - __main__ - ERROR - Detection loop error: '_thread._local' object has no attribute 'srcdc'
2026-05-17 13:07:14,114 - __main__ - INFO - Found Fortnite window at (0, 0, 1920, 1080)
2026-05-17 13:07:14,120 - __main__ - ERROR - Detection loop error: '_thread._local' object has no attribute 'srcdc'
2026-05-17 13:07:14,247 - __main__ - ERROR - Detection loop error: '_thread._local' object has no attribute 'srcdc'
2026-05-17 13:07:14,402 - __main__ - ERROR - Detection loop error: '_thread._local' object has no attribute 'srcdc'
2026-05-17 13:07:14,620 - __main__ - ERROR - Detection loop error: '_thread._local' object has no attribute 'srcdc'
2026-05-17 13:07:14,855 - __main__ - ERROR - Detection loop error: '_thread._local' object has no attribute 'srcdc'
2026-05-17 13:07:14,995 - __main__ - ERROR - Detection loop error: '_thread._local' object has no attribute 'srcdc'
2026-05-17 13:07:15,048 - __main__ - INFO - Found Fortnite window at (0, 0, 1920, 1080)
2026-05-17 13:07:15,166 - __main__ - ERROR - Detection loop error: '_thread._local' object has no attribute 'srcdc'
2026-05-17 13:07:15,296 - __main__ - ERROR - Detection loop error: '_thread._local' object has no attribute 'srcdc'
2026-05-17 13:07:15,418 - __main__ - ERROR - Detection loop error: '_thread._local' object has no attribute 'srcdc'
2026-05-17 13:07:15,684 - __main__ - ERROR - Detection loop error: '_thread._local' object has no attribute 'srcdc'
2026-05-17 13:07:15,900 - __main__ - ERROR - Detection loop error: '_thread._local' object has no attribute 'srcdc'
2026-05-17 13:07:16,015 - __main__ - INFO - Found Fortnite window at (0, 0, 1920, 1080)
2026-05-17 13:07:16,101 - __main__ - ERROR - Detection loop error: '_thread._local' object has no attribute 'srcdc'
2026-05-17 13:07:16,228 - __main__ - ERROR - Detection loop error: '_thread._local' object has no attribute 'srcdc'
2026-05-17 13:07:16,430 - __main__ - ERROR - Detection loop error: '_thread._local' object has no attribute 'srcdc'
2026-05-17 13:07:16,603 - __main__ - ERROR - Detection loop error: '_thread._local' object has no attribute 'srcdc'
2026-05-17 13:07:16,758 - __main__ - ERROR - Detection loop error: '_thread._local' object has no attribute 'srcdc'
2026-05-17 13:07:16,914 - __main__ - ERROR - Detection loop error: '_thread._local' object has no attribute 'srcdc'
2026-05-17 13:07:16,997 - __main__ - INFO - Found Fortnite window at (0, 0, 1920, 1080)
2026-05-17 13:07:17,055 - __main__ - ERROR - Detection loop error: '_thread._local' object has no attribute 'srcdc'
2026-05-17 13:07:17,179 - __main__ - ERROR - Detection loop error: '_thread._local' object has no attribute 'srcdc'
2026-05-17 13:07:17,382 - __main__ - ERROR - Detection loop error: '_thread._local' object has no attribute 'srcdc'
2026-05-17 13:07:17,538 - __main__ - ERROR - Detection loop error: '_thread._local' object has no attribute 'srcdc'
2026-05-17 13:07:17,709 - __main__ - ERROR - Detection loop error: '_thread._local' object has no attribute 'srcdc'
2026-05-17 13:07:17,879 - __main__ - ERROR - Detection loop error: '_thread._local' object has no attribute 'srcdc'
2026-05-17 13:07:17,952 - __main__ - INFO - Found Fortnite window at (0, 0, 1920, 1080)
2026-05-17 13:07:18,021 - __main__ - ERROR - Detection loop error: '_thread._local' object has no attribute 'srcdc'
2026-05-17 13:07:18,207 - __main__ - ERROR - Detection loop error: '_thread._local' object has no attribute 'srcdc'
2026-05-17 13:07:18,440 - __main__ - ERROR - Detection loop error: '_thread._local' object has no attribute 'srcdc'
2026-05-17 13:07:18,612 - __main__ - ERROR - Detection loop error: '_thread._local' object has no attribute 'srcdc'
2026-05-17 13:07:18,749 - __main__ - INFO - Found Fortnite window at (0, 0, 1920, 1080)
2026-05-17 13:07:18,769 - __main__ - ERROR - Detection loop error: '_thread._local' object has no attribute 'srcdc'
2026-05-17 13:07:18,908 - __main__ - ERROR - Detection loop error: '_thread._local' object has no attribute 'srcdc'
2026-05-17 13:07:19,022 - __main__ - ERROR - Detection loop error: '_thread._local' object has no attribute 'srcdc'
2026-05-17 13:07:19,188 - __main__ - ERROR - Detection loop error: '_thread._local' object has no attribute 'srcdc'
2026-05-17 13:07:19,345 - __main__ - ERROR - Detection loop error: '_thread._local' object has no attribute 'srcdc'
2026-05-17 13:07:19,605 - __main__ - ERROR - Detection loop error: '_thread._local' object has no attribute 'srcdc'
2026-05-17 13:07:19,605 - __main__ - INFO - Found Fortnite window at (0, 0, 1920, 1080)
2026-05-17 13:07:19,734 - __main__ - ERROR - Detection loop error: '_thread._local' object has no attribute 'srcdc'
2026-05-17 13:07:19,858 - __main__ - ERROR - Detection loop error: '_thread._local' object has no attribute 'srcdc'
2026-05-17 13:07:20,047 - __main__ - ERROR - Detection loop error: '_thread._local' object has no attribute 'srcdc'
2026-05-17 13:07:20,265 - __main__ - ERROR - Detection loop error: '_thread._local' object has no attribute 'srcdc'
2026-05-17 13:07:20,381 - __main__ - INFO - Found Fortnite window at (0, 0, 1920, 1080)
2026-05-17 13:07:20,421 - __main__ - ERROR - Detection loop error: '_thread._local' object has no attribute 'srcdc'
2026-05-17 13:07:20,545 - __main__ - ERROR - Detection loop error: '_thread._local' object has no attribute 'srcdc'
2026-05-17 13:07:20,734 - __main__ - ERROR - Detection loop error: '_thread._local' object has no attribute 'srcdc'
2026-05-17 13:07:20,967 - __main__ - ERROR - Detection loop error: '_thread._local' object has no attribute 'srcdc'
2026-05-17 13:07:21,185 - __main__ - ERROR - Detection loop error: '_thread._local' object has no attribute 'srcdc'
2026-05-17 13:07:21,266 - __main__ - INFO - Found Fortnite window at (0, 0, 1920, 1080)
2026-05-17 13:07:21,340 - __main__ - ERROR - Detection loop error: '_thread._local' object has no attribute 'srcdc'
2026-05-17 13:07:21,466 - __main__ - ERROR - Detection loop error: '_thread._local' object has no attribute 'srcdc'
2026-05-17 13:07:21,731 - __main__ - ERROR - Detection loop error: '_thread._local' object has no attribute 'srcdc'
2026-05-17 13:07:21,933 - __main__ - ERROR - Detection loop error: '_thread._local' object has no attribute 'srcdc'
2026-05-17 13:07:22,142 - __main__ - ERROR - Detection loop error: '_thread._local' object has no attribute 'srcdc'
2026-05-17 13:07:22,142 - __main__ - INFO - Found Fortnite window at (0, 0, 1920, 1080)
2026-05-17 13:07:22,247 - __main__ - ERROR - Detection loop error: '_thread._local' object has no attribute 'srcdc'
2026-05-17 13:07:22,376 - __main__ - ERROR - Detection loop error: '_thread._local' object has no attribute 'srcdc'
2026-05-17 13:07:22,559 - __main__ - ERROR - Detection loop error: '_thread._local' object has no attribute 'srcdc'
2026-05-17 13:07:22,736 - __main__ - ERROR - Detection loop error: '_thread._local' object has no attribute 'srcdc'
2026-05-17 13:07:22,872 - __main__ - ERROR - Detection loop error: '_thread._local' object has no attribute 'srcdc'
2026-05-17 13:07:23,018 - __main__ - INFO - Found Fortnite window at (0, 0, 1920, 1080)
2026-05-17 13:07:23,043 - __main__ - ERROR - Detection loop error: '_thread._local' object has no attribute 'srcdc'
2026-05-17 13:07:23,168 - __main__ - ERROR - Detection loop error: '_thread._local' object has no attribute 'srcdc'
2026-05-17 13:07:23,386 - __main__ - ERROR - Detection loop error: '_thread._local' object has no attribute 'srcdc'
2026-05-17 13:07:23,554 - __main__ - ERROR - Detection loop error: '_thread._local' object has no attribute 'srcdc'
2026-05-17 13:07:23,779 - __main__ - ERROR - Detection loop error: '_thread._local' object has no attribute 'srcdc'
2026-05-17 13:07:23,893 - __main__ - ERROR - Detection loop error: '_thread._local' object has no attribute 'srcdc'
2026-05-17 13:07:23,913 - __main__ - INFO - Found Fortnite window at (0, 0, 1920, 1080)
2026-05-17 13:07:24,028 - __main__ - ERROR - Detection loop error: '_thread._local' object has no attribute 'srcdc'
2026-05-17 13:07:24,182 - __main__ - ERROR - Detection loop error: '_thread._local' object has no attribute 'srcdc'
2026-05-17 13:07:24,327 - __main__ - ERROR - Detection loop error: '_thread._local' object has no attribute 'srcdc'
2026-05-17 13:07:24,500 - __main__ - ERROR - Detection loop error: '_thread._local' object has no attribute 'srcdc'
2026-05-17 13:07:24,781 - __main__ - ERROR - Detection loop error: '_thread._local' object has no attribute 'srcdc'
2026-05-17 13:07:24,788 - __main__ - INFO - Found Fortnite window at (0, 0, 1920, 1080)
2026-05-17 13:07:24,936 - __main__ - ERROR - Detection loop error: '_thread._local' object has no attribute 'srcdc'
2026-05-17 13:07:25,168 - __main__ - ERROR - Detection loop error: '_thread._local' object has no attribute 'srcdc'
2026-05-17 13:07:25,324 - __main__ - ERROR - Detection loop error: '_thread._local' object has no attribute 'srcdc'
2026-05-17 13:07:25,486 - __main__ - ERROR - Detection loop error: '_thread._local' object has no attribute 'srcdc'
2026-05-17 13:07:25,666 - __main__ - ERROR - Detection loop error: '_thread._local' object has no attribute 'srcdc'
2026-05-17 13:07:25,667 - __main__ - INFO - Found Fortnite window at (0, 0, 1920, 1080)
2026-05-17 13:07:25,780 - __main__ - ERROR - Detection loop error: '_thread._local' object has no attribute 'srcdc'
2026-05-17 13:07:26,058 - __main__ - ERROR - Detection loop error: '_thread._local' object has no attribute 'srcdc'
2026-05-17 13:07:26,247 - __main__ - ERROR - Detection loop error: '_thread._local' object has no attribute 'srcdc'
2026-05-17 13:07:26,448 - __main__ - ERROR - Detection loop error: '_thread._local' object has no attribute 'srcdc'
2026-05-17 13:07:26,552 - __main__ - INFO - Found Fortnite window at (0, 0, 1920, 1080)
2026-05-17 13:07:26,651 - __main__ - ERROR - Detection loop error: '_thread._local' object has no attribute 'srcdc'
2026-05-17 13:07:26,792 - __main__ - ERROR - Detection loop error: '_thread._local' object has no attribute 'srcdc'
2026-05-17 13:07:26,964 - __main__ - ERROR - Detection loop error: '_thread._local' object has no attribute 'srcdc'
2026-05-17 13:07:27,120 - __main__ - ERROR - Detection loop error: '_thread._local' object has no attribute 'srcdc'
2026-05-17 13:07:27,291 - __main__ - ERROR - Detection loop error: '_thread._local' object has no attribute 'srcdc'
2026-05-17 13:07:27,407 - __main__ - INFO - Found Fortnite window at (0, 0, 1920, 1080)
2026-05-17 13:07:27,481 - __main__ - ERROR - Detection loop error: '_thread._local' object has no attribute 'srcdc'
2026-05-17 13:07:27,607 - __main__ - ERROR - Detection loop error: '_thread._local' object has no attribute 'srcdc'
2026-05-17 13:07:27,764 - __main__ - ERROR - Detection loop error: '_thread._local' object has no attribute 'srcdc'
2026-05-17 13:07:27,950 - __main__ - ERROR - Detection loop error: '_thread._local' object has no attribute 'srcdc'
2026-05-17 13:07:28,137 - __main__ - ERROR - Detection loop error: '_thread._local' object has no attribute 'srcdc'
2026-05-17 13:07:28,296 - __main__ - INFO - Found Fortnite window at (0, 0, 1920, 1080)
2026-05-17 13:07:28,323 - __main__ - ERROR - Detection loop error: '_thread._local' object has no attribute 'srcdc'
2026-05-17 13:07:28,447 - __main__ - ERROR - Detection loop error: '_thread._local' object has no attribute 'srcdc'
2026-05-17 13:07:28,637 - __main__ - ERROR - Detection loop error: '_thread._local' object has no attribute 'srcdc'
2026-05-17 13:07:28,824 - __main__ - ERROR - Detection loop error: '_thread._local' object has no attribute 'srcdc'
2026-05-17 13:07:29,076 - __main__ - ERROR - Detection loop error: '_thread._local' object has no attribute 'srcdc'
2026-05-17 13:07:29,167 - __main__ - INFO - Found Fortnite window at (0, 0, 1920, 1080)
2026-05-17 13:07:29,218 - __main__ - ERROR - Detection loop error: '_thread._local' object has no attribute 'srcdc'
2026-05-17 13:07:29,342 - __main__ - ERROR - Detection loop error: '_thread._local' object has no attribute 'srcdc'
2026-05-17 13:07:29,488 - __main__ - ERROR - Detection loop error: '_thread._local' object has no attribute 'srcdc'
2026-05-17 13:07:29,686 - __main__ - ERROR - Detection loop error: '_thread._local' object has no attribute 'srcdc'
2026-05-17 13:07:29,871 - __main__ - ERROR - Detection loop error: '_thread._local' object has no attribute 'srcdc'
2026-05-17 13:07:30,039 - __main__ - INFO - Found Fortnite window at (0, 0, 1920, 1080)
2026-05-17 13:07:30,043 - __main__ - ERROR - Detection loop error: '_thread._local' object has no attribute 'srcdc'
2026-05-17 13:07:30,200 - __main__ - ERROR - Detection loop error: '_thread._local' object has no attribute 'srcdc'
2026-05-17 13:07:30,495 - __main__ - ERROR - Detection loop error: '_thread._local' object has no attribute 'srcdc'
2026-05-17 13:07:30,702 - __main__ - ERROR - Detection loop error: '_thread._local' object has no attribute 'srcdc'
2026-05-17 13:07:30,872 - __main__ - ERROR - Detection loop error: '_thread._local' object has no attribute 'srcdc'
2026-05-17 13:07:30,940 - __main__ - INFO - Found Fortnite window at (0, 0, 1920, 1080)
2026-05-17 13:07:31,028 - __main__ - ERROR - Detection loop error: '_thread._local' object has no attribute 'srcdc'
2026-05-17 13:07:31,152 - __main__ - ERROR - Detection loop error: '_thread._local' object has no attribute 'srcdc'
2026-05-17 13:07:31,310 - __main__ - ERROR - Detection loop error: '_thread._local' object has no attribute 'srcdc'
2026-05-17 13:07:31,469 - __main__ - ERROR - Detection loop error: '_thread._local' object has no attribute 'srcdc'
2026-05-17 13:07:31,751 - __main__ - ERROR - Detection loop error: '_thread._local' object has no attribute 'srcdc'
2026-05-17 13:07:31,817 - __main__ - INFO - Found Fortnite window at (0, 0, 1920, 1080)
2026-05-17 13:07:31,908 - __main__ - ERROR - Detection loop error: '_thread._local' object has no attribute 'srcdc'
2026-05-17 13:07:32,124 - __main__ - ERROR - Detection loop error: '_thread._local' object has no attribute 'srcdc'
2026-05-17 13:07:32,374 - __main__ - ERROR - Detection loop error: '_thread._local' object has no attribute 'srcdc'
2026-05-17 13:07:32,607 - __main__ - ERROR - Detection loop error: '_thread._local' object has no attribute 'srcdc'
2026-05-17 13:07:32,669 - __main__ - INFO - Found Fortnite window at (0, 0, 1920, 1080)
2026-05-17 13:07:32,796 - __main__ - ERROR - Detection loop error: '_thread._local' object has no attribute 'srcdc'
2026-05-17 13:07:32,984 - __main__ - ERROR - Detection loop error: '_thread._local' object has no attribute 'srcdc'
2026-05-17 13:07:33,206 - __main__ - ERROR - Detection loop error: '_thread._local' object has no attribute 'srcdc'
2026-05-17 13:07:33,377 - __main__ - ERROR - Detection loop error: '_thread._local' object has no attribute 'srcdc'
2026-05-17 13:07:33,503 - __main__ - ERROR - Detection loop error: '_thread._local' object has no attribute 'srcdc'
2026-05-17 13:07:33,563 - __main__ - INFO - Found Fortnite window at (0, 0, 1920, 1080)
2026-05-17 13:07:33,692 - __main__ - ERROR - Detection loop error: '_thread._local' object has no attribute 'srcdc'
2026-05-17 13:07:33,896 - __main__ - ERROR - Detection loop error: '_thread._local' object has no attribute 'srcdc'
2026-05-17 13:07:34,103 - __main__ - ERROR - Detection loop error: '_thread._local' object has no attribute 'srcdc'
2026-05-17 13:07:34,318 - __main__ - ERROR - Detection loop error: '_thread._local' object has no attribute 'srcdc'
2026-05-17 13:07:34,417 - __main__ - INFO - Found Fortnite window at (0, 0, 1920, 1080)
2026-05-17 13:07:34,458 - __main__ - ERROR - Detection loop error: '_thread._local' object has no attribute 'srcdc'
2026-05-17 13:07:34,584 - __main__ - ERROR - Detection loop error: '_thread._local' object has no attribute 'srcdc'
2026-05-17 13:07:34,737 - __main__ - ERROR - Detection loop error: '_thread._local' object has no attribute 'srcdc'
2026-05-17 13:07:34,910 - __main__ - ERROR - Detection loop error: '_thread._local' object has no attribute 'srcdc'
2026-05-17 13:07:35,112 - __main__ - ERROR - Detection loop error: '_thread._local' object has no attribute 'srcdc'
2026-05-17 13:07:35,285 - __main__ - ERROR - Detection loop error: '_thread._local' object has no attribute 'srcdc'
2026-05-17 13:07:35,321 - __main__ - INFO - Found Fortnite window at (0, 0, 1920, 1080)
2026-05-17 13:07:35,439 - __main__ - ERROR - Detection loop error: '_thread._local' object has no attribute 'srcdc'
2026-05-17 13:07:35,595 - __main__ - ERROR - Detection loop error: '_thread._local' object has no attribute 'srcdc'
2026-05-17 13:07:35,748 - __main__ - ERROR - Detection loop error: '_thread._local' object has no attribute 'srcdc'
2026-05-17 13:07:35,919 - __main__ - ERROR - Detection loop error: '_thread._local' object has no attribute 'srcdc'
2026-05-17 13:07:36,091 - __main__ - ERROR - Detection loop error: '_thread._local' object has no attribute 'srcdc'
2026-05-17 13:07:36,157 - __main__ - INFO - Found Fortnite window at (0, 0, 1920, 1080)
2026-05-17 13:07:36,278 - __main__ - ERROR - Detection loop error: '_thread._local' object has no attribute 'srcdc'
2026-05-17 13:07:36,536 - __main__ - ERROR - Detection loop error: '_thread._local' object has no attribute 'srcdc'
2026-05-17 13:07:36,746 - __main__ - ERROR - Detection loop error: '_thread._local' object has no attribute 'srcdc'
2026-05-17 13:07:36,948 - __main__ - ERROR - Detection loop error: '_thread._local' object has no attribute 'srcdc'
2026-05-17 13:07:36,998 - __main__ - INFO - Found Fortnite window at (0, 0, 1920, 1080)
2026-05-17 13:07:37,181 - __main__ - ERROR - Detection loop error: '_thread._local' object has no attribute 'srcdc'
2026-05-17 13:07:37,338 - __main__ - ERROR - Detection loop error: '_thread._local' object has no attribute 'srcdc'
2026-05-17 13:07:37,478 - __main__ - ERROR - Detection loop error: '_thread._local' object has no attribute 'srcdc'
2026-05-17 13:07:37,650 - __main__ - ERROR - Detection loop error: '_thread._local' object has no attribute 'srcdc'
2026-05-17 13:07:37,799 - __main__ - INFO - Found Fortnite window at (0, 0, 1920, 1080)
2026-05-17 13:07:37,820 - __main__ - ERROR - Detection loop error: '_thread._local' object has no attribute 'srcdc'
2026-05-17 13:07:37,978 - __main__ - ERROR - Detection loop error: '_thread._local' object has no attribute 'srcdc'
2026-05-17 13:07:38,149 - __main__ - ERROR - Detection loop error: '_thread._local' object has no attribute 'srcdc'
2026-05-17 13:07:38,400 - __main__ - ERROR - Detection loop error: '_thread._local' object has no attribute 'srcdc'
2026-05-17 13:07:38,595 - __main__ - ERROR - Detection loop error: '_thread._local' object has no attribute 'srcdc'
2026-05-17 13:07:38,668 - __main__ - INFO - Found Fortnite window at (0, 0, 1920, 1080)
2026-05-17 13:07:38,789 - __main__ - ERROR - Detection loop error: '_thread._local' object has no attribute 'srcdc'
2026-05-17 13:07:38,989 - __main__ - ERROR - Detection loop error: '_thread._local' object has no attribute 'srcdc'
2026-05-17 13:07:39,196 - __main__ - ERROR - Detection loop error: '_thread._local' object has no attribute 'srcdc'
2026-05-17 13:07:39,383 - __main__ - ERROR - Detection loop error: '_thread._local' object has no attribute 'srcdc'
2026-05-17 13:07:39,540 - __main__ - ERROR - Detection loop error: '_thread._local' object has no attribute 'srcdc'
2026-05-17 13:07:39,544 - __main__ - INFO - Found Fortnite window at (0, 0, 1920, 1080)
2026-05-17 13:07:39,679 - __main__ - ERROR - Detection loop error: '_thread._local' object has no attribute 'srcdc'
2026-05-17 13:07:39,836 - __main__ - ERROR - Detection loop error: '_thread._local' object has no attribute 'srcdc'
2026-05-17 13:07:40,007 - __main__ - ERROR - Detection loop error: '_thread._local' object has no attribute 'srcdc'
2026-05-17 13:07:40,146 - __main__ - ERROR - Detection loop error: '_thread._local' object has no attribute 'srcdc'
2026-05-17 13:07:40,426 - __main__ - ERROR - Detection loop error: '_thread._local' object has no attribute 'srcdc'
2026-05-17 13:07:40,449 - __main__ - INFO - Found Fortnite window at (0, 0, 1920, 1080)
2026-05-17 13:07:40,550 - __main__ - ERROR - Detection loop error: '_thread._local' object has no attribute 'srcdc'
2026-05-17 13:07:40,721 - __main__ - ERROR - Detection loop error: '_thread._local' object has no attribute 'srcdc'
2026-05-17 13:07:40,922 - __main__ - ERROR - Detection loop error: '_thread._local' object has no attribute 'srcdc'
2026-05-17 13:07:41,078 - __main__ - ERROR - Detection loop error: '_thread._local' object has no attribute 'srcdc'
2026-05-17 13:07:41,218 - __main__ - ERROR - Detection loop error: '_thread._local' object has no attribute 'srcdc'
2026-05-17 13:07:41,389 - __main__ - ERROR - Detection loop error: '_thread._local' object has no attribute 'srcdc'
2026-05-17 13:07:41,391 - __main__ - INFO - Found Fortnite window at (0, 0, 1920, 1080)
2026-05-17 13:07:41,561 - __main__ - ERROR - Detection loop error: '_thread._local' object has no attribute 'srcdc'
2026-05-17 13:07:41,812 - __main__ - ERROR - Detection loop error: '_thread._local' object has no attribute 'srcdc'
2026-05-17 13:07:42,000 - __main__ - ERROR - Detection loop error: '_thread._local' object has no attribute 'srcdc'
2026-05-17 13:07:42,156 - __main__ - ERROR - Detection loop error: '_thread._local' object has no attribute 'srcdc'
2026-05-17 13:07:42,258 - __main__ - INFO - Found Fortnite window at (0, 0, 1920, 1080)
2026-05-17 13:07:42,313 - __main__ - ERROR - Detection loop error: '_thread._local' object has no attribute 'srcdc'
2026-05-17 13:07:42,579 - __main__ - ERROR - Detection loop error: '_thread._local' object has no attribute 'srcdc'
2026-05-17 13:07:42,856 - __main__ - ERROR - Detection loop error: '_thread._local' object has no attribute 'srcdc'
2026-05-17 13:07:42,995 - __main__ - ERROR - Detection loop error: '_thread._local' object has no attribute 'srcdc'
2026-05-17 13:07:43,133 - __main__ - ERROR - Detection loop error: '_thread._local' object has no attribute 'srcdc'
2026-05-17 13:07:43,138 - __main__ - INFO - Found Fortnite window at (0, 0, 1920, 1080)
2026-05-17 13:07:43,257 - __main__ - ERROR - Detection loop error: '_thread._local' object has no attribute 'srcdc'
2026-05-17 13:07:43,459 - __main__ - ERROR - Detection loop error: '_thread._local' object has no attribute 'srcdc'
2026-05-17 13:07:43,605 - __main__ - ERROR - Detection loop error: '_thread._local' object has no attribute 'srcdc'
2026-05-17 13:07:43,803 - __main__ - ERROR - Detection loop error: '_thread._local' object has no attribute 'srcdc'
2026-05-17 13:07:43,985 - __main__ - INFO - Found Fortnite window at (0, 0, 1920, 1080)
2026-05-17 13:07:44,007 - __main__ - ERROR - Detection loop error: '_thread._local' object has no attribute 'srcdc'
2026-05-17 13:07:44,179 - __main__ - ERROR - Detection loop error: '_thread._local' object has no attribute 'srcdc'
2026-05-17 13:07:44,334 - __main__ - ERROR - Detection loop error: '_thread._local' object has no attribute 'srcdc'
2026-05-17 13:07:44,475 - __main__ - ERROR - Detection loop error: '_thread._local' object has no attribute 'srcdc'
2026-05-17 13:07:44,662 - __main__ - ERROR - Detection loop error: '_thread._local' object has no attribute 'srcdc'
2026-05-17 13:07:44,820 - __main__ - ERROR - Detection loop error: '_thread._local' object has no attribute 'srcdc'
2026-05-17 13:07:44,879 - __main__ - INFO - Found Fortnite window at (0, 0, 1920, 1080)
2026-05-17 13:07:45,006 - __main__ - ERROR - Detection loop error: '_thread._local' object has no attribute 'srcdc'
2026-05-17 13:07:45,149 - __main__ - ERROR - Detection loop error: '_thread._local' object has no attribute 'srcdc'
2026-05-17 13:07:45,353 - __main__ - ERROR - Detection loop error: '_thread._local' object has no attribute 'srcdc'
2026-05-17 13:07:45,542 - __main__ - ERROR - Detection loop error: '_thread._local' object has no attribute 'srcdc'
2026-05-17 13:07:45,723 - __main__ - ERROR - Detection loop error: '_thread._local' object has no attribute 'srcdc'
2026-05-17 13:07:45,779 - __main__ - INFO - Found Fortnite window at (0, 0, 1920, 1080)
2026-05-17 13:07:45,890 - __main__ - ERROR - Detection loop error: '_thread._local' object has no attribute 'srcdc'
2026-05-17 13:07:46,017 - __main__ - ERROR - Detection loop error: '_thread._local' object has no attribute 'srcdc'
2026-05-17 13:07:46,221 - __main__ - ERROR - Detection loop error: '_thread._local' object has no attribute 'srcdc'
2026-05-17 13:07:46,406 - __main__ - ERROR - Detection loop error: '_thread._local' object has no attribute 'srcdc'
2026-05-17 13:07:46,563 - __main__ - ERROR - Detection loop error: '_thread._local' object has no attribute 'srcdc'
2026-05-17 13:07:46,742 - __main__ - ERROR - Detection loop error: '_thread._local' object has no attribute 'srcdc'
2026-05-17 13:07:46,743 - __main__ - INFO - Found Fortnite window at (0, 0, 1920, 1080)
2026-05-17 13:07:46,862 - __main__ - ERROR - Detection loop error: '_thread._local' object has no attribute 'srcdc'
2026-05-17 13:07:47,120 - __main__ - ERROR - Detection loop error: '_thread._local' object has no attribute 'srcdc'
2026-05-17 13:07:47,301 - __main__ - ERROR - Detection loop error: '_thread._local' object has no attribute 'srcdc'
2026-05-17 13:07:47,519 - __main__ - ERROR - Detection loop error: '_thread._local' object has no attribute 'srcdc'
2026-05-17 13:07:47,570 - __main__ - INFO - Found Fortnite window at (0, 0, 1920, 1080)
2026-05-17 13:07:47,692 - __main__ - ERROR - Detection loop error: '_thread._local' object has no attribute 'srcdc'
2026-05-17 13:07:47,892 - __main__ - ERROR - Detection loop error: '_thread._local' object has no attribute 'srcdc'
2026-05-17 13:07:48,065 - __main__ - ERROR - Detection loop error: '_thread._local' object has no attribute 'srcdc'
2026-05-17 13:07:48,269 - __main__ - ERROR - Detection loop error: '_thread._local' object has no attribute 'srcdc'
2026-05-17 13:07:48,424 - __main__ - ERROR - Detection loop error: '_thread._local' object has no attribute 'srcdc'
2026-05-17 13:07:48,558 - __main__ - INFO - Found Fortnite window at (0, 0, 1920, 1080)
2026-05-17 13:07:48,581 - __main__ - ERROR - Detection loop error: '_thread._local' object has no attribute 'srcdc'
2026-05-17 13:07:48,703 - __main__ - ERROR - Detection loop error: '_thread._local' object has no attribute 'srcdc'
2026-05-17 13:07:48,829 - __main__ - ERROR - Detection loop error: '_thread._local' object has no attribute 'srcdc'
2026-05-17 13:07:48,969 - __main__ - ERROR - Detection loop error: '_thread._local' object has no attribute 'srcdc'
2026-05-17 13:07:49,117 - __main__ - ERROR - Detection loop error: '_thread._local' object has no attribute 'srcdc'
2026-05-17 13:07:49,281 - __main__ - ERROR - Detection loop error: '_thread._local' object has no attribute 'srcdc'
2026-05-17 13:07:49,403 - __main__ - ERROR - Detection loop error: '_thread._local' object has no attribute 'srcdc'
2026-05-17 13:07:49,479 - __main__ - INFO - Found Fortnite window at (0, 0, 1920, 1080)
2026-05-17 13:07:49,653 - __main__ - ERROR - Detection loop error: '_thread._local' object has no attribute 'srcdc'
2026-05-17 13:07:49,859 - __main__ - ERROR - Detection loop error: '_thread._local' object has no attribute 'srcdc'
2026-05-17 13:07:50,026 - __main__ - ERROR - Detection loop error: '_thread._local' object has no attribute 'srcdc'
2026-05-17 13:07:50,202 - __main__ - ERROR - Detection loop error: '_thread._local' object has no attribute 'srcdc'
2026-05-17 13:07:50,352 - __main__ - INFO - Found Fortnite window at (0, 0, 1920, 1080)
2026-05-17 13:07:50,373 - __main__ - ERROR - Detection loop error: '_thread._local' object has no attribute 'srcdc'
2026-05-17 13:07:50,497 - __main__ - ERROR - Detection loop error: '_thread._local' object has no attribute 'srcdc'
2026-05-17 13:07:50,652 - __main__ - ERROR - Detection loop error: '_thread._local' object has no attribute 'srcdc'
2026-05-17 13:07:50,822 - __main__ - ERROR - Detection loop error: '_thread._local' object has no attribute 'srcdc'
2026-05-17 13:07:51,038 - __main__ - ERROR - Detection loop error: '_thread._local' object has no attribute 'srcdc'
2026-05-17 13:07:51,208 - __main__ - ERROR - Detection loop error: '_thread._local' object has no attribute 'srcdc'
2026-05-17 13:07:51,229 - __main__ - INFO - Found Fortnite window at (0, 0, 1920, 1080)
2026-05-17 13:07:51,349 - __main__ - ERROR - Detection loop error: '_thread._local' object has no attribute 'srcdc'
2026-05-17 13:07:51,634 - __main__ - ERROR - Detection loop error: '_thread._local' object has no attribute 'srcdc'
2026-05-17 13:07:51,917 - __main__ - ERROR - Detection loop error: '_thread._local' object has no attribute 'srcdc'
2026-05-17 13:07:52,108 - __main__ - INFO - Found Fortnite window at (0, 0, 1920, 1080)
2026-05-17 13:07:52,119 - __main__ - ERROR - Detection loop error: '_thread._local' object has no attribute 'srcdc'
2026-05-17 13:07:52,274 - __main__ - ERROR - Detection loop error: '_thread._local' object has no attribute 'srcdc'
2026-05-17 13:07:52,510 - __main__ - ERROR - Detection loop error: '_thread._local' object has no attribute 'srcdc'
2026-05-17 13:07:52,727 - __main__ - ERROR - Detection loop error: '_thread._local' object has no attribute 'srcdc'
2026-05-17 13:07:52,899 - __main__ - ERROR - Detection loop error: '_thread._local' object has no attribute 'srcdc'
2026-05-17 13:07:53,010 - __main__ - INFO - Found Fortnite window at (0, 0, 1920, 1080)
2026-05-17 13:07:53,024 - __main__ - ERROR - Detection loop error: '_thread._local' object has no attribute 'srcdc'
2026-05-17 13:07:53,150 - __main__ - ERROR - Detection loop error: '_thread._local' object has no attribute 'srcdc'
2026-05-17 13:07:53,323 - __main__ - ERROR - Detection loop error: '_thread._local' object has no attribute 'srcdc'
2026-05-17 13:07:53,494 - __main__ - ERROR - Detection loop error: '_thread._local' object has no attribute 'srcdc'
2026-05-17 13:07:53,681 - __main__ - ERROR - Detection loop error: '_thread._local' object has no attribute 'srcdc'
2026-05-17 13:07:53,884 - __main__ - ERROR - Detection loop error: '_thread._local' object has no attribute 'srcdc'
2026-05-17 13:07:53,958 - __main__ - INFO - Found Fortnite window at (0, 0, 1920, 1080)
2026-05-17 13:07:54,039 - __main__ - ERROR - Detection loop error: '_thread._local' object has no attribute 'srcdc'
2026-05-17 13:07:54,194 - __main__ - ERROR - Detection loop error: '_thread._local' object has no attribute 'srcdc'
2026-05-17 13:07:54,345 - __main__ - ERROR - Detection loop error: '_thread._local' object has no attribute 'srcdc'
2026-05-17 13:07:54,554 - __main__ - ERROR - Detection loop error: '_thread._local' object has no attribute 'srcdc'
2026-05-17 13:07:54,772 - __main__ - ERROR - Detection loop error: '_thread._local' object has no attribute 'srcdc'
2026-05-17 13:07:54,773 - __main__ - INFO - Found Fortnite window at (0, 0, 1920, 1080)
2026-05-17 13:07:54,896 - __main__ - ERROR - Detection loop error: '_thread._local' object has no attribute 'srcdc'
2026-05-17 13:07:55,171 - __main__ - ERROR - Detection loop error: '_thread._local' object has no attribute 'srcdc'
2026-05-17 13:07:55,363 - __main__ - ERROR - Detection loop error: '_thread._local' object has no attribute 'srcdc'
2026-05-17 13:07:55,534 - __main__ - ERROR - Detection loop error: '_thread._local' object has no attribute 'srcdc'
2026-05-17 13:07:55,608 - __main__ - INFO - Found Fortnite window at (0, 0, 1920, 1080)
2026-05-17 13:07:55,716 - __main__ - ERROR - Detection loop error: '_thread._local' object has no attribute 'srcdc'
2026-05-17 13:07:55,909 - __main__ - ERROR - Detection loop error: '_thread._local' object has no attribute 'srcdc'
2026-05-17 13:07:56,111 - __main__ - ERROR - Detection loop error: '_thread._local' object has no attribute 'srcdc'
2026-05-17 13:07:56,249 - __main__ - ERROR - Detection loop error: '_thread._local' object has no attribute 'srcdc'
2026-05-17 13:07:56,330 - __main__ - INFO - Found Fortnite window at (0, 0, 1920, 1080)
2026-05-17 13:07:56,454 - __main__ - ERROR - Detection loop error: '_thread._local' object has no attribute 'srcdc'
2026-05-17 13:07:56,640 - __main__ - ERROR - Detection loop error: '_thread._local' object has no attribute 'srcdc'
2026-05-17 13:07:56,812 - __main__ - ERROR - Detection loop error: '_thread._local' object has no attribute 'srcdc'
2026-05-17 13:07:56,951 - __main__ - ERROR - Detection loop error: '_thread._local' object has no attribute 'srcdc'
2026-05-17 13:07:57,075 - __main__ - ERROR - Detection loop error: '_thread._local' object has no attribute 'srcdc'
2026-05-17 13:07:57,174 - __main__ - INFO - Found Fortnite window at (0, 0, 1920, 1080)
2026-05-17 13:07:57,311 - __main__ - ERROR - Detection loop error: '_thread._local' object has no attribute 'srcdc'
2026-05-17 13:07:57,515 - __main__ - ERROR - Detection loop error: '_thread._local' object has no attribute 'srcdc'
2026-05-17 13:07:57,701 - __main__ - ERROR - Detection loop error: '_thread._local' object has no attribute 'srcdc'
2026-05-17 13:07:57,842 - __main__ - ERROR - Detection loop error: '_thread._local' object has no attribute 'srcdc'
2026-05-17 13:07:57,987 - __main__ - INFO - Found Fortnite window at (0, 0, 1920, 1080)
2026-05-17 13:07:58,013 - __main__ - ERROR - Detection loop error: '_thread._local' object has no attribute 'srcdc'
2026-05-17 13:07:58,154 - __main__ - ERROR - Detection loop error: '_thread._local' object has no attribute 'srcdc'
2026-05-17 13:07:58,310 - __main__ - ERROR - Detection loop error: '_thread._local' object has no attribute 'srcdc'
2026-05-17 13:07:58,482 - __main__ - ERROR - Detection loop error: '_thread._local' object has no attribute 'srcdc'
2026-05-17 13:07:58,685 - __main__ - ERROR - Detection loop error: '_thread._local' object has no attribute 'srcdc'
2026-05-17 13:07:58,747 - __main__ - INFO - Found Fortnite window at (0, 0, 1920, 1080)
2026-05-17 13:07:58,859 - __main__ - ERROR - Detection loop error: '_thread._local' object has no attribute 'srcdc'
2026-05-17 13:07:59,121 - __main__ - ERROR - Detection loop error: '_thread._local' object has no attribute 'srcdc'
2026-05-17 13:07:59,307 - __main__ - ERROR - Detection loop error: '_thread._local' object has no attribute 'srcdc'
2026-05-17 13:07:59,465 - __main__ - ERROR - Detection loop error: '_thread._local' object has no attribute 'srcdc'
2026-05-17 13:07:59,509 - __main__ - INFO - Found Fortnite window at (0, 0, 1920, 1080)
2026-05-17 13:07:59,620 - __main__ - ERROR - Detection loop error: '_thread._local' object has no attribute 'srcdc'
2026-05-17 13:07:59,790 - __main__ - ERROR - Detection loop error: '_thread._local' object has no attribute 'srcdc'
2026-05-17 13:07:59,963 - __main__ - ERROR - Detection loop error: '_thread._local' object has no attribute 'srcdc'
2026-05-17 13:08:00,146 - __main__ - ERROR - Detection loop error: '_thread._local' object has no attribute 'srcdc'
2026-05-17 13:08:00,293 - __main__ - ERROR - Detection loop error: '_thread._local' object has no attribute 'srcdc'
2026-05-17 13:08:00,318 - __main__ - INFO - Found Fortnite window at (0, 0, 1920, 1080)
2026-05-17 13:08:00,417 - __main__ - ERROR - Detection loop error: '_thread._local' object has no attribute 'srcdc'
2026-05-17 13:08:00,575 - __main__ - ERROR - Detection loop error: '_thread._local' object has no attribute 'srcdc'
2026-05-17 13:08:00,792 - __main__ - ERROR - Detection loop error: '_thread._local' object has no attribute 'srcdc'
2026-05-17 13:08:00,981 - __main__ - ERROR - Detection loop error: '_thread._local' object has no attribute 'srcdc'
2026-05-17 13:08:01,099 - __main__ - INFO - Found Fortnite window at (0, 0, 1920, 1080)
2026-05-17 13:08:01,136 - __main__ - ERROR - Detection loop error: '_thread._local' object has no attribute 'srcdc'
2026-05-17 13:08:01,245 - __main__ - ERROR - Detection loop error: '_thread._local' object has no attribute 'srcdc'
2026-05-17 13:08:01,446 - __main__ - ERROR - Detection loop error: '_thread._local' object has no attribute 'srcdc'
2026-05-17 13:08:01,663 - __main__ - ERROR - Detection loop error: '_thread._local' object has no attribute 'srcdc'
2026-05-17 13:08:01,866 - __main__ - ERROR - Detection loop error: '_thread._local' object has no attribute 'srcdc'
2026-05-17 13:08:01,975 - __main__ - INFO - Found Fortnite window at (0, 0, 1920, 1080)
2026-05-17 13:08:02,007 - __main__ - ERROR - Detection loop error: '_thread._local' object has no attribute 'srcdc'
2026-05-17 13:08:02,148 - __main__ - ERROR - Detection loop error: '_thread._local' object has no attribute 'srcdc'
2026-05-17 13:08:02,303 - __main__ - ERROR - Detection loop error: '_thread._local' object has no attribute 'srcdc'
2026-05-17 13:08:02,571 - __main__ - ERROR - Detection loop error: '_thread._local' object has no attribute 'srcdc'
2026-05-17 13:08:02,823 - __main__ - ERROR - Detection loop error: '_thread._local' object has no attribute 'srcdc'
2026-05-17 13:08:02,893 - __main__ - INFO - Found Fortnite window at (0, 0, 1920, 1080)
2026-05-17 13:08:03,059 - __main__ - ERROR - Detection loop error: '_thread._local' object has no attribute 'srcdc'
2026-05-17 13:08:03,338 - __main__ - ERROR - Detection loop error: '_thread._local' object has no attribute 'srcdc'
2026-05-17 13:08:03,621 - __main__ - ERROR - Detection loop error: '_thread._local' object has no attribute 'srcdc'
2026-05-17 13:08:03,749 - __main__ - INFO - Found Fortnite window at (0, 0, 1920, 1080)
2026-05-17 13:08:03,872 - __main__ - ERROR - Detection loop error: '_thread._local' object has no attribute 'srcdc'
2026-05-17 13:08:04,137 - __main__ - ERROR - Detection loop error: '_thread._local' object has no attribute 'srcdc'
2026-05-17 13:08:04,263 - __main__ - ERROR - Detection loop error: '_thread._local' object has no attribute 'srcdc'
2026-05-17 13:08:04,559 - __main__ - ERROR - Detection loop error: '_thread._local' object has no attribute 'srcdc'
2026-05-17 13:08:04,606 - __main__ - INFO - Found Fortnite window at (0, 0, 1920, 1080)
2026-05-17 13:08:04,807 - __main__ - ERROR - Detection loop error: '_thread._local' object has no attribute 'srcdc'
2026-05-17 13:08:05,046 - __main__ - ERROR - Detection loop error: '_thread._local' object has no attribute 'srcdc'
2026-05-17 13:08:05,278 - __main__ - ERROR - Detection loop error: '_thread._local' object has no attribute 'srcdc'
2026-05-17 13:08:05,458 - __main__ - ERROR - Detection loop error: '_thread._local' object has no attribute 'srcdc'
2026-05-17 13:08:05,458 - __main__ - INFO - Found Fortnite window at (0, 0, 1920, 1080)
2026-05-17 13:08:05,635 - __main__ - ERROR - Detection loop error: '_thread._local' object has no attribute 'srcdc'
2026-05-17 13:08:05,840 - __main__ - ERROR - Detection loop error: '_thread._local' object has no attribute 'srcdc'
2026-05-17 13:08:06,084 - __main__ - ERROR - Detection loop error: '_thread._local' object has no attribute 'srcdc'
2026-05-17 13:08:06,258 - __main__ - ERROR - Detection loop error: '_thread._local' object has no attribute 'srcdc'
2026-05-17 13:08:06,277 - __main__ - INFO - Found Fortnite window at (0, 0, 1920, 1080)
2026-05-17 13:08:06,447 - __main__ - ERROR - Detection loop error: '_thread._local' object has no attribute 'srcdc'
2026-05-17 13:08:06,629 - __main__ - ERROR - Detection loop error: '_thread._local' object has no attribute 'srcdc'
2026-05-17 13:08:06,894 - __main__ - ERROR - Detection loop error: '_thread._local' object has no attribute 'srcdc'
2026-05-17 13:08:07,087 - __main__ - INFO - Found Fortnite window at (0, 0, 1920, 1080)
2026-05-17 13:08:07,159 - __main__ - ERROR - Detection loop error: '_thread._local' object has no attribute 'srcdc'
2026-05-17 13:08:07,410 - __main__ - ERROR - Detection loop error: '_thread._local' object has no attribute 'srcdc'
2026-05-17 13:08:07,658 - __main__ - ERROR - Detection loop error: '_thread._local' object has no attribute 'srcdc'
2026-05-17 13:08:07,798 - __main__ - ERROR - Detection loop error: '_thread._local' object has no attribute 'srcdc'
2026-05-17 13:08:07,846 - __main__ - INFO - Found Fortnite window at (0, 0, 1920, 1080)
2026-05-17 13:08:07,955 - __main__ - ERROR - Detection loop error: '_thread._local' object has no attribute 'srcdc'
2026-05-17 13:08:08,126 - __main__ - ERROR - Detection loop error: '_thread._local' object has no attribute 'srcdc'
2026-05-17 13:08:08,316 - __main__ - ERROR - Detection loop error: '_thread._local' object has no attribute 'srcdc'
2026-05-17 13:08:08,552 - __main__ - ERROR - Detection loop error: '_thread._local' object has no attribute 'srcdc'
2026-05-17 13:08:08,618 - __main__ - INFO - Found Fortnite window at (0, 0, 1920, 1080)
2026-05-17 13:08:08,739 - __main__ - ERROR - Detection loop error: '_thread._local' object has no attribute 'srcdc'
2026-05-17 13:08:08,924 - __main__ - ERROR - Detection loop error: '_thread._local' object has no attribute 'srcdc'
2026-05-17 13:08:09,167 - __main__ - ERROR - Detection loop error: '_thread._local' object has no attribute 'srcdc'
2026-05-17 13:08:09,409 - __main__ - INFO - Found Fortnite window at (0, 0, 1920, 1080)
2026-05-17 13:08:09,539 - __main__ - ERROR - Detection loop error: '_thread._local' object has no attribute 'srcdc'
2026-05-17 13:08:09,694 - __main__ - ERROR - Detection loop error: '_thread._local' object has no attribute 'srcdc'
2026-05-17 13:08:09,946 - __main__ - ERROR - Detection loop error: '_thread._local' object has no attribute 'srcdc'
2026-05-17 13:08:10,187 - __main__ - ERROR - Detection loop error: '_thread._local' object has no attribute 'srcdc'
2026-05-17 13:08:10,187 - __main__ - INFO - Found Fortnite window at (0, 0, 1920, 1080)
2026-05-17 13:08:10,431 - __main__ - ERROR - Detection loop error: '_thread._local' object has no attribute 'srcdc'
2026-05-17 13:08:10,663 - __main__ - ERROR - Detection loop error: '_thread._local' object has no attribute 'srcdc'
2026-05-17 13:08:10,816 - __main__ - ERROR - Detection loop error: '_thread._local' object has no attribute 'srcdc'
2026-05-17 13:08:11,009 - __main__ - ERROR - Detection loop error: '_thread._local' object has no attribute 'srcdc'
2026-05-17 13:08:11,009 - __main__ - INFO - Found Fortnite window at (0, 0, 1920, 1080)
2026-05-17 13:08:11,127 - __main__ - ERROR - Detection loop error: '_thread._local' object has no attribute 'srcdc'
2026-05-17 13:08:11,336 - __main__ - ERROR - Detection loop error: '_thread._local' object has no attribute 'srcdc'
2026-05-17 13:08:11,583 - __main__ - ERROR - Detection loop error: '_thread._local' object has no attribute 'srcdc'
2026-05-17 13:08:11,756 - __main__ - ERROR - Detection loop error: '_thread._local' object has no attribute 'srcdc'
2026-05-17 13:08:11,867 - __main__ - INFO - Found Fortnite window at (0, 0, 1920, 1080)
2026-05-17 13:08:11,975 - __main__ - ERROR - Detection loop error: '_thread._local' object has no attribute 'srcdc'
2026-05-17 13:08:12,099 - __main__ - ERROR - Detection loop error: '_thread._local' object has no attribute 'srcdc'
2026-05-17 13:08:12,409 - __main__ - ERROR - Detection loop error: '_thread._local' object has no attribute 'srcdc'
2026-05-17 13:08:12,724 - __main__ - ERROR - Detection loop error: '_thread._local' object has no attribute 'srcdc'
2026-05-17 13:08:12,884 - __main__ - INFO - Found Fortnite window at (0, 0, 1920, 1080)
2026-05-17 13:08:12,895 - __main__ - ERROR - Detection loop error: '_thread._local' object has no attribute 'srcdc'
2026-05-17 13:08:13,001 - __main__ - ERROR - Detection loop error: '_thread._local' object has no attribute 'srcdc'
2026-05-17 13:08:13,125 - __main__ - ERROR - Detection loop error: '_thread._local' object has no attribute 'srcdc'
2026-05-17 13:08:13,357 - __main__ - ERROR - Detection loop error: '_thread._local' object has no attribute 'srcdc'
2026-05-17 13:08:13,592 - __main__ - ERROR - Detection loop error: '_thread._local' object has no attribute 'srcdc'
2026-05-17 13:08:13,825 - __main__ - INFO - Found Fortnite window at (0, 0, 1920, 1080)
2026-05-17 13:08:13,858 - __main__ - ERROR - Detection loop error: '_thread._local' object has no attribute 'srcdc'
2026-05-17 13:08:13,985 - __main__ - ERROR - Detection loop error: '_thread._local' object has no attribute 'srcdc'
2026-05-17 13:08:14,208 - __main__ - ERROR - Detection loop error: '_thread._local' object has no attribute 'srcdc'
2026-05-17 13:08:14,549 - __main__ - ERROR - Detection loop error: '_thread._local' object has no attribute 'srcdc'
2026-05-17 13:08:14,703 - __main__ - INFO - Found Fortnite window at (0, 0, 1920, 1080)
2026-05-17 13:08:14,736 - __main__ - ERROR - Detection loop error: '_thread._local' object has no attribute 'srcdc'
2026-05-17 13:08:14,968 - __main__ - ERROR - Detection loop error: '_thread._local' object has no attribute 'srcdc'
2026-05-17 13:08:15,110 - __main__ - ERROR - Detection loop error: '_thread._local' object has no attribute 'srcdc'
2026-05-17 13:08:15,487 - __main__ - ERROR - Detection loop error: '_thread._local' object has no attribute 'srcdc'
2026-05-17 13:08:15,569 - __main__ - INFO - Found Fortnite window at (0, 0, 1920, 1080)
2026-05-17 13:08:15,722 - __main__ - ERROR - Detection loop error: '_thread._local' object has no attribute 'srcdc'
2026-05-17 13:08:16,017 - __main__ - ERROR - Detection loop error: '_thread._local' object has no attribute 'srcdc'
2026-05-17 13:08:16,222 - __main__ - ERROR - Detection loop error: '_thread._local' object has no attribute 'srcdc'
2026-05-17 13:08:16,389 - __main__ - ERROR - Detection loop error: '_thread._local' object has no attribute 'srcdc'
2026-05-17 13:08:16,405 - __main__ - INFO - Found Fortnite window at (0, 0, 1920, 1080)
2026-05-17 13:08:16,513 - __main__ - ERROR - Detection loop error: '_thread._local' object has no attribute 'srcdc'
2026-05-17 13:08:16,733 - __main__ - ERROR - Detection loop error: '_thread._local' object has no attribute 'srcdc'
2026-05-17 13:08:16,966 - __main__ - ERROR - Detection loop error: '_thread._local' object has no attribute 'srcdc'
2026-05-17 13:08:17,186 - __main__ - ERROR - Detection loop error: '_thread._local' object has no attribute 'srcdc'
2026-05-17 13:08:17,281 - __main__ - INFO - Found Fortnite window at (0, 0, 1920, 1080)
2026-05-17 13:08:17,357 - __main__ - ERROR - Detection loop error: '_thread._local' object has no attribute 'srcdc'
2026-05-17 13:08:17,481 - __main__ - ERROR - Detection loop error: '_thread._local' object has no attribute 'srcdc'
2026-05-17 13:08:17,811 - __main__ - ERROR - Detection loop error: '_thread._local' object has no attribute 'srcdc'
2026-05-17 13:08:18,037 - __main__ - ERROR - Detection loop error: '_thread._local' object has no attribute 'srcdc'
2026-05-17 13:08:18,190 - __main__ - INFO - Found Fortnite window at (0, 0, 1920, 1080)
2026-05-17 13:08:18,247 - __main__ - ERROR - Detection loop error: '_thread._local' object has no attribute 'srcdc'
2026-05-17 13:08:18,372 - __main__ - ERROR - Detection loop error: '_thread._local' object has no attribute 'srcdc'
2026-05-17 13:08:18,589 - __main__ - ERROR - Detection loop error: '_thread._local' object has no attribute 'srcdc'
2026-05-17 13:08:18,792 - __main__ - ERROR - Detection loop error: '_thread._local' object has no attribute 'srcdc'
2026-05-17 13:08:18,981 - __main__ - ERROR - Detection loop error: '_thread._local' object has no attribute 'srcdc'
2026-05-17 13:08:19,072 - __main__ - INFO - Found Fortnite window at (0, 0, 1920, 1080)
2026-05-17 13:08:19,120 - __main__ - ERROR - Detection loop error: '_thread._local' object has no attribute 'srcdc'
2026-05-17 13:08:19,246 - __main__ - ERROR - Detection loop error: '_thread._local' object has no attribute 'srcdc'
2026-05-17 13:08:19,512 - __main__ - ERROR - Detection loop error: '_thread._local' object has no attribute 'srcdc'
2026-05-17 13:08:19,682 - __main__ - ERROR - Detection loop error: '_thread._local' object has no attribute 'srcdc'
2026-05-17 13:08:19,867 - __main__ - ERROR - Detection loop error: '_thread._local' object has no attribute 'srcdc'
2026-05-17 13:08:19,979 - __main__ - INFO - Found Fortnite window at (0, 0, 1920, 1080)
2026-05-17 13:08:20,088 - __main__ - ERROR - Detection loop error: '_thread._local' object has no attribute 'srcdc'
2026-05-17 13:08:20,254 - __main__ - ERROR - Detection loop error: '_thread._local' object has no attribute 'srcdc'
2026-05-17 13:08:20,397 - __main__ - ERROR - Detection loop error: '_thread._local' object has no attribute 'srcdc'
2026-05-17 13:08:20,645 - __main__ - ERROR - Detection loop error: '_thread._local' object has no attribute 'srcdc'
2026-05-17 13:08:20,801 - __main__ - INFO - Found Fortnite window at (0, 0, 1920, 1080)
2026-05-17 13:08:20,816 - __main__ - ERROR - Detection loop error: '_thread._local' object has no attribute 'srcdc'
2026-05-17 13:08:20,940 - __main__ - ERROR - Detection loop error: '_thread._local' object has no attribute 'srcdc'
2026-05-17 13:08:21,080 - __main__ - ERROR - Detection loop error: '_thread._local' object has no attribute 'srcdc'
2026-05-17 13:08:21,236 - __main__ - ERROR - Detection loop error: '_thread._local' object has no attribute 'srcdc'
2026-05-17 13:08:21,394 - __main__ - ERROR - Detection loop error: '_thread._local' object has no attribute 'srcdc'
2026-05-17 13:08:21,581 - __main__ - ERROR - Detection loop error: '_thread._local' object has no attribute 'srcdc'
2026-05-17 13:08:21,746 - __main__ - INFO - Found Fortnite window at (0, 0, 1920, 1080)
2026-05-17 13:08:21,831 - __main__ - ERROR - Detection loop error: '_thread._local' object has no attribute 'srcdc'
2026-05-17 13:08:22,002 - __main__ - ERROR - Detection loop error: '_thread._local' object has no attribute 'srcdc'
2026-05-17 13:08:22,218 - __main__ - ERROR - Detection loop error: '_thread._local' object has no attribute 'srcdc'
2026-05-17 13:08:22,359 - __main__ - ERROR - Detection loop error: '_thread._local' object has no attribute 'srcdc'
2026-05-17 13:08:22,577 - __main__ - ERROR - Detection loop error: '_thread._local' object has no attribute 'srcdc'
2026-05-17 13:08:22,641 - __main__ - INFO - Found Fortnite window at (0, 0, 1920, 1080)
2026-05-17 13:08:22,701 - __main__ - ERROR - Detection loop error: '_thread._local' object has no attribute 'srcdc'
2026-05-17 13:08:22,829 - __main__ - ERROR - Detection loop error: '_thread._local' object has no attribute 'srcdc'
2026-05-17 13:08:23,032 - __main__ - ERROR - Detection loop error: '_thread._local' object has no attribute 'srcdc'
2026-05-17 13:08:23,250 - __main__ - ERROR - Detection loop error: '_thread._local' object has no attribute 'srcdc'
2026-05-17 13:08:23,420 - __main__ - ERROR - Detection loop error: '_thread._local' object has no attribute 'srcdc'
2026-05-17 13:08:23,577 - __main__ - ERROR - Detection loop error: '_thread._local' object has no attribute 'srcdc'
2026-05-17 13:08:23,625 - __main__ - INFO - Found Fortnite window at (0, 0, 1920, 1080)
2026-05-17 13:08:23,747 - __main__ - ERROR - Detection loop error: '_thread._local' object has no attribute 'srcdc'
2026-05-17 13:08:23,936 - __main__ - ERROR - Detection loop error: '_thread._local' object has no attribute 'srcdc'
2026-05-17 13:08:24,076 - __main__ - ERROR - Detection loop error: '_thread._local' object has no attribute 'srcdc'
2026-05-17 13:08:24,265 - __main__ - ERROR - Detection loop error: '_thread._local' object has no attribute 'srcdc'
2026-05-17 13:08:24,436 - __main__ - ERROR - Detection loop error: '_thread._local' object has no attribute 'srcdc'
2026-05-17 13:08:24,600 - __main__ - INFO - Found Fortnite window at (0, 0, 1920, 1080)
2026-05-17 13:08:24,723 - __main__ - ERROR - Detection loop error: '_thread._local' object has no attribute 'srcdc'
2026-05-17 13:08:24,950 - __main__ - ERROR - Detection loop error: '_thread._local' object has no attribute 'srcdc'
2026-05-17 13:08:25,122 - __main__ - ERROR - Detection loop error: '_thread._local' object has no attribute 'srcdc'
2026-05-17 13:08:25,262 - __main__ - ERROR - Detection loop error: '_thread._local' object has no attribute 'srcdc'
2026-05-17 13:08:25,446 - __main__ - ERROR - Detection loop error: '_thread._local' object has no attribute 'srcdc'
2026-05-17 13:08:25,489 - __main__ - INFO - Found Fortnite window at (0, 0, 1920, 1080)
2026-05-17 13:08:25,588 - __main__ - ERROR - Detection loop error: '_thread._local' object has no attribute 'srcdc'
2026-05-17 13:08:25,729 - __main__ - ERROR - Detection loop error: '_thread._local' object has no attribute 'srcdc'
2026-05-17 13:08:25,899 - __main__ - ERROR - Detection loop error: '_thread._local' object has no attribute 'srcdc'
2026-05-17 13:08:26,057 - __main__ - ERROR - Detection loop error: '_thread._local' object has no attribute 'srcdc'
2026-05-17 13:08:26,227 - __main__ - ERROR - Detection loop error: '_thread._local' object has no attribute 'srcdc'
2026-05-17 13:08:26,401 - __main__ - ERROR - Detection loop error: '_thread._local' object has no attribute 'srcdc'
2026-05-17 13:08:26,464 - __main__ - INFO - Found Fortnite window at (0, 0, 1920, 1080)
2026-05-17 13:08:26,570 - __main__ - ERROR - Detection loop error: '_thread._local' object has no attribute 'srcdc'
2026-05-17 13:08:26,697 - __main__ - ERROR - Detection loop error: '_thread._local' object has no attribute 'srcdc'
2026-05-17 13:08:26,928 - __main__ - ERROR - Detection loop error: '_thread._local' object has no attribute 'srcdc'
2026-05-17 13:08:27,038 - __main__ - ERROR - Detection loop error: '_thread._local' object has no attribute 'srcdc'
2026-05-17 13:08:27,269 - __main__ - ERROR - Detection loop error: '_thread._local' object has no attribute 'srcdc'
2026-05-17 13:08:27,411 - __main__ - ERROR - Detection loop error: '_thread._local' object has no attribute 'srcdc'
2026-05-17 13:08:27,430 - __main__ - INFO - Found Fortnite window at (0, 0, 1920, 1080)
2026-05-17 13:08:27,553 - __main__ - ERROR - Detection loop error: '_thread._local' object has no attribute 'srcdc'
2026-05-17 13:08:27,742 - __main__ - ERROR - Detection loop error: '_thread._local' object has no attribute 'srcdc'
2026-05-17 13:08:27,898 - __main__ - ERROR - Detection loop error: '_thread._local' object has no attribute 'srcdc'
2026-05-17 13:08:28,067 - __main__ - ERROR - Detection loop error: '_thread._local' object has no attribute 'srcdc'
2026-05-17 13:08:28,254 - __main__ - ERROR - Detection loop error: '_thread._local' object has no attribute 'srcdc'
2026-05-17 13:08:28,285 - __main__ - INFO - Found Fortnite window at (0, 0, 1920, 1080)
2026-05-17 13:08:28,442 - __main__ - ERROR - Detection loop error: '_thread._local' object has no attribute 'srcdc'
2026-05-17 13:08:28,628 - __main__ - ERROR - Detection loop error: '_thread._local' object has no attribute 'srcdc'
2026-05-17 13:08:28,817 - __main__ - ERROR - Detection loop error: '_thread._local' object has no attribute 'srcdc'
2026-05-17 13:08:28,972 - __main__ - ERROR - Detection loop error: '_thread._local' object has no attribute 'srcdc'
2026-05-17 13:08:29,149 - __main__ - INFO - Found Fortnite window at (0, 0, 1920, 1080)
2026-05-17 13:08:29,158 - __main__ - ERROR - Detection loop error: '_thread._local' object has no attribute 'srcdc'
2026-05-17 13:08:29,315 - __main__ - ERROR - Detection loop error: '_thread._local' object has no attribute 'srcdc'
2026-05-17 13:08:29,535 - __main__ - ERROR - Detection loop error: '_thread._local' object has no attribute 'srcdc'
2026-05-17 13:08:29,707 - __main__ - ERROR - Detection loop error: '_thread._local' object has no attribute 'srcdc'
2026-05-17 13:08:29,912 - __main__ - ERROR - Detection loop error: '_thread._local' object has no attribute 'srcdc'
2026-05-17 13:08:29,966 - __main__ - INFO - Found Fortnite window at (0, 0, 1920, 1080)
2026-05-17 13:08:30,083 - __main__ - ERROR - Detection loop error: '_thread._local' object has no attribute 'srcdc'
2026-05-17 13:08:30,257 - __main__ - ERROR - Detection loop error: '_thread._local' object has no attribute 'srcdc'
2026-05-17 13:08:30,446 - __main__ - ERROR - Detection loop error: '_thread._local' object has no attribute 'srcdc'
2026-05-17 13:08:30,587 - __main__ - ERROR - Detection loop error: '_thread._local' object has no attribute 'srcdc'
2026-05-17 13:08:30,758 - __main__ - ERROR - Detection loop error: '_thread._local' object has no attribute 'srcdc'
2026-05-17 13:08:30,771 - __main__ - INFO - Found Fortnite window at (0, 0, 1920, 1080)
2026-05-17 13:08:30,901 - __main__ - ERROR - Detection loop error: '_thread._local' object has no attribute 'srcdc'
2026-05-17 13:08:31,101 - __main__ - ERROR - Detection loop error: '_thread._local' object has no attribute 'srcdc'
2026-05-17 13:08:31,286 - __main__ - ERROR - Detection loop error: '_thread._local' object has no attribute 'srcdc'
2026-05-17 13:08:31,428 - __main__ - ERROR - Detection loop error: '_thread._local' object has no attribute 'srcdc'
2026-05-17 13:08:31,599 - __main__ - ERROR - Detection loop error: '_thread._local' object has no attribute 'srcdc'
2026-05-17 13:08:31,658 - __main__ - INFO - Found Fortnite window at (0, 0, 1920, 1080)
2026-05-17 13:08:31,754 - __main__ - ERROR - Detection loop error: '_thread._local' object has no attribute 'srcdc'
2026-05-17 13:08:32,146 - __main__ - ERROR - Detection loop error: '_thread._local' object has no attribute 'srcdc'
2026-05-17 13:08:32,318 - __main__ - ERROR - Detection loop error: '_thread._local' object has no attribute 'srcdc'
2026-05-17 13:08:32,473 - __main__ - ERROR - Detection loop error: '_thread._local' object has no attribute 'srcdc'
2026-05-17 13:08:32,510 - __main__ - INFO - Found Fortnite window at (0, 0, 1920, 1080)
2026-05-17 13:08:32,628 - __main__ - ERROR - Detection loop error: '_thread._local' object has no attribute 'srcdc'
2026-05-17 13:08:32,943 - __main__ - ERROR - Detection loop error: '_thread._local' object has no attribute 'srcdc'
2026-05-17 13:08:33,111 - __main__ - ERROR - Detection loop error: '_thread._local' object has no attribute 'srcdc'
2026-05-17 13:08:33,283 - __main__ - ERROR - Detection loop error: '_thread._local' object has no attribute 'srcdc'
2026-05-17 13:08:33,360 - __main__ - INFO - Found Fortnite window at (0, 0, 1920, 1080)
2026-05-17 13:08:33,457 - __main__ - ERROR - Detection loop error: '_thread._local' object has no attribute 'srcdc'
2026-05-17 13:08:33,643 - __main__ - ERROR - Detection loop error: '_thread._local' object has no attribute 'srcdc'
2026-05-17 13:08:33,846 - __main__ - ERROR - Detection loop error: '_thread._local' object has no attribute 'srcdc'
2026-05-17 13:08:33,986 - __main__ - ERROR - Detection loop error: '_thread._local' object has no attribute 'srcdc'
2026-05-17 13:08:34,144 - __main__ - ERROR - Detection loop error: '_thread._local' object has no attribute 'srcdc'
2026-05-17 13:08:34,164 - __main__ - INFO - Found Fortnite window at (0, 0, 1920, 1080)
2026-05-17 13:08:34,318 - __main__ - ERROR - Detection loop error: '_thread._local' object has no attribute 'srcdc'
2026-05-17 13:08:34,474 - __main__ - ERROR - Detection loop error: '_thread._local' object has no attribute 'srcdc'
2026-05-17 13:08:34,663 - __main__ - ERROR - Detection loop error: '_thread._local' object has no attribute 'srcdc'
2026-05-17 13:08:34,891 - __main__ - ERROR - Detection loop error: '_thread._local' object has no attribute 'srcdc'
2026-05-17 13:08:35,046 - __main__ - INFO - Found Fortnite window at (0, 0, 1920, 1080)
2026-05-17 13:08:35,047 - __main__ - ERROR - Detection loop error: '_thread._local' object has no attribute 'srcdc'
2026-05-17 13:08:35,189 - __main__ - ERROR - Detection loop error: '_thread._local' object has no attribute 'srcdc'
2026-05-17 13:08:35,373 - __main__ - ERROR - Detection loop error: '_thread._local' object has no attribute 'srcdc'
2026-05-17 13:08:35,593 - __main__ - ERROR - Detection loop error: '_thread._local' object has no attribute 'srcdc'
2026-05-17 13:08:35,763 - __main__ - ERROR - Detection loop error: '_thread._local' object has no attribute 'srcdc'
2026-05-17 13:08:35,887 - __main__ - ERROR - Detection loop error: '_thread._local' object has no attribute 'srcdc'
2026-05-17 13:08:35,939 - __main__ - INFO - Found Fortnite window at (0, 0, 1920, 1080)
2026-05-17 13:08:36,060 - __main__ - ERROR - Detection loop error: '_thread._local' object has no attribute 'srcdc'
2026-05-17 13:08:36,246 - __main__ - ERROR - Detection loop error: '_thread._local' object has no attribute 'srcdc'
2026-05-17 13:08:36,435 - __main__ - ERROR - Detection loop error: '_thread._local' object has no attribute 'srcdc'
2026-05-17 13:08:36,610 - __main__ - ERROR - Detection loop error: '_thread._local' object has no attribute 'srcdc'
2026-05-17 13:08:36,761 - __main__ - INFO - Found Fortnite window at (0, 0, 1920, 1080)
2026-05-17 13:08:36,862 - __main__ - ERROR - Detection loop error: '_thread._local' object has no attribute 'srcdc'
2026-05-17 13:08:37,093 - __main__ - ERROR - Detection loop error: '_thread._local' object has no attribute 'srcdc'
2026-05-17 13:08:37,315 - __main__ - ERROR - Detection loop error: '_thread._local' object has no attribute 'srcdc'
2026-05-17 13:08:37,461 - __main__ - ERROR - Detection loop error: '_thread._local' object has no attribute 'srcdc'
2026-05-17 13:08:37,540 - __main__ - INFO - Found Fortnite window at (0, 0, 1920, 1080)
2026-05-17 13:08:37,610 - __main__ - ERROR - Detection loop error: '_thread._local' object has no attribute 'srcdc'
2026-05-17 13:08:37,813 - __main__ - ERROR - Detection loop error: '_thread._local' object has no attribute 'srcdc'
2026-05-17 13:08:38,033 - __main__ - ERROR - Detection loop error: '_thread._local' object has no attribute 'srcdc'
2026-05-17 13:08:38,251 - __main__ - ERROR - Detection loop error: '_thread._local' object has no attribute 'srcdc'
2026-05-17 13:08:38,316 - __main__ - INFO - Found Fortnite window at (0, 0, 1920, 1080)
2026-05-17 13:08:38,392 - __main__ - ERROR - Detection loop error: '_thread._local' object has no attribute 'srcdc'
2026-05-17 13:08:38,517 - __main__ - ERROR - Detection loop error: '_thread._local' object has no attribute 'srcdc'
2026-05-17 13:08:38,690 - __main__ - ERROR - Detection loop error: '_thread._local' object has no attribute 'srcdc'
2026-05-17 13:08:38,851 - __main__ - ERROR - Detection loop error: '_thread._local' object has no attribute 'srcdc'
2026-05-17 13:08:39,015 - __main__ - ERROR - Detection loop error: '_thread._local' object has no attribute 'srcdc'
2026-05-17 13:08:39,154 - __main__ - ERROR - Detection loop error: '_thread._local' object has no attribute 'srcdc'
2026-05-17 13:08:39,183 - __main__ - INFO - Found Fortnite window at (0, 0, 1920, 1080)
2026-05-17 13:08:39,309 - __main__ - ERROR - Detection loop error: '_thread._local' object has no attribute 'srcdc'
2026-05-17 13:08:39,466 - __main__ - ERROR - Detection loop error: '_thread._local' object has no attribute 'srcdc'
2026-05-17 13:08:39,636 - __main__ - ERROR - Detection loop error: '_thread._local' object has no attribute 'srcdc'
2026-05-17 13:08:39,793 - __main__ - ERROR - Detection loop error: '_thread._local' object has no attribute 'srcdc'
2026-05-17 13:08:39,935 - __main__ - ERROR - Detection loop error: '_thread._local' object has no attribute 'srcdc'
2026-05-17 13:08:39,937 - __main__ - INFO - Found Fortnite window at (0, 0, 1920, 1080)
2026-05-17 13:08:40,060 - __main__ - ERROR - Detection loop error: '_thread._local' object has no attribute 'srcdc'
2026-05-17 13:08:40,245 - __main__ - ERROR - Detection loop error: '_thread._local' object has no attribute 'srcdc'
2026-05-17 13:08:40,415 - __main__ - ERROR - Detection loop error: '_thread._local' object has no attribute 'srcdc'
2026-05-17 13:08:40,588 - __main__ - ERROR - Detection loop error: '_thread._local' object has no attribute 'srcdc'
2026-05-17 13:08:40,686 - __main__ - INFO - Found Fortnite window at (0, 0, 1920, 1080)
2026-05-17 13:08:40,740 - __main__ - ERROR - Detection loop error: '_thread._local' object has no attribute 'srcdc'
2026-05-17 13:08:41,008 - __main__ - ERROR - Detection loop error: '_thread._local' object has no attribute 'srcdc'
2026-05-17 13:08:41,241 - __main__ - ERROR - Detection loop error: '_thread._local' object has no attribute 'srcdc'
2026-05-17 13:08:41,429 - __main__ - ERROR - Detection loop error: '_thread._local' object has no attribute 'srcdc'
2026-05-17 13:08:41,474 - __main__ - INFO - Found Fortnite window at (0, 0, 1920, 1080)
2026-05-17 13:08:41,616 - __main__ - ERROR - Detection loop error: '_thread._local' object has no attribute 'srcdc'
2026-05-17 13:08:41,758 - __main__ - ERROR - Detection loop error: '_thread._local' object has no attribute 'srcdc'
2026-05-17 13:08:41,906 - __main__ - ERROR - Detection loop error: '_thread._local' object has no attribute 'srcdc'
2026-05-17 13:08:42,211 - __main__ - ERROR - Detection loop error: '_thread._local' object has no attribute 'srcdc'
2026-05-17 13:08:42,213 - __main__ - INFO - Found Fortnite window at (0, 0, 1920, 1080)
2026-05-17 13:08:42,327 - __main__ - ERROR - Detection loop error: '_thread._local' object has no attribute 'srcdc'
2026-05-17 13:08:42,446 - __main__ - ERROR - Detection loop error: '_thread._local' object has no attribute 'srcdc'
2026-05-17 13:08:42,619 - __main__ - ERROR - Detection loop error: '_thread._local' object has no attribute 'srcdc'
2026-05-17 13:08:42,792 - __main__ - ERROR - Detection loop error: '_thread._local' object has no attribute 'srcdc'
2026-05-17 13:08:42,962 - __main__ - ERROR - Detection loop error: '_thread._local' object has no attribute 'srcdc'
2026-05-17 13:08:43,008 - __main__ - INFO - Found Fortnite window at (0, 0, 1920, 1080)
2026-05-17 13:08:43,118 - __main__ - ERROR - Detection loop error: '_thread._local' object has no attribute 'srcdc'
2026-05-17 13:08:43,245 - __main__ - ERROR - Detection loop error: '_thread._local' object has no attribute 'srcdc'
2026-05-17 13:08:43,398 - __main__ - ERROR - Detection loop error: '_thread._local' object has no attribute 'srcdc'
2026-05-17 13:08:43,583 - __main__ - ERROR - Detection loop error: '_thread._local' object has no attribute 'srcdc'
2026-05-17 13:08:43,784 - __main__ - ERROR - Detection loop error: '_thread._local' object has no attribute 'srcdc'
2026-05-17 13:08:43,899 - __main__ - INFO - Found Fortnite window at (0, 0, 1920, 1080)
2026-05-17 13:08:43,986 - __main__ - ERROR - Detection loop error: '_thread._local' object has no attribute 'srcdc'
2026-05-17 13:08:44,102 - __main__ - ERROR - Detection loop error: '_thread._local' object has no attribute 'srcdc'
2026-05-17 13:08:44,238 - __main__ - ERROR - Detection loop error: '_thread._local' object has no attribute 'srcdc'
2026-05-17 13:08:44,442 - __main__ - ERROR - Detection loop error: '_thread._local' object has no attribute 'srcdc'
2026-05-17 13:08:44,587 - __main__ - ERROR - Detection loop error: '_thread._local' object has no attribute 'srcdc'
2026-05-17 13:08:44,706 - __main__ - ERROR - Detection loop error: '_thread._local' object has no attribute 'srcdc'
2026-05-17 13:08:44,759 - __main__ - INFO - Found Fortnite window at (0, 0, 1920, 1080)
2026-05-17 13:08:44,862 - __main__ - ERROR - Detection loop error: '_thread._local' object has no attribute 'srcdc'
2026-05-17 13:08:45,001 - __main__ - ERROR - Detection loop error: '_thread._local' object has no attribute 'srcdc'
2026-05-17 13:08:45,187 - __main__ - ERROR - Detection loop error: '_thread._local' object has no attribute 'srcdc'
2026-05-17 13:08:45,393 - __main__ - ERROR - Detection loop error: '_thread._local' object has no attribute 'srcdc'
2026-05-17 13:08:45,551 - __main__ - ERROR - Detection loop error: '_thread._local' object has no attribute 'srcdc'
2026-05-17 13:08:45,628 - __main__ - INFO - Found Fortnite window at (0, 0, 1920, 1080)
2026-05-17 13:08:45,691 - __main__ - ERROR - Detection loop error: '_thread._local' object has no attribute 'srcdc'
2026-05-17 13:08:45,849 - __main__ - ERROR - Detection loop error: '_thread._local' object has no attribute 'srcdc'
2026-05-17 13:08:46,021 - __main__ - ERROR - Detection loop error: '_thread._local' object has no attribute 'srcdc'
2026-05-17 13:08:46,173 - __main__ - ERROR - Detection loop error: '_thread._local' object has no attribute 'srcdc'
2026-05-17 13:08:46,331 - __main__ - ERROR - Detection loop error: '_thread._local' object has no attribute 'srcdc'
2026-05-17 13:08:46,445 - __main__ - INFO - Found Fortnite window at (0, 0, 1920, 1080)
2026-05-17 13:08:46,517 - __main__ - ERROR - Detection loop error: '_thread._local' object has no attribute 'srcdc'
2026-05-17 13:08:46,628 - __main__ - ERROR - Detection loop error: '_thread._local' object has no attribute 'srcdc'
2026-05-17 13:08:46,799 - __main__ - ERROR - Detection loop error: '_thread._local' object has no attribute 'srcdc'
2026-05-17 13:08:46,955 - __main__ - ERROR - Detection loop error: '_thread._local' object has no attribute 'srcdc'
2026-05-17 13:08:47,156 - __main__ - ERROR - Detection loop error: '_thread._local' object has no attribute 'srcdc'
2026-05-17 13:08:47,289 - __main__ - ERROR - Detection loop error: '_thread._local' object has no attribute 'srcdc'
2026-05-17 13:08:47,341 - __main__ - INFO - Found Fortnite window at (0, 0, 1920, 1080)
2026-05-17 13:08:47,469 - __main__ - ERROR - Detection loop error: '_thread._local' object has no attribute 'srcdc'
2026-05-17 13:08:47,718 - __main__ - ERROR - Detection loop error: '_thread._local' object has no attribute 'srcdc'
2026-05-17 13:08:47,938 - __main__ - ERROR - Detection loop error: '_thread._local' object has no attribute 'srcdc'
2026-05-17 13:08:48,141 - __main__ - ERROR - Detection loop error: '_thread._local' object has no attribute 'srcdc'
2026-05-17 13:08:48,198 - __main__ - INFO - Found Fortnite window at (0, 0, 1920, 1080)
2026-05-17 13:08:48,280 - __main__ - ERROR - Detection loop error: '_thread._local' object has no attribute 'srcdc'
2026-05-17 13:08:48,407 - __main__ - ERROR - Detection loop error: '_thread._local' object has no attribute 'srcdc'
2026-05-17 13:08:48,563 - __main__ - ERROR - Detection loop error: '_thread._local' object has no attribute 'srcdc'
2026-05-17 13:08:48,733 - __main__ - ERROR - Detection loop error: '_thread._local' object has no attribute 'srcdc'
2026-05-17 13:08:48,892 - __main__ - ERROR - Detection loop error: '_thread._local' object has no attribute 'srcdc'
2026-05-17 13:08:49,050 - __main__ - ERROR - Detection loop error: '_thread._local' object has no attribute 'srcdc'
2026-05-17 13:08:49,100 - __main__ - INFO - Found Fortnite window at (0, 0, 1920, 1080)
2026-05-17 13:08:49,238 - __main__ - ERROR - Detection loop error: '_thread._local' object has no attribute 'srcdc'
2026-05-17 13:08:49,457 - __main__ - ERROR - Detection loop error: '_thread._local' object has no attribute 'srcdc'
2026-05-17 13:08:49,646 - __main__ - ERROR - Detection loop error: '_thread._local' object has no attribute 'srcdc'
2026-05-17 13:08:49,833 - __main__ - ERROR - Detection loop error: '_thread._local' object has no attribute 'srcdc'
2026-05-17 13:08:49,957 - __main__ - ERROR - Detection loop error: '_thread._local' object has no attribute 'srcdc'
2026-05-17 13:08:49,984 - __main__ - INFO - Found Fortnite window at (0, 0, 1920, 1080)
2026-05-17 13:08:50,128 - __main__ - ERROR - Detection loop error: '_thread._local' object has no attribute 'srcdc'
2026-05-17 13:08:50,331 - __main__ - ERROR - Detection loop error: '_thread._local' object has no attribute 'srcdc'
2026-05-17 13:08:50,579 - __main__ - ERROR - Detection loop error: '_thread._local' object has no attribute 'srcdc'
2026-05-17 13:08:50,733 - __main__ - ERROR - Detection loop error: '_thread._local' object has no attribute 'srcdc'
2026-05-17 13:08:50,826 - __main__ - INFO - Found Fortnite window at (0, 0, 1920, 1080)
2026-05-17 13:08:50,845 - __main__ - ERROR - Detection loop error: '_thread._local' object has no attribute 'srcdc'
2026-05-17 13:08:50,970 - __main__ - ERROR - Detection loop error: '_thread._local' object has no attribute 'srcdc'
2026-05-17 13:08:51,156 - __main__ - ERROR - Detection loop error: '_thread._local' object has no attribute 'srcdc'
2026-05-17 13:08:51,305 - __main__ - ERROR - Detection loop error: '_thread._local' object has no attribute 'srcdc'
2026-05-17 13:08:51,515 - __main__ - ERROR - Detection loop error: '_thread._local' object has no attribute 'srcdc'
2026-05-17 13:08:51,710 - __main__ - INFO - Found Fortnite window at (0, 0, 1920, 1080)
2026-05-17 13:08:51,750 - __main__ - ERROR - Detection loop error: '_thread._local' object has no attribute 'srcdc'
2026-05-17 13:08:51,874 - __main__ - ERROR - Detection loop error: '_thread._local' object has no attribute 'srcdc'
2026-05-17 13:08:52,062 - __main__ - ERROR - Detection loop error: '_thread._local' object has no attribute 'srcdc'
2026-05-17 13:08:52,358 - __main__ - ERROR - Detection loop error: '_thread._local' object has no attribute 'srcdc'
2026-05-17 13:08:52,501 - __main__ - ERROR - Detection loop error: '_thread._local' object has no attribute 'srcdc'
2026-05-17 13:08:52,585 - __main__ - INFO - Found Fortnite window at (0, 0, 1920, 1080)
2026-05-17 13:08:52,639 - __main__ - ERROR - Detection loop error: '_thread._local' object has no attribute 'srcdc'
2026-05-17 13:08:52,763 - __main__ - ERROR - Detection loop error: '_thread._local' object has no attribute 'srcdc'
2026-05-17 13:08:52,979 - __main__ - ERROR - Detection loop error: '_thread._local' object has no attribute 'srcdc'
2026-05-17 13:08:53,167 - __main__ - ERROR - Detection loop error: '_thread._local' object has no attribute 'srcdc'
2026-05-17 13:08:53,370 - __main__ - ERROR - Detection loop error: '_thread._local' object has no attribute 'srcdc'
2026-05-17 13:08:53,442 - __main__ - INFO - Found Fortnite window at (0, 0, 1920, 1080)
2026-05-17 13:08:53,527 - __main__ - ERROR - Detection loop error: '_thread._local' object has no attribute 'srcdc'
2026-05-17 13:08:53,636 - __main__ - ERROR - Detection loop error: '_thread._local' object has no attribute 'srcdc'
2026-05-17 13:08:53,794 - __main__ - ERROR - Detection loop error: '_thread._local' object has no attribute 'srcdc'
2026-05-17 13:08:53,995 - __main__ - ERROR - Detection loop error: '_thread._local' object has no attribute 'srcdc'
2026-05-17 13:08:54,196 - __main__ - ERROR - Detection loop error: '_thread._local' object has no attribute 'srcdc'
2026-05-17 13:08:54,306 - __main__ - INFO - Found Fortnite window at (0, 0, 1920, 1080)
2026-05-17 13:08:54,372 - __main__ - ERROR - Detection loop error: '_thread._local' object has no attribute 'srcdc'
2026-05-17 13:08:54,575 - __main__ - ERROR - Detection loop error: '_thread._local' object has no attribute 'srcdc'
2026-05-17 13:08:54,712 - __main__ - ERROR - Detection loop error: '_thread._local' object has no attribute 'srcdc'
2026-05-17 13:08:54,868 - __main__ - ERROR - Detection loop error: '_thread._local' object has no attribute 'srcdc'
2026-05-17 13:08:55,024 - __main__ - ERROR - Detection loop error: '_thread._local' object has no attribute 'srcdc'
2026-05-17 13:08:55,149 - __main__ - INFO - Found Fortnite window at (0, 0, 1920, 1080)
2026-05-17 13:08:55,164 - __main__ - ERROR - Detection loop error: '_thread._local' object has no attribute 'srcdc'
2026-05-17 13:08:55,288 - __main__ - ERROR - Detection loop error: '_thread._local' object has no attribute 'srcdc'
2026-05-17 13:08:55,491 - __main__ - ERROR - Detection loop error: '_thread._local' object has no attribute 'srcdc'
2026-05-17 13:08:55,705 - __main__ - ERROR - Detection loop error: '_thread._local' object has no attribute 'srcdc'
2026-05-17 13:08:55,887 - __main__ - ERROR - Detection loop error: '_thread._local' object has no attribute 'srcdc'
2026-05-17 13:08:56,046 - __main__ - INFO - Found Fortnite window at (0, 0, 1920, 1080)
2026-05-17 13:08:56,088 - __main__ - ERROR - Detection loop error: '_thread._local' object has no attribute 'srcdc'
2026-05-17 13:08:56,276 - __main__ - ERROR - Detection loop error: '_thread._local' object has no attribute 'srcdc'
2026-05-17 13:08:56,540 - __main__ - ERROR - Detection loop error: '_thread._local' object has no attribute 'srcdc'
2026-05-17 13:08:56,776 - __main__ - ERROR - Detection loop error: '_thread._local' object has no attribute 'srcdc'
2026-05-17 13:08:56,888 - __main__ - INFO - Found Fortnite window at (0, 0, 1920, 1080)
2026-05-17 13:08:56,900 - __main__ - ERROR - Detection loop error: '_thread._local' object has no attribute 'srcdc'
2026-05-17 13:08:57,020 - __main__ - ERROR - Detection loop error: '_thread._local' object has no attribute 'srcdc'
2026-05-17 13:08:57,215 - __main__ - ERROR - Detection loop error: '_thread._local' object has no attribute 'srcdc'
2026-05-17 13:08:57,389 - __main__ - ERROR - Detection loop error: '_thread._local' object has no attribute 'srcdc'
2026-05-17 13:08:57,719 - __main__ - ERROR - Detection loop error: '_thread._local' object has no attribute 'srcdc'
2026-05-17 13:08:57,749 - __main__ - INFO - Found Fortnite window at (0, 0, 1920, 1080)
2026-05-17 13:08:57,876 - __main__ - ERROR - Detection loop error: '_thread._local' object has no attribute 'srcdc'
2026-05-17 13:08:58,033 - __main__ - ERROR - Detection loop error: '_thread._local' object has no attribute 'srcdc'
2026-05-17 13:08:58,347 - __main__ - ERROR - Detection loop error: '_thread._local' object has no attribute 'srcdc'
2026-05-17 13:08:58,520 - __main__ - ERROR - Detection loop error: '_thread._local' object has no attribute 'srcdc'
2026-05-17 13:08:58,645 - __main__ - ERROR - Detection loop error: '_thread._local' object has no attribute 'srcdc'
2026-05-17 13:08:58,646 - __main__ - INFO - Found Fortnite window at (0, 0, 1920, 1080)
2026-05-17 13:08:58,765 - __main__ - ERROR - Detection loop error: '_thread._local' object has no attribute 'srcdc'
2026-05-17 13:08:58,995 - __main__ - ERROR - Detection loop error: '_thread._local' object has no attribute 'srcdc'
2026-05-17 13:08:59,244 - __main__ - ERROR - Detection loop error: '_thread._local' object has no attribute 'srcdc'
2026-05-17 13:08:59,508 - __main__ - ERROR - Detection loop error: '_thread._local' object has no attribute 'srcdc'
2026-05-17 13:08:59,583 - __main__ - INFO - Found Fortnite window at (0, 0, 1920, 1080)
2026-05-17 13:08:59,775 - __main__ - ERROR - Detection loop error: '_thread._local' object has no attribute 'srcdc'
2026-05-17 13:09:00,103 - __main__ - ERROR - Detection loop error: '_thread._local' object has no attribute 'srcdc'
2026-05-17 13:09:00,411 - __main__ - INFO - Found Fortnite window at (0, 0, 1920, 1080)
2026-05-17 13:09:00,492 - __main__ - ERROR - Detection loop error: '_thread._local' object has no attribute 'srcdc'
2026-05-17 13:09:00,742 - __main__ - ERROR - Detection loop error: '_thread._local' object has no attribute 'srcdc'
2026-05-17 13:09:00,913 - __main__ - ERROR - Detection loop error: '_thread._local' object has no attribute 'srcdc'
2026-05-17 13:09:01,070 - __main__ - ERROR - Detection loop error: '_thread._local' object has no attribute 'srcdc'
2026-05-17 13:09:01,271 - __main__ - ERROR - Detection loop error: '_thread._local' object has no attribute 'srcdc'
2026-05-17 13:09:01,271 - __main__ - INFO - Found Fortnite window at (0, 0, 1920, 1080)
2026-05-17 13:09:01,460 - __main__ - ERROR - Detection loop error: '_thread._local' object has no attribute 'srcdc'
2026-05-17 13:09:01,710 - __main__ - ERROR - Detection loop error: '_thread._local' object has no attribute 'srcdc'
2026-05-17 13:09:01,912 - __main__ - ERROR - Detection loop error: '_thread._local' object has no attribute 'srcdc'
2026-05-17 13:09:02,129 - __main__ - ERROR - Detection loop error: '_thread._local' object has no attribute 'srcdc'
2026-05-17 13:09:02,152 - __main__ - INFO - Found Fortnite window at (0, 0, 1920, 1080)
2026-05-17 13:09:02,334 - __main__ - ERROR - Detection loop error: '_thread._local' object has no attribute 'srcdc'
2026-05-17 13:09:02,519 - __main__ - ERROR - Detection loop error: '_thread._local' object has no attribute 'srcdc'
2026-05-17 13:09:02,658 - __main__ - ERROR - Detection loop error: '_thread._local' object has no attribute 'srcdc'
2026-05-17 13:09:02,829 - __main__ - ERROR - Detection loop error: '_thread._local' object has no attribute 'srcdc'
2026-05-17 13:09:03,027 - __main__ - ERROR - Detection loop error: '_thread._local' object has no attribute 'srcdc'
2026-05-17 13:09:03,027 - __main__ - INFO - Found Fortnite window at (0, 0, 1920, 1080)
2026-05-17 13:09:03,157 - __main__ - ERROR - Detection loop error: '_thread._local' object has no attribute 'srcdc'
2026-05-17 13:09:03,344 - __main__ - ERROR - Detection loop error: '_thread._local' object has no attribute 'srcdc'
2026-05-17 13:09:03,533 - __main__ - ERROR - Detection loop error: '_thread._local' object has no attribute 'srcdc'
2026-05-17 13:09:03,697 - __main__ - ERROR - Detection loop error: '_thread._local' object has no attribute 'srcdc'
2026-05-17 13:09:03,894 - __main__ - ERROR - Detection loop error: '_thread._local' object has no attribute 'srcdc'
2026-05-17 13:09:03,923 - __main__ - INFO - Found Fortnite window at (0, 0, 1920, 1080)
2026-05-17 13:09:04,048 - __main__ - ERROR - Detection loop error: '_thread._local' object has no attribute 'srcdc'
2026-05-17 13:09:04,296 - __main__ - ERROR - Detection loop error: '_thread._local' object has no attribute 'srcdc'
2026-05-17 13:09:04,515 - __main__ - ERROR - Detection loop error: '_thread._local' object has no attribute 'srcdc'
2026-05-17 13:09:04,718 - __main__ - ERROR - Detection loop error: '_thread._local' object has no attribute 'srcdc'
2026-05-17 13:09:04,823 - __main__ - INFO - Found Fortnite window at (0, 0, 1920, 1080)
2026-05-17 13:09:04,860 - __main__ - ERROR - Detection loop error: '_thread._local' object has no attribute 'srcdc'
2026-05-17 13:09:04,986 - __main__ - ERROR - Detection loop error: '_thread._local' object has no attribute 'srcdc'
2026-05-17 13:09:05,170 - __main__ - ERROR - Detection loop error: '_thread._local' object has no attribute 'srcdc'
2026-05-17 13:09:05,387 - __main__ - ERROR - Detection loop error: '_thread._local' object has no attribute 'srcdc'
2026-05-17 13:09:05,573 - __main__ - ERROR - Detection loop error: '_thread._local' object has no attribute 'srcdc'
2026-05-17 13:09:05,699 - __main__ - INFO - Found Fortnite window at (0, 0, 1920, 1080)
2026-05-17 13:09:05,715 - __main__ - ERROR - Detection loop error: '_thread._local' object has no attribute 'srcdc'
2026-05-17 13:09:05,856 - __main__ - ERROR - Detection loop error: '_thread._local' object has no attribute 'srcdc'
2026-05-17 13:09:05,995 - __main__ - ERROR - Detection loop error: '_thread._local' object has no attribute 'srcdc'
2026-05-17 13:09:06,182 - __main__ - ERROR - Detection loop error: '_thread._local' object has no attribute 'srcdc'
2026-05-17 13:09:06,338 - __main__ - ERROR - Detection loop error: '_thread._local' object has no attribute 'srcdc'
2026-05-17 13:09:06,557 - __main__ - INFO - Found Fortnite window at (0, 0, 1920, 1080)
2026-05-17 13:09:06,573 - __main__ - ERROR - Detection loop error: '_thread._local' object has no attribute 'srcdc'
2026-05-17 13:09:06,713 - __main__ - ERROR - Detection loop error: '_thread._local' object has no attribute 'srcdc'
2026-05-17 13:09:06,917 - __main__ - ERROR - Detection loop error: '_thread._local' object has no attribute 'srcdc'
2026-05-17 13:09:07,196 - __main__ - ERROR - Detection loop error: '_thread._local' object has no attribute 'srcdc'
2026-05-17 13:09:07,399 - __main__ - ERROR - Detection loop error: '_thread._local' object has no attribute 'srcdc'
2026-05-17 13:09:07,431 - __main__ - INFO - Found Fortnite window at (0, 0, 1920, 1080)
2026-05-17 13:09:07,556 - __main__ - ERROR - Detection loop error: '_thread._local' object has no attribute 'srcdc'
2026-05-17 13:09:07,743 - __main__ - ERROR - Detection loop error: '_thread._local' object has no attribute 'srcdc'
2026-05-17 13:09:07,932 - __main__ - ERROR - Detection loop error: '_thread._local' object has no attribute 'srcdc'
2026-05-17 13:09:08,102 - __main__ - ERROR - Detection loop error: '_thread._local' object has no attribute 'srcdc'
2026-05-17 13:09:08,308 - __main__ - ERROR - Detection loop error: '_thread._local' object has no attribute 'srcdc'
2026-05-17 13:09:08,309 - __main__ - INFO - Found Fortnite window at (0, 0, 1920, 1080)
2026-05-17 13:09:08,434 - __main__ - ERROR - Detection loop error: '_thread._local' object has no attribute 'srcdc'
2026-05-17 13:09:08,652 - __main__ - ERROR - Detection loop error: '_thread._local' object has no attribute 'srcdc'
2026-05-17 13:09:08,776 - __main__ - ERROR - Detection loop error: '_thread._local' object has no attribute 'srcdc'
2026-05-17 13:09:08,930 - __main__ - ERROR - Detection loop error: '_thread._local' object has no attribute 'srcdc'
2026-05-17 13:09:09,135 - __main__ - ERROR - Detection loop error: '_thread._local' object has no attribute 'srcdc'
2026-05-17 13:09:09,164 - __main__ - INFO - Found Fortnite window at (0, 0, 1920, 1080)
2026-05-17 13:09:09,283 - __main__ - ERROR - Detection loop error: '_thread._local' object has no attribute 'srcdc'
2026-05-17 13:09:09,462 - __main__ - ERROR - Detection loop error: '_thread._local' object has no attribute 'srcdc'
2026-05-17 13:09:09,633 - __main__ - ERROR - Detection loop error: '_thread._local' object has no attribute 'srcdc'
2026-05-17 13:09:09,851 - __main__ - ERROR - Detection loop error: '_thread._local' object has no attribute 'srcdc'
2026-05-17 13:09:10,008 - __main__ - ERROR - Detection loop error: '_thread._local' object has no attribute 'srcdc'
2026-05-17 13:09:10,022 - __main__ - INFO - Found Fortnite window at (0, 0, 1920, 1080)
2026-05-17 13:09:10,117 - __main__ - ERROR - Detection loop error: '_thread._local' object has no attribute 'srcdc'
2026-05-17 13:09:10,242 - __main__ - ERROR - Detection loop error: '_thread._local' object has no attribute 'srcdc'
2026-05-17 13:09:10,651 - __main__ - ERROR - Detection loop error: '_thread._local' object has no attribute 'srcdc'
2026-05-17 13:09:10,807 - __main__ - ERROR - Detection loop error: '_thread._local' object has no attribute 'srcdc'
2026-05-17 13:09:10,865 - __main__ - INFO - Found Fortnite window at (0, 0, 1920, 1080)
2026-05-17 13:09:11,018 - __main__ - ERROR - Detection loop error: '_thread._local' object has no attribute 'srcdc'
2026-05-17 13:09:11,204 - __main__ - ERROR - Detection loop error: '_thread._local' object has no attribute 'srcdc'
2026-05-17 13:09:11,431 - __main__ - ERROR - Detection loop error: '_thread._local' object has no attribute 'srcdc'
2026-05-17 13:09:11,622 - __main__ - ERROR - Detection loop error: '_thread._local' object has no attribute 'srcdc'
2026-05-17 13:09:11,641 - __main__ - INFO - Found Fortnite window at (0, 0, 1920, 1080)
2026-05-17 13:09:11,753 - __main__ - ERROR - Detection loop error: '_thread._local' object has no attribute 'srcdc'
2026-05-17 13:09:11,917 - __main__ - ERROR - Detection loop error: '_thread._local' object has no attribute 'srcdc'
2026-05-17 13:09:12,122 - __main__ - ERROR - Detection loop error: '_thread._local' object has no attribute 'srcdc'
2026-05-17 13:09:12,308 - __main__ - ERROR - Detection loop error: '_thread._local' object has no attribute 'srcdc'
2026-05-17 13:09:12,459 - __main__ - INFO - Found Fortnite window at (0, 0, 1920, 1080)
2026-05-17 13:09:12,479 - __main__ - ERROR - Detection loop error: '_thread._local' object has no attribute 'srcdc'
2026-05-17 13:09:12,681 - __main__ - ERROR - Detection loop error: '_thread._local' object has no attribute 'srcdc'
2026-05-17 13:09:12,838 - __main__ - ERROR - Detection loop error: '_thread._local' object has no attribute 'srcdc'
2026-05-17 13:09:12,977 - __main__ - ERROR - Detection loop error: '_thread._local' object has no attribute 'srcdc'
2026-05-17 13:09:13,163 - __main__ - ERROR - Detection loop error: '_thread._local' object has no attribute 'srcdc'
2026-05-17 13:09:13,313 - __main__ - INFO - Found Fortnite window at (0, 0, 1920, 1080)
2026-05-17 13:09:13,318 - __main__ - ERROR - Detection loop error: '_thread._local' object has no attribute 'srcdc'
2026-05-17 13:09:13,442 - __main__ - ERROR - Detection loop error: '_thread._local' object has no attribute 'srcdc'
2026-05-17 13:09:13,676 - __main__ - ERROR - Detection loop error: '_thread._local' object has no attribute 'srcdc'
2026-05-17 13:09:13,848 - __main__ - ERROR - Detection loop error: '_thread._local' object has no attribute 'srcdc'
2026-05-17 13:09:14,022 - __main__ - ERROR - Detection loop error: '_thread._local' object has no attribute 'srcdc'
2026-05-17 13:09:14,147 - __main__ - ERROR - Detection loop error: '_thread._local' object has no attribute 'srcdc'
2026-05-17 13:09:14,192 - __main__ - INFO - Found Fortnite window at (0, 0, 1920, 1080)
2026-05-17 13:09:14,271 - __main__ - ERROR - Detection loop error: '_thread._local' object has no attribute 'srcdc'
2026-05-17 13:09:14,393 - __main__ - ERROR - Detection loop error: '_thread._local' object has no attribute 'srcdc'
2026-05-17 13:09:14,550 - __main__ - ERROR - Detection loop error: '_thread._local' object has no attribute 'srcdc'
2026-05-17 13:09:14,791 - __main__ - ERROR - Detection loop error: '_thread._local' object has no attribute 'srcdc'
2026-05-17 13:09:15,031 - __main__ - ERROR - Detection loop error: '_thread._local' object has no attribute 'srcdc'
2026-05-17 13:09:15,095 - __main__ - INFO - Found Fortnite window at (0, 0, 1920, 1080)
2026-05-17 13:09:15,218 - __main__ - ERROR - Detection loop error: '_thread._local' object has no attribute 'srcdc'
2026-05-17 13:09:15,360 - __main__ - ERROR - Detection loop error: '_thread._local' object has no attribute 'srcdc'
2026-05-17 13:09:15,481 - __main__ - ERROR - Detection loop error: '_thread._local' object has no attribute 'srcdc'
2026-05-17 13:09:15,622 - __main__ - ERROR - Detection loop error: '_thread._local' object has no attribute 'srcdc'
2026-05-17 13:09:15,839 - __main__ - ERROR - Detection loop error: '_thread._local' object has no attribute 'srcdc'
2026-05-17 13:09:15,953 - __main__ - INFO - Found Fortnite window at (0, 0, 1920, 1080)
2026-05-17 13:09:15,981 - __main__ - ERROR - Detection loop error: '_thread._local' object has no attribute 'srcdc'
2026-05-17 13:09:16,108 - __main__ - ERROR - Detection loop error: '_thread._local' object has no attribute 'srcdc'
2026-05-17 13:09:16,324 - __main__ - ERROR - Detection loop error: '_thread._local' object has no attribute 'srcdc'
2026-05-17 13:09:16,499 - __main__ - ERROR - Detection loop error: '_thread._local' object has no attribute 'srcdc'
2026-05-17 13:09:16,639 - __main__ - ERROR - Detection loop error: '_thread._local' object has no attribute 'srcdc'
2026-05-17 13:09:16,834 - __main__ - INFO - Found Fortnite window at (0, 0, 1920, 1080)
2026-05-17 13:09:16,892 - __main__ - ERROR - Detection loop error: '_thread._local' object has no attribute 'srcdc'
2026-05-17 13:09:17,016 - __main__ - ERROR - Detection loop error: '_thread._local' object has no attribute 'srcdc'
2026-05-17 13:09:17,249 - __main__ - ERROR - Detection loop error: '_thread._local' object has no attribute 'srcdc'
2026-05-17 13:09:17,422 - __main__ - ERROR - Detection loop error: '_thread._local' object has no attribute 'srcdc'
2026-05-17 13:09:17,607 - __main__ - ERROR - Detection loop error: '_thread._local' object has no attribute 'srcdc'
2026-05-17 13:09:17,736 - __main__ - INFO - Found Fortnite window at (0, 0, 1920, 1080)
2026-05-17 13:09:17,747 - __main__ - ERROR - Detection loop error: '_thread._local' object has no attribute 'srcdc'
2026-05-17 13:09:17,870 - __main__ - ERROR - Detection loop error: '_thread._local' object has no attribute 'srcdc'
2026-05-17 13:09:18,040 - __main__ - ERROR - Detection loop error: '_thread._local' object has no attribute 'srcdc'
2026-05-17 13:09:18,229 - __main__ - ERROR - Detection loop error: '_thread._local' object has no attribute 'srcdc'
2026-05-17 13:09:18,399 - __main__ - ERROR - Detection loop error: '_thread._local' object has no attribute 'srcdc'
2026-05-17 13:09:18,580 - __main__ - ERROR - Detection loop error: '_thread._local' object has no attribute 'srcdc'
2026-05-17 13:09:18,580 - __main__ - INFO - Found Fortnite window at (0, 0, 1920, 1080)
2026-05-17 13:09:18,709 - __main__ - ERROR - Detection loop error: '_thread._local' object has no attribute 'srcdc'
2026-05-17 13:09:19,034 - __main__ - ERROR - Detection loop error: '_thread._local' object has no attribute 'srcdc'
2026-05-17 13:09:19,237 - __main__ - ERROR - Detection loop error: '_thread._local' object has no attribute 'srcdc'
2026-05-17 13:09:19,393 - __main__ - ERROR - Detection loop error: '_thread._local' object has no attribute 'srcdc'
2026-05-17 13:09:19,493 - __main__ - INFO - Found Fortnite window at (0, 0, 1920, 1080)
2026-05-17 13:09:19,612 - __main__ - ERROR - Detection loop error: '_thread._local' object has no attribute 'srcdc'
2026-05-17 13:09:19,800 - __main__ - ERROR - Detection loop error: '_thread._local' object has no attribute 'srcdc'
2026-05-17 13:09:19,924 - __main__ - ERROR - Detection loop error: '_thread._local' object has no attribute 'srcdc'
2026-05-17 13:09:20,096 - __main__ - ERROR - Detection loop error: '_thread._local' object has no attribute 'srcdc'
2026-05-17 13:09:20,252 - __main__ - ERROR - Detection loop error: '_thread._local' object has no attribute 'srcdc'
2026-05-17 13:09:20,356 - __main__ - INFO - Found Fortnite window at (0, 0, 1920, 1080)
2026-05-17 13:09:20,424 - __main__ - ERROR - Detection loop error: '_thread._local' object has no attribute 'srcdc'
2026-05-17 13:09:20,548 - __main__ - ERROR - Detection loop error: '_thread._local' object has no attribute 'srcdc'
2026-05-17 13:09:20,793 - __main__ - ERROR - Detection loop error: '_thread._local' object has no attribute 'srcdc'
2026-05-17 13:09:21,032 - __main__ - ERROR - Detection loop error: '_thread._local' object has no attribute 'srcdc'
2026-05-17 13:09:21,219 - __main__ - INFO - Found Fortnite window at (0, 0, 1920, 1080)
2026-05-17 13:09:21,220 - __main__ - ERROR - Detection loop error: '_thread._local' object has no attribute 'srcdc'
2026-05-17 13:09:21,345 - __main__ - ERROR - Detection loop error: '_thread._local' object has no attribute 'srcdc'
2026-05-17 13:09:21,500 - __main__ - ERROR - Detection loop error: '_thread._local' object has no attribute 'srcdc'
2026-05-17 13:09:21,680 - __main__ - ERROR - Detection loop error: '_thread._local' object has no attribute 'srcdc'
2026-05-17 13:09:21,812 - __main__ - ERROR - Detection loop error: '_thread._local' object has no attribute 'srcdc'
2026-05-17 13:09:22,000 - __main__ - ERROR - Detection loop error: '_thread._local' object has no attribute 'srcdc'
2026-05-17 13:09:22,011 - __main__ - INFO - Found Fortnite window at (0, 0, 1920, 1080)
2026-05-17 13:09:22,139 - __main__ - ERROR - Detection loop error: '_thread._local' object has no attribute 'srcdc'
2026-05-17 13:09:22,397 - __main__ - ERROR - Detection loop error: '_thread._local' object has no attribute 'srcdc'
2026-05-17 13:09:22,594 - __main__ - ERROR - Detection loop error: '_thread._local' object has no attribute 'srcdc'
2026-05-17 13:09:22,806 - __main__ - ERROR - Detection loop error: '_thread._local' object has no attribute 'srcdc'
2026-05-17 13:09:22,881 - __main__ - INFO - Found Fortnite window at (0, 0, 1920, 1080)
2026-05-17 13:09:22,947 - __main__ - ERROR - Detection loop error: '_thread._local' object has no attribute 'srcdc'
2026-05-17 13:09:23,067 - __main__ - ERROR - Detection loop error: '_thread._local' object has no attribute 'srcdc'
2026-05-17 13:09:23,212 - __main__ - ERROR - Detection loop error: '_thread._local' object has no attribute 'srcdc'
2026-05-17 13:09:23,417 - __main__ - ERROR - Detection loop error: '_thread._local' object has no attribute 'srcdc'
2026-05-17 13:09:23,574 - __main__ - ERROR - Detection loop error: '_thread._local' object has no attribute 'srcdc'
2026-05-17 13:09:23,777 - __main__ - ERROR - Detection loop error: '_thread._local' object has no attribute 'srcdc'
2026-05-17 13:09:23,789 - __main__ - INFO - Found Fortnite window at (0, 0, 1920, 1080)
2026-05-17 13:09:23,933 - __main__ - ERROR - Detection loop error: '_thread._local' object has no attribute 'srcdc'
2026-05-17 13:09:24,083 - __main__ - ERROR - Detection loop error: '_thread._local' object has no attribute 'srcdc'
2026-05-17 13:09:24,263 - __main__ - ERROR - Detection loop error: '_thread._local' object has no attribute 'srcdc'
2026-05-17 13:09:24,467 - __main__ - ERROR - Detection loop error: '_thread._local' object has no attribute 'srcdc'
2026-05-17 13:09:24,647 - __main__ - ERROR - Detection loop error: '_thread._local' object has no attribute 'srcdc'
2026-05-17 13:09:24,647 - __main__ - INFO - Found Fortnite window at (0, 0, 1920, 1080)
2026-05-17 13:09:24,748 - __main__ - ERROR - Detection loop error: '_thread._local' object has no attribute 'srcdc'
2026-05-17 13:09:25,013 - __main__ - ERROR - Detection loop error: '_thread._local' object has no attribute 'srcdc'
2026-05-17 13:09:25,170 - __main__ - ERROR - Detection loop error: '_thread._local' object has no attribute 'srcdc'
2026-05-17 13:09:25,325 - __main__ - ERROR - Detection loop error: '_thread._local' object has no attribute 'srcdc'
2026-05-17 13:09:25,499 - __main__ - ERROR - Detection loop error: '_thread._local' object has no attribute 'srcdc'
2026-05-17 13:09:25,525 - __main__ - INFO - Found Fortnite window at (0, 0, 1920, 1080)
2026-05-17 13:09:25,654 - __main__ - ERROR - Detection loop error: '_thread._local' object has no attribute 'srcdc'
2026-05-17 13:09:25,840 - __main__ - ERROR - Detection loop error: '_thread._local' object has no attribute 'srcdc'
2026-05-17 13:09:25,996 - __main__ - ERROR - Detection loop error: '_thread._local' object has no attribute 'srcdc'
2026-05-17 13:09:26,232 - __main__ - ERROR - Detection loop error: '_thread._local' object has no attribute 'srcdc'
2026-05-17 13:09:26,387 - __main__ - INFO - Found Fortnite window at (0, 0, 1920, 1080)
2026-05-17 13:09:26,418 - __main__ - ERROR - Detection loop error: '_thread._local' object has no attribute 'srcdc'
2026-05-17 13:09:26,590 - __main__ - ERROR - Detection loop error: '_thread._local' object has no attribute 'srcdc'
2026-05-17 13:09:26,762 - __main__ - ERROR - Detection loop error: '_thread._local' object has no attribute 'srcdc'
2026-05-17 13:09:26,965 - __main__ - ERROR - Detection loop error: '_thread._local' object has no attribute 'srcdc'
2026-05-17 13:09:27,090 - __main__ - ERROR - Detection loop error: '_thread._local' object has no attribute 'srcdc'
2026-05-17 13:09:27,276 - __main__ - ERROR - Detection loop error: '_thread._local' object has no attribute 'srcdc'
2026-05-17 13:09:27,299 - __main__ - INFO - Found Fortnite window at (0, 0, 1920, 1080)
2026-05-17 13:09:27,417 - __main__ - ERROR - Detection loop error: '_thread._local' object has no attribute 'srcdc'
2026-05-17 13:09:27,667 - __main__ - ERROR - Detection loop error: '_thread._local' object has no attribute 'srcdc'
2026-05-17 13:09:27,902 - __main__ - ERROR - Detection loop error: '_thread._local' object has no attribute 'srcdc'
2026-05-17 13:09:28,058 - __main__ - ERROR - Detection loop error: '_thread._local' object has no attribute 'srcdc'
2026-05-17 13:09:28,145 - __main__ - INFO - Found Fortnite window at (0, 0, 1920, 1080)
2026-05-17 13:09:28,246 - __main__ - ERROR - Detection loop error: '_thread._local' object has no attribute 'srcdc'
2026-05-17 13:09:28,496 - __main__ - ERROR - Detection loop error: '_thread._local' object has no attribute 'srcdc'
2026-05-17 13:09:28,714 - __main__ - ERROR - Detection loop error: '_thread._local' object has no attribute 'srcdc'
2026-05-17 13:09:28,933 - __main__ - ERROR - Detection loop error: '_thread._local' object has no attribute 'srcdc'
2026-05-17 13:09:29,027 - __main__ - INFO - Found Fortnite window at (0, 0, 1920, 1080)
2026-05-17 13:09:29,041 - __main__ - ERROR - Detection loop error: '_thread._local' object has no attribute 'srcdc'
2026-05-17 13:09:29,170 - __main__ - ERROR - Detection loop error: '_thread._local' object has no attribute 'srcdc'
2026-05-17 13:09:29,326 - __main__ - ERROR - Detection loop error: '_thread._local' object has no attribute 'srcdc'
2026-05-17 13:09:29,560 - __main__ - ERROR - Detection loop error: '_thread._local' object has no attribute 'srcdc'
2026-05-17 13:09:29,770 - __main__ - ERROR - Detection loop error: '_thread._local' object has no attribute 'srcdc'
2026-05-17 13:09:29,918 - __main__ - INFO - Found Fortnite window at (0, 0, 1920, 1080)
2026-05-17 13:09:29,918 - __main__ - ERROR - Detection loop error: '_thread._local' object has no attribute 'srcdc'
2026-05-17 13:09:30,058 - __main__ - ERROR - Detection loop error: '_thread._local' object has no attribute 'srcdc'
2026-05-17 13:09:30,261 - __main__ - ERROR - Detection loop error: '_thread._local' object has no attribute 'srcdc'
2026-05-17 13:09:30,417 - __main__ - ERROR - Detection loop error: '_thread._local' object has no attribute 'srcdc'
2026-05-17 13:09:30,559 - __main__ - ERROR - Detection loop error: '_thread._local' object has no attribute 'srcdc'
2026-05-17 13:09:30,747 - __main__ - ERROR - Detection loop error: '_thread._local' object has no attribute 'srcdc'
2026-05-17 13:09:30,809 - __main__ - INFO - Found Fortnite window at (0, 0, 1920, 1080)
2026-05-17 13:09:30,934 - __main__ - ERROR - Detection loop error: '_thread._local' object has no attribute 'srcdc'
2026-05-17 13:09:31,103 - __main__ - ERROR - Detection loop error: '_thread._local' object has no attribute 'srcdc'
2026-05-17 13:09:31,274 - __main__ - ERROR - Detection loop error: '_thread._local' object has no attribute 'srcdc'
2026-05-17 13:09:31,463 - __main__ - ERROR - Detection loop error: '_thread._local' object has no attribute 'srcdc'
2026-05-17 13:09:31,634 - __main__ - INFO - Found Fortnite window at (0, 0, 1920, 1080)
2026-05-17 13:09:31,682 - __main__ - ERROR - Detection loop error: '_thread._local' object has no attribute 'srcdc'
2026-05-17 13:09:31,823 - __main__ - ERROR - Detection loop error: '_thread._local' object has no attribute 'srcdc'
2026-05-17 13:09:32,056 - __main__ - ERROR - Detection loop error: '_thread._local' object has no attribute 'srcdc'
2026-05-17 13:09:32,351 - __main__ - ERROR - Detection loop error: '_thread._local' object has no attribute 'srcdc'
2026-05-17 13:09:32,461 - __main__ - INFO - Found Fortnite window at (0, 0, 1920, 1080)
2026-05-17 13:09:32,476 - __main__ - ERROR - Detection loop error: '_thread._local' object has no attribute 'srcdc'
2026-05-17 13:09:32,665 - __main__ - ERROR - Detection loop error: '_thread._local' object has no attribute 'srcdc'
2026-05-17 13:09:32,854 - __main__ - ERROR - Detection loop error: '_thread._local' object has no attribute 'srcdc'
2026-05-17 13:09:33,051 - __main__ - ERROR - Detection loop error: '_thread._local' object has no attribute 'srcdc'
2026-05-17 13:09:33,201 - __main__ - INFO - Found Fortnite window at (0, 0, 1920, 1080)
2026-05-17 13:09:33,213 - __main__ - ERROR - Detection loop error: '_thread._local' object has no attribute 'srcdc'
2026-05-17 13:09:33,353 - __main__ - ERROR - Detection loop error: '_thread._local' object has no attribute 'srcdc'
2026-05-17 13:09:33,634 - __main__ - ERROR - Detection loop error: '_thread._local' object has no attribute 'srcdc'
2026-05-17 13:09:33,837 - __main__ - ERROR - Detection loop error: '_thread._local' object has no attribute 'srcdc'
2026-05-17 13:09:33,965 - __main__ - ERROR - Detection loop error: '_thread._local' object has no attribute 'srcdc'
2026-05-17 13:09:33,965 - __main__ - INFO - Found Fortnite window at (0, 0, 1920, 1080)
2026-05-17 13:09:34,116 - __main__ - ERROR - Detection loop error: '_thread._local' object has no attribute 'srcdc'
2026-05-17 13:09:34,351 - __main__ - ERROR - Detection loop error: '_thread._local' object has no attribute 'srcdc'
2026-05-17 13:09:34,521 - __main__ - ERROR - Detection loop error: '_thread._local' object has no attribute 'srcdc'
2026-05-17 13:09:34,676 - __main__ - ERROR - Detection loop error: '_thread._local' object has no attribute 'srcdc'
2026-05-17 13:09:34,751 - __main__ - INFO - Found Fortnite window at (0, 0, 1920, 1080)
2026-05-17 13:09:34,989 - __main__ - ERROR - Detection loop error: '_thread._local' object has no attribute 'srcdc'
2026-05-17 13:09:35,190 - __main__ - INFO - Found Fortnite window at (0, 0, 1920, 1080)
2026-05-17 13:09:35,582 - __main__ - ERROR - Detection loop error: '_thread._local' object has no attribute 'srcdc'
2026-05-17 13:09:35,592 - __main__ - INFO - Found Fortnite window at (0, 0, 1920, 1080)
2026-05-17 13:09:36,029 - __main__ - ERROR - Detection loop error: '_thread._local' object has no attribute 'srcdc'
2026-05-17 13:09:36,029 - __main__ - INFO - Found Fortnite window at (0, 0, 1920, 1080)
2026-05-17 13:09:36,460 - __main__ - ERROR - Detection loop error: '_thread._local' object has no attribute 'srcdc'
2026-05-17 13:09:36,474 - __main__ - INFO - Found Fortnite window at (0, 0, 1920, 1080)
2026-05-17 13:09:36,655 - __main__ - ERROR - Detection loop error: '_thread._local' object has no attribute 'srcdc'
2026-05-17 13:09:36,916 - __main__ - INFO - Found Fortnite window at (0, 0, 1920, 1080)
2026-05-17 13:09:37,032 - __main__ - ERROR - Detection loop error: '_thread._local' object has no attribute 'srcdc'
2026-05-17 13:09:37,351 - __main__ - INFO - Found Fortnite window at (0, 0, 1920, 1080)
2026-05-17 13:09:37,774 - __main__ - ERROR - Detection loop error: '_thread._local' object has no attribute 'srcdc'
2026-05-17 13:09:37,774 - __main__ - INFO - Found Fortnite window at (0, 0, 1920, 1080)
2026-05-17 13:09:37,936 - __main__ - ERROR - Detection loop error: '_thread._local' object has no attribute 'srcdc'
2026-05-17 13:09:38,268 - __main__ - ERROR - Detection loop error: '_thread._local' object has no attribute 'srcdc'
2026-05-17 13:09:38,268 - __main__ - INFO - Found Fortnite window at (0, 0, 1920, 1080)
2026-05-17 13:09:38,403 - __main__ - ERROR - Detection loop error: '_thread._local' object has no attribute 'srcdc'
2026-05-17 13:09:38,714 - __main__ - ERROR - Detection loop error: '_thread._local' object has no attribute 'srcdc'
2026-05-17 13:09:38,714 - __main__ - INFO - Found Fortnite window at (0, 0, 1920, 1080)
2026-05-17 13:09:38,872 - __main__ - ERROR - Detection loop error: '_thread._local' object has no attribute 'srcdc'
2026-05-17 13:09:39,107 - __main__ - INFO - Found Fortnite window at (0, 0, 1920, 1080)
2026-05-17 13:09:39,277 - __main__ - ERROR - Detection loop error: '_thread._local' object has no attribute 'srcdc'
2026-05-17 13:09:39,537 - __main__ - INFO - Found Fortnite window at (0, 0, 1920, 1080)
2026-05-17 13:09:39,727 - __main__ - ERROR - Detection loop error: '_thread._local' object has no attribute 'srcdc'
2026-05-17 13:09:39,962 - __main__ - ERROR - Detection loop error: '_thread._local' object has no attribute 'srcdc'
2026-05-17 13:09:39,962 - __main__ - INFO - Found Fortnite window at (0, 0, 1920, 1080)
2026-05-17 13:09:40,303 - __main__ - ERROR - Detection loop error: '_thread._local' object has no attribute 'srcdc'
2026-05-17 13:09:40,412 - __main__ - INFO - Found Fortnite window at (0, 0, 1920, 1080)
2026-05-17 13:09:40,695 - __main__ - ERROR - Detection loop error: '_thread._local' object has no attribute 'srcdc'
2026-05-17 13:09:40,844 - __main__ - INFO - Found Fortnite window at (0, 0, 1920, 1080)
2026-05-17 13:09:41,007 - __main__ - ERROR - Detection loop error: '_thread._local' object has no attribute 'srcdc'
2026-05-17 13:09:41,289 - __main__ - ERROR - Detection loop error: '_thread._local' object has no attribute 'srcdc'
2026-05-17 13:09:41,289 - __main__ - INFO - Found Fortnite window at (0, 0, 1920, 1080)
2026-05-17 13:09:41,715 - __main__ - ERROR - Detection loop error: '_thread._local' object has no attribute 'srcdc'
2026-05-17 13:09:41,716 - __main__ - INFO - Found Fortnite window at (0, 0, 1920, 1080)
2026-05-17 13:09:41,912 - __main__ - ERROR - Detection loop error: '_thread._local' object has no attribute 'srcdc'
2026-05-17 13:09:42,146 - __main__ - INFO - Found Fortnite window at (0, 0, 1920, 1080)
2026-05-17 13:09:42,577 - __main__ - ERROR - Detection loop error: '_thread._local' object has no attribute 'srcdc'
2026-05-17 13:09:42,577 - __main__ - INFO - Found Fortnite window at (0, 0, 1920, 1080)
2026-05-17 13:09:43,036 - __main__ - ERROR - Detection loop error: '_thread._local' object has no attribute 'srcdc'
2026-05-17 13:09:43,036 - __main__ - INFO - Found Fortnite window at (0, 0, 1920, 1080)
2026-05-17 13:09:43,452 - __main__ - ERROR - Detection loop error: '_thread._local' object has no attribute 'srcdc'
2026-05-17 13:09:43,452 - __main__ - INFO - Found Fortnite window at (0, 0, 1920, 1080)
2026-05-17 13:09:43,905 - __main__ - ERROR - Detection loop error: '_thread._local' object has no attribute 'srcdc'
2026-05-17 13:09:43,905 - __main__ - INFO - Found Fortnite window at (0, 0, 1920, 1080)
2026-05-17 13:09:44,122 - __main__ - ERROR - Detection loop error: '_thread._local' object has no attribute 'srcdc'
2026-05-17 13:09:44,364 - __main__ - INFO - Found Fortnite window at (0, 0, 1920, 1080)
2026-05-17 13:09:44,770 - __main__ - ERROR - Detection loop error: '_thread._local' object has no attribute 'srcdc'
2026-05-17 13:09:44,770 - __main__ - INFO - Found Fortnite window at (0, 0, 1920, 1080)
2026-05-17 13:09:45,209 - __main__ - INFO - Found Fortnite window at (0, 0, 1920, 1080)
2026-05-17 13:09:45,209 - __main__ - ERROR - Detection loop error: '_thread._local' object has no attribute 'srcdc'
2026-05-17 13:09:45,433 - __main__ - ERROR - Detection loop error: '_thread._local' object has no attribute 'srcdc'
2026-05-17 13:09:45,670 - __main__ - INFO - Found Fortnite window at (0, 0, 1920, 1080)
2026-05-17 13:09:45,817 - __main__ - ERROR - Detection loop error: '_thread._local' object has no attribute 'srcdc'
2026-05-17 13:09:46,107 - __main__ - INFO - Found Fortnite window at (0, 0, 1920, 1080)
2026-05-17 13:09:46,558 - __main__ - ERROR - Detection loop error: '_thread._local' object has no attribute 'srcdc'
2026-05-17 13:09:46,558 - __main__ - INFO - Found Fortnite window at (0, 0, 1920, 1080)
2026-05-17 13:09:46,958 - __main__ - ERROR - Detection loop error: '_thread._local' object has no attribute 'srcdc'
2026-05-17 13:09:46,970 - __main__ - INFO - Found Fortnite window at (0, 0, 1920, 1080)
2026-05-17 13:09:47,371 - __main__ - ERROR - Detection loop error: '_thread._local' object has no attribute 'srcdc'
2026-05-17 13:09:47,416 - __main__ - INFO - Found Fortnite window at (0, 0, 1920, 1080)
2026-05-17 13:09:47,878 - __main__ - INFO - Found Fortnite window at (0, 0, 1920, 1080)
2026-05-17 13:09:47,878 - __main__ - ERROR - Detection loop error: '_thread._local' object has no attribute 'srcdc'
2026-05-17 13:09:48,063 - __main__ - ERROR - Detection loop error: '_thread._local' object has no attribute 'srcdc'
2026-05-17 13:09:48,321 - __main__ - INFO - Found Fortnite window at (0, 0, 1920, 1080)
2026-05-17 13:09:48,725 - __main__ - ERROR - Detection loop error: '_thread._local' object has no attribute 'srcdc'
2026-05-17 13:09:48,725 - __main__ - INFO - Found Fortnite window at (0, 0, 1920, 1080)
2026-05-17 13:09:49,068 - __main__ - ERROR - Detection loop error: '_thread._local' object has no attribute 'srcdc'
2026-05-17 13:09:49,159 - __main__ - INFO - Found Fortnite window at (0, 0, 1920, 1080)
2026-05-17 13:09:49,386 - __main__ - ERROR - Detection loop error: '_thread._local' object has no attribute 'srcdc'
2026-05-17 13:09:49,618 - __main__ - INFO - Found Fortnite window at (0, 0, 1920, 1080)
2026-05-17 13:09:49,897 - __main__ - ERROR - Detection loop error: '_thread._local' object has no attribute 'srcdc'
2026-05-17 13:09:50,054 - __main__ - INFO - Found Fortnite window at (0, 0, 1920, 1080)
2026-05-17 13:09:50,314 - __main__ - ERROR - Detection loop error: '_thread._local' object has no attribute 'srcdc'
2026-05-17 13:09:50,500 - __main__ - INFO - Found Fortnite window at (0, 0, 1920, 1080)
2026-05-17 13:09:50,953 - __main__ - ERROR - Detection loop error: '_thread._local' object has no attribute 'srcdc'
2026-05-17 13:09:50,953 - __main__ - INFO - Found Fortnite window at (0, 0, 1920, 1080)
2026-05-17 13:09:51,182 - __main__ - ERROR - Detection loop error: '_thread._local' object has no attribute 'srcdc'
2026-05-17 13:09:51,398 - __main__ - INFO - Found Fortnite window at (0, 0, 1920, 1080)
2026-05-17 13:09:51,726 - __main__ - ERROR - Detection loop error: '_thread._local' object has no attribute 'srcdc'
2026-05-17 13:09:51,836 - __main__ - INFO - Found Fortnite window at (0, 0, 1920, 1080)
2026-05-17 13:09:52,258 - __main__ - ERROR - Detection loop error: '_thread._local' object has no attribute 'srcdc'
2026-05-17 13:09:52,258 - __main__ - INFO - Found Fortnite window at (0, 0, 1920, 1080)
2026-05-17 13:09:52,500 - __main__ - ERROR - Detection loop error: '_thread._local' object has no attribute 'srcdc'
2026-05-17 13:09:52,711 - __main__ - INFO - Found Fortnite window at (0, 0, 1920, 1080)
2026-05-17 13:09:52,891 - __main__ - ERROR - Detection loop error: '_thread._local' object has no attribute 'srcdc'
2026-05-17 13:09:53,152 - __main__ - INFO - Found Fortnite window at (0, 0, 1920, 1080)
2026-05-17 13:09:53,581 - __main__ - ERROR - Detection loop error: '_thread._local' object has no attribute 'srcdc'
2026-05-17 13:09:53,581 - __main__ - INFO - Found Fortnite window at (0, 0, 1920, 1080)
2026-05-17 13:09:53,840 - __main__ - ERROR - Detection loop error: '_thread._local' object has no attribute 'srcdc'
2026-05-17 13:09:54,025 - __main__ - INFO - Found Fortnite window at (0, 0, 1920, 1080)
2026-05-17 13:09:54,452 - __main__ - ERROR - Detection loop error: '_thread._local' object has no attribute 'srcdc'
2026-05-17 13:09:54,452 - __main__ - INFO - Found Fortnite window at (0, 0, 1920, 1080)
2026-05-17 13:09:54,774 - __main__ - ERROR - Detection loop error: '_thread._local' object has no attribute 'srcdc'
2026-05-17 13:09:54,895 - __main__ - INFO - Found Fortnite window at (0, 0, 1920, 1080)
2026-05-17 13:09:55,312 - __main__ - ERROR - Detection loop error: '_thread._local' object has no attribute 'srcdc'
2026-05-17 13:09:55,313 - __main__ - INFO - Found Fortnite window at (0, 0, 1920, 1080)
2026-05-17 13:09:55,747 - __main__ - ERROR - Detection loop error: '_thread._local' object has no attribute 'srcdc'
2026-05-17 13:09:55,747 - __main__ - INFO - Found Fortnite window at (0, 0, 1920, 1080)
2026-05-17 13:09:55,957 - __main__ - ERROR - Detection loop error: '_thread._local' object has no attribute 'srcdc'
2026-05-17 13:09:56,195 - __main__ - ERROR - Detection loop error: '_thread._local' object has no attribute 'srcdc'
2026-05-17 13:09:56,195 - __main__ - INFO - Found Fortnite window at (0, 0, 1920, 1080)
2026-05-17 13:09:56,475 - __main__ - ERROR - Detection loop error: '_thread._local' object has no attribute 'srcdc'
2026-05-17 13:09:56,644 - __main__ - INFO - Found Fortnite window at (0, 0, 1920, 1080)
2026-05-17 13:09:56,816 - __main__ - ERROR - Detection loop error: '_thread._local' object has no attribute 'srcdc'
2026-05-17 13:09:57,063 - __main__ - INFO - Found Fortnite window at (0, 0, 1920, 1080)
2026-05-17 13:09:57,490 - __main__ - ERROR - Detection loop error: '_thread._local' object has no attribute 'srcdc'
2026-05-17 13:09:57,490 - __main__ - INFO - Found Fortnite window at (0, 0, 1920, 1080)
2026-05-17 13:09:57,938 - __main__ - ERROR - Detection loop error: '_thread._local' object has no attribute 'srcdc'
2026-05-17 13:09:57,938 - __main__ - INFO - Found Fortnite window at (0, 0, 1920, 1080)
2026-05-17 13:09:58,371 - __main__ - ERROR - Detection loop error: '_thread._local' object has no attribute 'srcdc'
2026-05-17 13:09:58,372 - __main__ - INFO - Found Fortnite window at (0, 0, 1920, 1080)
2026-05-17 13:09:58,529 - __main__ - ERROR - Detection loop error: '_thread._local' object has no attribute 'srcdc'
2026-05-17 13:09:58,812 - __main__ - INFO - Found Fortnite window at (0, 0, 1920, 1080)
2026-05-17 13:09:59,000 - __main__ - ERROR - Detection loop error: '_thread._local' object has no attribute 'srcdc'
2026-05-17 13:09:59,246 - __main__ - INFO - Found Fortnite window at (0, 0, 1920, 1080)
2026-05-17 13:09:59,557 - __main__ - ERROR - Detection loop error: '_thread._local' object has no attribute 'srcdc'
2026-05-17 13:09:59,699 - __main__ - INFO - Found Fortnite window at (0, 0, 1920, 1080)
2026-05-17 13:10:00,130 - __main__ - ERROR - Detection loop error: '_thread._local' object has no attribute 'srcdc'
2026-05-17 13:10:00,130 - __main__ - INFO - Found Fortnite window at (0, 0, 1920, 1080)
2026-05-17 13:10:00,335 - __main__ - ERROR - Detection loop error: '_thread._local' object has no attribute 'srcdc'
2026-05-17 13:10:00,574 - __main__ - INFO - Found Fortnite window at (0, 0, 1920, 1080)
2026-05-17 13:10:00,682 - __main__ - INFO - Detection engine stopped
2026-05-17 13:10:00,698 - __main__ - INFO - Aimbot engine stopped
2026-05-17 13:10:00,791 - __main__ - INFO - Configuration saved to aim_snap_config.json
2026-05-17 13:10:01,160 - __main__ - INFO - Found Fortnite window at (0, 0, 1920, 1080)
2026-05-17 13:10:01,557 - __main__ - INFO - Found Fortnite window at (0, 0, 1920, 1080)
2026-05-17 13:10:01,994 - __main__ - INFO - Found Fortnite window at (0, 0, 1920, 1080)
2026-05-17 13:10:02,451 - __main__ - INFO - Found Fortnite window at (0, 0, 1920, 1080)
2026-05-17 13:26:36,770 - __main__ - INFO - Configuration loaded from aim_snap_config.json
2026-05-17 13:26:37,264 - __main__ - INFO - Found Fortnite window at (0, 0, 1920, 1080)
2026-05-17 13:26:37,278 - __main__ - INFO - Template loaded: (425, 283, 3)
2026-05-17 13:26:37,750 - __main__ - INFO - Found Fortnite window at (0, 0, 1920, 1080)
2026-05-17 13:26:37,916 - __main__ - INFO - FOV overlay attached to Fortnite window (HWND: 1118000)
2026-05-17 13:26:38,135 - __main__ - INFO - Main window initialized
2026-05-17 13:26:38,135 - __main__ - INFO - Aimbot engine started
2026-05-17 13:26:38,136 - __main__ - INFO - Detection engine started
2026-05-17 13:26:38,162 - __main__ - INFO - Application started
2026-05-17 13:26:38,162 - __main__ - INFO - Activation key listener started for: mouse_right
2026-05-17 13:26:38,162 - __main__ - ERROR - Detection loop error: '_thread._local' object has no attribute 'srcdc'
2026-05-17 13:26:38,408 - __main__ - ERROR - Detection loop error: '_thread._local' object has no attribute 'srcdc'
2026-05-17 13:26:38,639 - __main__ - INFO - Found Fortnite window at (0, 0, 1920, 1080)
2026-05-17 13:26:38,917 - __main__ - ERROR - Detection loop error: '_thread._local' object has no attribute 'srcdc'
2026-05-17 13:26:39,102 - __main__ - INFO - Found Fortnite window at (0, 0, 1920, 1080)
2026-05-17 13:26:39,367 - __main__ - ERROR - Detection loop error: '_thread._local' object has no attribute 'srcdc'
2026-05-17 13:26:39,552 - __main__ - INFO - Found Fortnite window at (0, 0, 1920, 1080)
2026-05-17 13:26:39,660 - __main__ - ERROR - Detection loop error: '_thread._local' object has no attribute 'srcdc'
2026-05-17 13:26:39,783 - __main__ - ERROR - Detection loop error: '_thread._local' object has no attribute 'srcdc'
2026-05-17 13:26:40,104 - __main__ - INFO - Found Fortnite window at (0, 0, 1920, 1080)
2026-05-17 13:26:40,230 - __main__ - ERROR - Detection loop error: '_thread._local' object has no attribute 'srcdc'
2026-05-17 13:26:40,660 - __main__ - INFO - Found Fortnite window at (0, 0, 1920, 1080)
2026-05-17 13:26:40,877 - __main__ - ERROR - Detection loop error: '_thread._local' object has no attribute 'srcdc'
2026-05-17 13:26:41,084 - __main__ - ERROR - Detection loop error: '_thread._local' object has no attribute 'srcdc'
2026-05-17 13:26:41,213 - __main__ - INFO - Found Fortnite window at (0, 0, 1920, 1080)
2026-05-17 13:26:41,237 - __main__ - ERROR - Detection loop error: '_thread._local' object has no attribute 'srcdc'
2026-05-17 13:26:41,378 - __main__ - ERROR - Detection loop error: '_thread._local' object has no attribute 'srcdc'
2026-05-17 13:26:41,733 - __main__ - INFO - Found Fortnite window at (0, 0, 1920, 1080)
2026-05-17 13:26:41,752 - __main__ - ERROR - Detection loop error: '_thread._local' object has no attribute 'srcdc'
2026-05-17 13:26:41,877 - __main__ - ERROR - Detection loop error: '_thread._local' object has no attribute 'srcdc'
2026-05-17 13:26:42,048 - __main__ - ERROR - Detection loop error: '_thread._local' object has no attribute 'srcdc'
2026-05-17 13:26:42,188 - __main__ - INFO - Found Fortnite window at (0, 0, 1920, 1080)
2026-05-17 13:26:42,249 - __main__ - ERROR - Detection loop error: '_thread._local' object has no attribute 'srcdc'
2026-05-17 13:26:42,418 - __main__ - ERROR - Detection loop error: '_thread._local' object has no attribute 'srcdc'
2026-05-17 13:26:42,736 - __main__ - INFO - Found Fortnite window at (0, 0, 1920, 1080)
2026-05-17 13:26:43,100 - __main__ - ERROR - Detection loop error: '_thread._local' object has no attribute 'srcdc'
2026-05-17 13:26:43,268 - __main__ - INFO - Found Fortnite window at (0, 0, 1920, 1080)
2026-05-17 13:26:43,377 - __main__ - ERROR - Detection loop error: '_thread._local' object has no attribute 'srcdc'
2026-05-17 13:26:43,642 - __main__ - ERROR - Detection loop error: '_thread._local' object has no attribute 'srcdc'
2026-05-17 13:26:43,803 - __main__ - INFO - Found Fortnite window at (0, 0, 1920, 1080)
2026-05-17 13:26:44,247 - __main__ - ERROR - Detection loop error: '_thread._local' object has no attribute 'srcdc'
2026-05-17 13:26:44,247 - __main__ - INFO - Found Fortnite window at (0, 0, 1920, 1080)
2026-05-17 13:26:44,486 - __main__ - ERROR - Detection loop error: '_thread._local' object has no attribute 'srcdc'
2026-05-17 13:26:44,694 - __main__ - INFO - Found Fortnite window at (0, 0, 1920, 1080)
2026-05-17 13:26:45,078 - __main__ - ERROR - Detection loop error: '_thread._local' object has no attribute 'srcdc'
2026-05-17 13:26:45,132 - __main__ - INFO - Found Fortnite window at (0, 0, 1920, 1080)
2026-05-17 13:26:45,526 - __main__ - ERROR - Detection loop error: '_thread._local' object has no attribute 'srcdc'
2026-05-17 13:26:45,543 - __main__ - INFO - Found Fortnite window at (0, 0, 1920, 1080)
2026-05-17 13:26:45,977 - __main__ - ERROR - Detection loop error: '_thread._local' object has no attribute 'srcdc'
2026-05-17 13:26:45,977 - __main__ - INFO - Found Fortnite window at (0, 0, 1920, 1080)
2026-05-17 13:26:46,242 - __main__ - ERROR - Detection loop error: '_thread._local' object has no attribute 'srcdc'
2026-05-17 13:26:46,407 - __main__ - INFO - Found Fortnite window at (0, 0, 1920, 1080)
2026-05-17 13:26:46,634 - __main__ - ERROR - Detection loop error: '_thread._local' object has no attribute 'srcdc'
2026-05-17 13:26:46,857 - __main__ - INFO - Found Fortnite window at (0, 0, 1920, 1080)
2026-05-17 13:26:47,007 - __main__ - ERROR - Detection loop error: '_thread._local' object has no attribute 'srcdc'
2026-05-17 13:26:47,304 - __main__ - INFO - Found Fortnite window at (0, 0, 1920, 1080)
2026-05-17 13:26:47,472 - __main__ - ERROR - Detection loop error: '_thread._local' object has no attribute 'srcdc'
2026-05-17 13:26:47,725 - __main__ - INFO - Found Fortnite window at (0, 0, 1920, 1080)
2026-05-17 13:26:47,909 - __main__ - ERROR - Detection loop error: '_thread._local' object has no attribute 'srcdc'
2026-05-17 13:26:48,187 - __main__ - INFO - Found Fortnite window at (0, 0, 1920, 1080)
2026-05-17 13:26:48,232 - __main__ - ERROR - Detection loop error: '_thread._local' object has no attribute 'srcdc'
2026-05-17 13:26:48,587 - __main__ - ERROR - Detection loop error: '_thread._local' object has no attribute 'srcdc'
2026-05-17 13:26:48,614 - __main__ - INFO - Found Fortnite window at (0, 0, 1920, 1080)
2026-05-17 13:26:48,755 - __main__ - ERROR - Detection loop error: '_thread._local' object has no attribute 'srcdc'
2026-05-17 13:26:49,035 - __main__ - ERROR - Detection loop error: '_thread._local' object has no attribute 'srcdc'
2026-05-17 13:26:49,035 - __main__ - INFO - Found Fortnite window at (0, 0, 1920, 1080)
2026-05-17 13:26:49,408 - __main__ - ERROR - Detection loop error: '_thread._local' object has no attribute 'srcdc'
2026-05-17 13:26:49,474 - __main__ - INFO - Found Fortnite window at (0, 0, 1920, 1080)
2026-05-17 13:26:49,579 - __main__ - ERROR - Detection loop error: '_thread._local' object has no attribute 'srcdc'
2026-05-17 13:26:49,859 - __main__ - ERROR - Detection loop error: '_thread._local' object has no attribute 'srcdc'
2026-05-17 13:26:49,948 - __main__ - INFO - Found Fortnite window at (0, 0, 1920, 1080)
2026-05-17 13:26:50,153 - __main__ - ERROR - Detection loop error: '_thread._local' object has no attribute 'srcdc'
2026-05-17 13:26:50,339 - __main__ - ERROR - Detection loop error: '_thread._local' object has no attribute 'srcdc'
2026-05-17 13:26:50,386 - __main__ - INFO - Found Fortnite window at (0, 0, 1920, 1080)
2026-05-17 13:26:50,682 - __main__ - ERROR - Detection loop error: '_thread._local' object has no attribute 'srcdc'
2026-05-17 13:26:50,806 - __main__ - INFO - Found Fortnite window at (0, 0, 1920, 1080)
2026-05-17 13:26:51,234 - __main__ - INFO - Found Fortnite window at (0, 0, 1920, 1080)
2026-05-17 13:26:51,234 - __main__ - ERROR - Detection loop error: '_thread._local' object has no attribute 'srcdc'
2026-05-17 13:26:51,412 - __main__ - ERROR - Detection loop error: '_thread._local' object has no attribute 'srcdc'
2026-05-17 13:26:51,672 - __main__ - INFO - Found Fortnite window at (0, 0, 1920, 1080)
2026-05-17 13:26:51,876 - __main__ - ERROR - Detection loop error: '_thread._local' object has no attribute 'srcdc'
2026-05-17 13:26:52,121 - __main__ - INFO - Found Fortnite window at (0, 0, 1920, 1080)
2026-05-17 13:26:52,156 - __main__ - ERROR - Detection loop error: '_thread._local' object has no attribute 'srcdc'
2026-05-17 13:26:52,280 - __main__ - ERROR - Detection loop error: '_thread._local' object has no attribute 'srcdc'
2026-05-17 13:26:52,565 - __main__ - INFO - Found Fortnite window at (0, 0, 1920, 1080)
2026-05-17 13:26:52,809 - __main__ - ERROR - Detection loop error: '_thread._local' object has no attribute 'srcdc'
2026-05-17 13:26:53,018 - __main__ - INFO - Found Fortnite window at (0, 0, 1920, 1080)
2026-05-17 13:26:53,217 - __main__ - ERROR - Detection loop error: '_thread._local' object has no attribute 'srcdc'
2026-05-17 13:26:53,455 - __main__ - INFO - Found Fortnite window at (0, 0, 1920, 1080)
2026-05-17 13:26:53,875 - __main__ - ERROR - Detection loop error: '_thread._local' object has no attribute 'srcdc'
2026-05-17 13:26:53,885 - __main__ - INFO - Found Fortnite window at (0, 0, 1920, 1080)
2026-05-17 13:26:54,101 - __main__ - ERROR - Detection loop error: '_thread._local' object has no attribute 'srcdc'
2026-05-17 13:26:54,316 - __main__ - INFO - Found Fortnite window at (0, 0, 1920, 1080)
2026-05-17 13:26:54,753 - __main__ - ERROR - Detection loop error: '_thread._local' object has no attribute 'srcdc'
2026-05-17 13:26:54,753 - __main__ - INFO - Found Fortnite window at (0, 0, 1920, 1080)
2026-05-17 13:26:54,876 - __main__ - ERROR - Detection loop error: '_thread._local' object has no attribute 'srcdc'
2026-05-17 13:26:55,188 - __main__ - INFO - Found Fortnite window at (0, 0, 1920, 1080)
2026-05-17 13:26:55,528 - __main__ - ERROR - Detection loop error: '_thread._local' object has no attribute 'srcdc'
2026-05-17 13:26:55,628 - __main__ - INFO - Found Fortnite window at (0, 0, 1920, 1080)
2026-05-17 13:26:55,775 - __main__ - ERROR - Detection loop error: '_thread._local' object has no attribute 'srcdc'
2026-05-17 13:26:56,068 - __main__ - INFO - Found Fortnite window at (0, 0, 1920, 1080)
2026-05-17 13:26:56,246 - __main__ - ERROR - Detection loop error: '_thread._local' object has no attribute 'srcdc'
2026-05-17 13:26:56,507 - __main__ - INFO - Found Fortnite window at (0, 0, 1920, 1080)
2026-05-17 13:26:56,649 - __main__ - ERROR - Detection loop error: '_thread._local' object has no attribute 'srcdc'
2026-05-17 13:26:56,967 - __main__ - INFO - Found Fortnite window at (0, 0, 1920, 1080)
2026-05-17 13:26:57,009 - __main__ - ERROR - Detection loop error: '_thread._local' object has no attribute 'srcdc'
2026-05-17 13:26:57,471 - __main__ - ERROR - Detection loop error: '_thread._local' object has no attribute 'srcdc'
2026-05-17 13:26:57,473 - __main__ - INFO - Found Fortnite window at (0, 0, 1920, 1080)
2026-05-17 13:26:57,659 - __main__ - ERROR - Detection loop error: '_thread._local' object has no attribute 'srcdc'
2026-05-17 13:26:57,915 - __main__ - INFO - Found Fortnite window at (0, 0, 1920, 1080)
2026-05-17 13:26:58,345 - __main__ - ERROR - Detection loop error: '_thread._local' object has no attribute 'srcdc'
2026-05-17 13:26:58,347 - __main__ - INFO - Found Fortnite window at (0, 0, 1920, 1080)
2026-05-17 13:26:58,562 - __main__ - ERROR - Detection loop error: '_thread._local' object has no attribute 'srcdc'
2026-05-17 13:26:58,804 - __main__ - INFO - Found Fortnite window at (0, 0, 1920, 1080)
2026-05-17 13:26:58,954 - __main__ - ERROR - Detection loop error: '_thread._local' object has no attribute 'srcdc'
2026-05-17 13:26:59,246 - __main__ - INFO - Found Fortnite window at (0, 0, 1920, 1080)
2026-05-17 13:26:59,424 - __main__ - ERROR - Detection loop error: '_thread._local' object has no attribute 'srcdc'
2026-05-17 13:26:59,710 - __main__ - ERROR - Detection loop error: '_thread._local' object has no attribute 'srcdc'
2026-05-17 13:26:59,710 - __main__ - INFO - Found Fortnite window at (0, 0, 1920, 1080)
2026-05-17 13:26:59,987 - __main__ - ERROR - Detection loop error: '_thread._local' object has no attribute 'srcdc'
2026-05-17 13:27:00,132 - __main__ - INFO - Found Fortnite window at (0, 0, 1920, 1080)
2026-05-17 13:27:00,468 - __main__ - ERROR - Detection loop error: '_thread._local' object has no attribute 'srcdc'
2026-05-17 13:27:00,589 - __main__ - INFO - Found Fortnite window at (0, 0, 1920, 1080)
2026-05-17 13:27:00,741 - __main__ - ERROR - Detection loop error: '_thread._local' object has no attribute 'srcdc'
2026-05-17 13:27:01,025 - __main__ - INFO - Found Fortnite window at (0, 0, 1920, 1080)
2026-05-17 13:27:01,454 - __main__ - INFO - Found Fortnite window at (0, 0, 1920, 1080)
2026-05-17 13:27:01,454 - __main__ - ERROR - Detection loop error: '_thread._local' object has no attribute 'srcdc'
2026-05-17 13:27:01,867 - __main__ - ERROR - Detection loop error: '_thread._local' object has no attribute 'srcdc'
2026-05-17 13:27:01,889 - __main__ - INFO - Found Fortnite window at (0, 0, 1920, 1080)
2026-05-17 13:27:02,036 - __main__ - ERROR - Detection loop error: '_thread._local' object has no attribute 'srcdc'
2026-05-17 13:27:02,252 - __main__ - ERROR - Detection loop error: '_thread._local' object has no attribute 'srcdc'
2026-05-17 13:27:02,328 - __main__ - INFO - Found Fortnite window at (0, 0, 1920, 1080)
2026-05-17 13:27:02,510 - __main__ - ERROR - Detection loop error: '_thread._local' object has no attribute 'srcdc'
2026-05-17 13:27:02,765 - __main__ - INFO - Found Fortnite window at (0, 0, 1920, 1080)
2026-05-17 13:27:02,782 - __main__ - ERROR - Detection loop error: '_thread._local' object has no attribute 'srcdc'
2026-05-17 13:27:03,109 - __main__ - ERROR - Detection loop error: '_thread._local' object has no attribute 'srcdc'
2026-05-17 13:27:03,215 - __main__ - INFO - Found Fortnite window at (0, 0, 1920, 1080)
2026-05-17 13:27:03,327 - __main__ - INFO - Detection engine stopped
2026-05-17 13:27:03,342 - __main__ - INFO - Aimbot engine stopped
2026-05-17 13:27:03,438 - __main__ - INFO - Configuration saved to aim_snap_config.json
2026-05-17 13:27:03,925 - __main__ - INFO - Found Fortnite window at (0, 0, 1920, 1080)
2026-05-17 13:27:04,428 - __main__ - INFO - Found Fortnite window at (0, 0, 1920, 1080)
2026-05-17 13:27:04,863 - __main__ - INFO - Found Fortnite window at (0, 0, 1920, 1080)
2026-05-17 13:39:08,518 - __main__ - INFO - Configuration loaded from aim_snap_config.json
2026-05-17 13:39:08,979 - __main__ - INFO - Found Fortnite window at (0, 0, 1920, 1080)
2026-05-17 13:39:08,996 - __main__ - INFO - Template loaded: (425, 283, 3)
2026-05-17 13:39:09,431 - __main__ - INFO - Found Fortnite window at (0, 0, 1920, 1080)
2026-05-17 13:39:09,580 - __main__ - INFO - FOV overlay attached to Fortnite window (HWND: 1118000)
2026-05-17 13:39:09,804 - __main__ - INFO - Main window initialized
2026-05-17 13:39:09,804 - __main__ - INFO - Detection engine started
2026-05-17 13:39:09,804 - __main__ - INFO - Aimbot engine started
2026-05-17 13:39:09,829 - __main__ - INFO - Application started
2026-05-17 13:39:09,829 - __main__ - ERROR - Detection loop error: '_thread._local' object has no attribute 'srcdc'
2026-05-17 13:39:09,874 - __main__ - INFO - Key listener started - Toggle: p, Activation: mouse_right
2026-05-17 13:39:09,987 - __main__ - ERROR - Detection loop error: '_thread._local' object has no attribute 'srcdc'
2026-05-17 13:39:10,297 - __main__ - INFO - Found Fortnite window at (0, 0, 1920, 1080)
2026-05-17 13:39:10,737 - __main__ - ERROR - Detection loop error: '_thread._local' object has no attribute 'srcdc'
2026-05-17 13:39:10,737 - __main__ - INFO - Found Fortnite window at (0, 0, 1920, 1080)
2026-05-17 13:39:11,182 - __main__ - ERROR - Detection loop error: '_thread._local' object has no attribute 'srcdc'
2026-05-17 13:39:11,182 - __main__ - INFO - Found Fortnite window at (0, 0, 1920, 1080)
2026-05-17 13:39:11,562 - __main__ - ERROR - Detection loop error: '_thread._local' object has no attribute 'srcdc'
2026-05-17 13:39:11,621 - __main__ - INFO - Found Fortnite window at (0, 0, 1920, 1080)
2026-05-17 13:39:11,827 - __main__ - ERROR - Detection loop error: '_thread._local' object has no attribute 'srcdc'
2026-05-17 13:39:12,057 - __main__ - INFO - Found Fortnite window at (0, 0, 1920, 1080)
2026-05-17 13:39:12,494 - __main__ - ERROR - Detection loop error: '_thread._local' object has no attribute 'srcdc'
2026-05-17 13:39:12,494 - __main__ - INFO - Found Fortnite window at (0, 0, 1920, 1080)
2026-05-17 13:39:12,684 - __main__ - ERROR - Detection loop error: '_thread._local' object has no attribute 'srcdc'
2026-05-17 13:39:12,923 - __main__ - INFO - Found Fortnite window at (0, 0, 1920, 1080)
2026-05-17 13:39:13,124 - __main__ - ERROR - Detection loop error: '_thread._local' object has no attribute 'srcdc'
2026-05-17 13:39:13,365 - __main__ - INFO - Found Fortnite window at (0, 0, 1920, 1080)
2026-05-17 13:39:13,777 - __main__ - ERROR - Detection loop error: '_thread._local' object has no attribute 'srcdc'
2026-05-17 13:39:13,801 - __main__ - INFO - Found Fortnite window at (0, 0, 1920, 1080)
2026-05-17 13:39:13,902 - __main__ - ERROR - Detection loop error: '_thread._local' object has no attribute 'srcdc'
2026-05-17 13:39:14,305 - __main__ - ERROR - Detection loop error: '_thread._local' object has no attribute 'srcdc'
2026-05-17 13:39:14,305 - __main__ - INFO - Found Fortnite window at (0, 0, 1920, 1080)
2026-05-17 13:39:14,589 - __main__ - ERROR - Detection loop error: '_thread._local' object has no attribute 'srcdc'
2026-05-17 13:39:14,743 - __main__ - INFO - Found Fortnite window at (0, 0, 1920, 1080)
2026-05-17 13:39:15,173 - __main__ - ERROR - Detection loop error: '_thread._local' object has no attribute 'srcdc'
2026-05-17 13:39:15,174 - __main__ - INFO - Found Fortnite window at (0, 0, 1920, 1080)
2026-05-17 13:39:15,423 - __main__ - ERROR - Detection loop error: '_thread._local' object has no attribute 'srcdc'
2026-05-17 13:39:15,608 - __main__ - INFO - Found Fortnite window at (0, 0, 1920, 1080)
2026-05-17 13:39:16,050 - __main__ - ERROR - Detection loop error: '_thread._local' object has no attribute 'srcdc'
2026-05-17 13:39:16,050 - __main__ - INFO - Found Fortnite window at (0, 0, 1920, 1080)
2026-05-17 13:39:16,508 - __main__ - ERROR - Detection loop error: '_thread._local' object has no attribute 'srcdc'
2026-05-17 13:39:16,508 - __main__ - INFO - Found Fortnite window at (0, 0, 1920, 1080)
2026-05-17 13:39:16,674 - __main__ - ERROR - Detection loop error: '_thread._local' object has no attribute 'srcdc'
2026-05-17 13:39:16,933 - __main__ - INFO - Found Fortnite window at (0, 0, 1920, 1080)
2026-05-17 13:39:16,937 - __main__ - ERROR - Detection loop error: '_thread._local' object has no attribute 'srcdc'
2026-05-17 13:39:17,380 - __main__ - ERROR - Detection loop error: '_thread._local' object has no attribute 'srcdc'
2026-05-17 13:39:17,380 - __main__ - INFO - Found Fortnite window at (0, 0, 1920, 1080)
2026-05-17 13:39:17,808 - __main__ - ERROR - Detection loop error: '_thread._local' object has no attribute 'srcdc'
2026-05-17 13:39:17,808 - __main__ - INFO - Found Fortnite window at (0, 0, 1920, 1080)
2026-05-17 13:39:17,984 - __main__ - ERROR - Detection loop error: '_thread._local' object has no attribute 'srcdc'
2026-05-17 13:39:18,254 - __main__ - INFO - Found Fortnite window at (0, 0, 1920, 1080)
2026-05-17 13:39:18,392 - __main__ - ERROR - Detection loop error: '_thread._local' object has no attribute 'srcdc'
2026-05-17 13:39:18,682 - __main__ - INFO - Found Fortnite window at (0, 0, 1920, 1080)
2026-05-17 13:39:18,734 - __main__ - ERROR - Detection loop error: '_thread._local' object has no attribute 'srcdc'
2026-05-17 13:39:18,894 - __main__ - ERROR - Detection loop error: '_thread._local' object has no attribute 'srcdc'
2026-05-17 13:39:19,122 - __main__ - INFO - Found Fortnite window at (0, 0, 1920, 1080)
2026-05-17 13:39:19,312 - __main__ - ERROR - Detection loop error: '_thread._local' object has no attribute 'srcdc'
2026-05-17 13:39:19,562 - __main__ - INFO - Found Fortnite window at (0, 0, 1920, 1080)
2026-05-17 13:39:19,686 - __main__ - ERROR - Detection loop error: '_thread._local' object has no attribute 'srcdc'
2026-05-17 13:39:19,842 - __main__ - ERROR - Detection loop error: '_thread._local' object has no attribute 'srcdc'
2026-05-17 13:39:19,992 - __main__ - ERROR - Detection loop error: '_thread._local' object has no attribute 'srcdc'
2026-05-17 13:39:20,171 - __main__ - ERROR - Detection loop error: '_thread._local' object has no attribute 'srcdc'
2026-05-17 13:39:20,322 - __main__ - ERROR - Detection loop error: '_thread._local' object has no attribute 'srcdc'
2026-05-17 13:39:20,426 - __main__ - INFO - Found Fortnite window at (0, 0, 1920, 1080)
2026-05-17 13:39:20,436 - __main__ - ERROR - Detection loop error: '_thread._local' object has no attribute 'srcdc'
2026-05-17 13:39:20,577 - __main__ - ERROR - Detection loop error: '_thread._local' object has no attribute 'srcdc'
2026-05-17 13:39:20,763 - __main__ - ERROR - Detection loop error: '_thread._local' object has no attribute 'srcdc'
2026-05-17 13:39:20,939 - __main__ - ERROR - Detection loop error: '_thread._local' object has no attribute 'srcdc'
2026-05-17 13:39:21,082 - __main__ - ERROR - Detection loop error: '_thread._local' object has no attribute 'srcdc'
2026-05-17 13:39:21,246 - __main__ - ERROR - Detection loop error: '_thread._local' object has no attribute 'srcdc'
2026-05-17 13:39:21,351 - __main__ - INFO - Found Fortnite window at (0, 0, 1920, 1080)
2026-05-17 13:39:21,403 - __main__ - ERROR - Detection loop error: '_thread._local' object has no attribute 'srcdc'
2026-05-17 13:39:21,576 - __main__ - ERROR - Detection loop error: '_thread._local' object has no attribute 'srcdc'
2026-05-17 13:39:21,748 - __main__ - ERROR - Detection loop error: '_thread._local' object has no attribute 'srcdc'
2026-05-17 13:39:21,919 - __main__ - ERROR - Detection loop error: '_thread._local' object has no attribute 'srcdc'
2026-05-17 13:39:22,076 - __main__ - ERROR - Detection loop error: '_thread._local' object has no attribute 'srcdc'
2026-05-17 13:39:22,230 - __main__ - ERROR - Detection loop error: '_thread._local' object has no attribute 'srcdc'
2026-05-17 13:39:22,338 - __main__ - ERROR - Detection loop error: '_thread._local' object has no attribute 'srcdc'
2026-05-17 13:39:22,343 - __main__ - INFO - Found Fortnite window at (0, 0, 1920, 1080)
2026-05-17 13:39:22,447 - __main__ - ERROR - Detection loop error: '_thread._local' object has no attribute 'srcdc'
2026-05-17 13:39:22,570 - __main__ - ERROR - Detection loop error: '_thread._local' object has no attribute 'srcdc'
2026-05-17 13:39:22,731 - __main__ - ERROR - Detection loop error: '_thread._local' object has no attribute 'srcdc'
2026-05-17 13:39:22,968 - __main__ - ERROR - Detection loop error: '_thread._local' object has no attribute 'srcdc'
2026-05-17 13:39:22,968 - __main__ - INFO - Found Fortnite window at (0, 0, 1920, 1080)
2026-05-17 13:39:23,373 - __main__ - ERROR - Detection loop error: '_thread._local' object has no attribute 'srcdc'
2026-05-17 13:39:23,373 - __main__ - INFO - Found Fortnite window at (0, 0, 1920, 1080)
2026-05-17 13:39:23,624 - __main__ - ERROR - Detection loop error: '_thread._local' object has no attribute 'srcdc'
2026-05-17 13:39:23,851 - __main__ - INFO - Found Fortnite window at (0, 0, 1920, 1080)
2026-05-17 13:39:24,043 - __main__ - ERROR - Detection loop error: '_thread._local' object has no attribute 'srcdc'
2026-05-17 13:39:24,288 - __main__ - INFO - Found Fortnite window at (0, 0, 1920, 1080)
2026-05-17 13:39:24,313 - __main__ - ERROR - Detection loop error: '_thread._local' object has no attribute 'srcdc'
2026-05-17 13:39:24,436 - __main__ - ERROR - Detection loop error: '_thread._local' object has no attribute 'srcdc'
2026-05-17 13:39:24,655 - __main__ - ERROR - Detection loop error: '_thread._local' object has no attribute 'srcdc'
2026-05-17 13:39:24,874 - __main__ - ERROR - Detection loop error: '_thread._local' object has no attribute 'srcdc'
2026-05-17 13:39:25,043 - __main__ - ERROR - Detection loop error: '_thread._local' object has no attribute 'srcdc'
2026-05-17 13:39:25,157 - __main__ - INFO - Found Fortnite window at (0, 0, 1920, 1080)
2026-05-17 13:39:25,197 - __main__ - ERROR - Detection loop error: '_thread._local' object has no attribute 'srcdc'
2026-05-17 13:39:25,306 - __main__ - ERROR - Detection loop error: '_thread._local' object has no attribute 'srcdc'
2026-05-17 13:39:25,540 - __main__ - ERROR - Detection loop error: '_thread._local' object has no attribute 'srcdc'
2026-05-17 13:39:25,693 - __main__ - ERROR - Detection loop error: '_thread._local' object has no attribute 'srcdc'
2026-05-17 13:39:25,979 - __main__ - ERROR - Detection loop error: '_thread._local' object has no attribute 'srcdc'
2026-05-17 13:39:26,131 - __main__ - INFO - Found Fortnite window at (0, 0, 1920, 1080)
2026-05-17 13:39:26,163 - __main__ - ERROR - Detection loop error: '_thread._local' object has no attribute 'srcdc'
2026-05-17 13:39:26,289 - __main__ - ERROR - Detection loop error: '_thread._local' object has no attribute 'srcdc'
2026-05-17 13:39:26,601 - __main__ - ERROR - Detection loop error: '_thread._local' object has no attribute 'srcdc'
2026-05-17 13:39:26,757 - __main__ - ERROR - Detection loop error: '_thread._local' object has no attribute 'srcdc'
2026-05-17 13:39:26,944 - __main__ - ERROR - Detection loop error: '_thread._local' object has no attribute 'srcdc'
2026-05-17 13:39:26,971 - __main__ - INFO - Found Fortnite window at (0, 0, 1920, 1080)
2026-05-17 13:39:27,115 - __main__ - ERROR - Detection loop error: '_thread._local' object has no attribute 'srcdc'
2026-05-17 13:39:27,440 - __main__ - ERROR - Detection loop error: '_thread._local' object has no attribute 'srcdc'
2026-05-17 13:39:27,597 - __main__ - ERROR - Detection loop error: '_thread._local' object has no attribute 'srcdc'
2026-05-17 13:39:27,771 - __main__ - ERROR - Detection loop error: '_thread._local' object has no attribute 'srcdc'
2026-05-17 13:39:27,912 - __main__ - ERROR - Detection loop error: '_thread._local' object has no attribute 'srcdc'
2026-05-17 13:39:27,962 - __main__ - INFO - Found Fortnite window at (0, 0, 1920, 1080)
2026-05-17 13:39:28,082 - __main__ - ERROR - Detection loop error: '_thread._local' object has no attribute 'srcdc'
2026-05-17 13:39:28,286 - __main__ - ERROR - Detection loop error: '_thread._local' object has no attribute 'srcdc'
2026-05-17 13:39:28,470 - __main__ - ERROR - Detection loop error: '_thread._local' object has no attribute 'srcdc'
2026-05-17 13:39:28,643 - __main__ - ERROR - Detection loop error: '_thread._local' object has no attribute 'srcdc'
2026-05-17 13:39:28,877 - __main__ - ERROR - Detection loop error: '_thread._local' object has no attribute 'srcdc'
2026-05-17 13:39:28,906 - __main__ - INFO - Found Fortnite window at (0, 0, 1920, 1080)
2026-05-17 13:39:29,082 - __main__ - ERROR - Detection loop error: '_thread._local' object has no attribute 'srcdc'
2026-05-17 13:39:29,283 - __main__ - ERROR - Detection loop error: '_thread._local' object has no attribute 'srcdc'
2026-05-17 13:39:29,470 - __main__ - ERROR - Detection loop error: '_thread._local' object has no attribute 'srcdc'
2026-05-17 13:39:29,625 - __main__ - ERROR - Detection loop error: '_thread._local' object has no attribute 'srcdc'
2026-05-17 13:39:29,689 - __main__ - INFO - Found Fortnite window at (0, 0, 1920, 1080)
2026-05-17 13:39:29,751 - __main__ - ERROR - Detection loop error: '_thread._local' object has no attribute 'srcdc'
2026-05-17 13:39:29,875 - __main__ - ERROR - Detection loop error: '_thread._local' object has no attribute 'srcdc'
2026-05-17 13:39:30,062 - __main__ - ERROR - Detection loop error: '_thread._local' object has no attribute 'srcdc'
2026-05-17 13:39:30,238 - __main__ - ERROR - Detection loop error: '_thread._local' object has no attribute 'srcdc'
2026-05-17 13:39:30,445 - __main__ - ERROR - Detection loop error: '_thread._local' object has no attribute 'srcdc'
2026-05-17 13:39:30,576 - __main__ - INFO - Found Fortnite window at (0, 0, 1920, 1080)
2026-05-17 13:39:30,606 - __main__ - ERROR - Detection loop error: '_thread._local' object has no attribute 'srcdc'
2026-05-17 13:39:30,731 - __main__ - ERROR - Detection loop error: '_thread._local' object has no attribute 'srcdc'
2026-05-17 13:39:30,917 - __main__ - ERROR - Detection loop error: '_thread._local' object has no attribute 'srcdc'
2026-05-17 13:39:31,090 - __main__ - ERROR - Detection loop error: '_thread._local' object has no attribute 'srcdc'
2026-05-17 13:39:31,277 - __main__ - ERROR - Detection loop error: '_thread._local' object has no attribute 'srcdc'
2026-05-17 13:39:31,457 - __main__ - ERROR - Detection loop error: '_thread._local' object has no attribute 'srcdc'
2026-05-17 13:39:31,528 - __main__ - INFO - Found Fortnite window at (0, 0, 1920, 1080)
2026-05-17 13:39:31,624 - __main__ - ERROR - Detection loop error: '_thread._local' object has no attribute 'srcdc'
2026-05-17 13:39:31,761 - __main__ - ERROR - Detection loop error: '_thread._local' object has no attribute 'srcdc'
2026-05-17 13:39:31,905 - __main__ - ERROR - Detection loop error: '_thread._local' object has no attribute 'srcdc'
2026-05-17 13:39:32,092 - __main__ - ERROR - Detection loop error: '_thread._local' object has no attribute 'srcdc'
2026-05-17 13:39:32,281 - __main__ - ERROR - Detection loop error: '_thread._local' object has no attribute 'srcdc'
2026-05-17 13:39:32,344 - __main__ - INFO - Found Fortnite window at (0, 0, 1920, 1080)
2026-05-17 13:39:32,467 - __main__ - ERROR - Detection loop error: '_thread._local' object has no attribute 'srcdc'
2026-05-17 13:39:32,686 - __main__ - ERROR - Detection loop error: '_thread._local' object has no attribute 'srcdc'
2026-05-17 13:39:32,860 - __main__ - ERROR - Detection loop error: '_thread._local' object has no attribute 'srcdc'
2026-05-17 13:39:33,127 - __main__ - ERROR - Detection loop error: '_thread._local' object has no attribute 'srcdc'
2026-05-17 13:39:33,288 - __main__ - INFO - Found Fortnite window at (0, 0, 1920, 1080)
2026-05-17 13:39:33,332 - __main__ - ERROR - Detection loop error: '_thread._local' object has no attribute 'srcdc'
2026-05-17 13:39:33,487 - __main__ - ERROR - Detection loop error: '_thread._local' object has no attribute 'srcdc'
2026-05-17 13:39:33,675 - __main__ - ERROR - Detection loop error: '_thread._local' object has no attribute 'srcdc'
2026-05-17 13:39:33,841 - __main__ - ERROR - Detection loop error: '_thread._local' object has no attribute 'srcdc'
2026-05-17 13:39:34,067 - __main__ - ERROR - Detection loop error: '_thread._local' object has no attribute 'srcdc'
2026-05-17 13:39:34,157 - __main__ - INFO - Found Fortnite window at (0, 0, 1920, 1080)
2026-05-17 13:39:34,267 - __main__ - ERROR - Detection loop error: '_thread._local' object has no attribute 'srcdc'
2026-05-17 13:39:34,485 - __main__ - ERROR - Detection loop error: '_thread._local' object has no attribute 'srcdc'
2026-05-17 13:39:34,658 - __main__ - ERROR - Detection loop error: '_thread._local' object has no attribute 'srcdc'
2026-05-17 13:39:34,908 - __main__ - ERROR - Detection loop error: '_thread._local' object has no attribute 'srcdc'
2026-05-17 13:39:34,938 - __main__ - INFO - Found Fortnite window at (0, 0, 1920, 1080)
2026-05-17 13:39:35,017 - __main__ - ERROR - Detection loop error: '_thread._local' object has no attribute 'srcdc'
2026-05-17 13:39:35,142 - __main__ - ERROR - Detection loop error: '_thread._local' object has no attribute 'srcdc'
2026-05-17 13:39:35,361 - __main__ - ERROR - Detection loop error: '_thread._local' object has no attribute 'srcdc'
2026-05-17 13:39:35,561 - __main__ - ERROR - Detection loop error: '_thread._local' object has no attribute 'srcdc'
2026-05-17 13:39:35,732 - __main__ - ERROR - Detection loop error: '_thread._local' object has no attribute 'srcdc'
2026-05-17 13:39:35,794 - __main__ - INFO - Found Fortnite window at (0, 0, 1920, 1080)
2026-05-17 13:39:35,915 - __main__ - ERROR - Detection loop error: '_thread._local' object has no attribute 'srcdc'
2026-05-17 13:39:36,092 - __main__ - ERROR - Detection loop error: '_thread._local' object has no attribute 'srcdc'
2026-05-17 13:39:36,450 - __main__ - ERROR - Detection loop error: '_thread._local' object has no attribute 'srcdc'
2026-05-17 13:39:36,594 - __main__ - INFO - Found Fortnite window at (0, 0, 1920, 1080)
2026-05-17 13:39:36,594 - __main__ - ERROR - Detection loop error: '_thread._local' object has no attribute 'srcdc'
2026-05-17 13:39:36,715 - __main__ - ERROR - Detection loop error: '_thread._local' object has no attribute 'srcdc'
2026-05-17 13:39:36,952 - __main__ - ERROR - Detection loop error: '_thread._local' object has no attribute 'srcdc'
2026-05-17 13:39:37,216 - __main__ - ERROR - Detection loop error: '_thread._local' object has no attribute 'srcdc'
2026-05-17 13:39:37,435 - __main__ - ERROR - Detection loop error: '_thread._local' object has no attribute 'srcdc'
2026-05-17 13:39:37,508 - __main__ - INFO - Found Fortnite window at (0, 0, 1920, 1080)
2026-05-17 13:39:37,667 - __main__ - ERROR - Detection loop error: '_thread._local' object has no attribute 'srcdc'
2026-05-17 13:39:37,838 - __main__ - ERROR - Detection loop error: '_thread._local' object has no attribute 'srcdc'
2026-05-17 13:39:38,120 - __main__ - ERROR - Detection loop error: '_thread._local' object has no attribute 'srcdc'
2026-05-17 13:39:38,313 - __main__ - INFO - Found Fortnite window at (0, 0, 1920, 1080)
2026-05-17 13:39:38,387 - __main__ - ERROR - Detection loop error: '_thread._local' object has no attribute 'srcdc'
2026-05-17 13:39:38,632 - __main__ - ERROR - Detection loop error: '_thread._local' object has no attribute 'srcdc'
2026-05-17 13:39:38,840 - __main__ - ERROR - Detection loop error: '_thread._local' object has no attribute 'srcdc'
2026-05-17 13:39:39,012 - __main__ - ERROR - Detection loop error: '_thread._local' object has no attribute 'srcdc'
2026-05-17 13:39:39,152 - __main__ - INFO - Found Fortnite window at (0, 0, 1920, 1080)
2026-05-17 13:39:39,277 - __main__ - ERROR - Detection loop error: '_thread._local' object has no attribute 'srcdc'
2026-05-17 13:39:39,499 - __main__ - ERROR - Detection loop error: '_thread._local' object has no attribute 'srcdc'
2026-05-17 13:39:39,701 - __main__ - ERROR - Detection loop error: '_thread._local' object has no attribute 'srcdc'
2026-05-17 13:39:39,920 - __main__ - ERROR - Detection loop error: '_thread._local' object has no attribute 'srcdc'
2026-05-17 13:39:40,025 - __main__ - INFO - Found Fortnite window at (0, 0, 1920, 1080)
2026-05-17 13:39:40,060 - __main__ - ERROR - Detection loop error: '_thread._local' object has no attribute 'srcdc'
2026-05-17 13:39:40,187 - __main__ - ERROR - Detection loop error: '_thread._local' object has no attribute 'srcdc'
2026-05-17 13:39:40,591 - __main__ - ERROR - Detection loop error: '_thread._local' object has no attribute 'srcdc'
2026-05-17 13:39:40,824 - __main__ - INFO - Found Fortnite window at (0, 0, 1920, 1080)
2026-05-17 13:39:40,824 - __main__ - ERROR - Detection loop error: '_thread._local' object has no attribute 'srcdc'
2026-05-17 13:39:40,949 - __main__ - ERROR - Detection loop error: '_thread._local' object has no attribute 'srcdc'
2026-05-17 13:39:41,078 - __main__ - ERROR - Detection loop error: '_thread._local' object has no attribute 'srcdc'
2026-05-17 13:39:41,249 - __main__ - ERROR - Detection loop error: '_thread._local' object has no attribute 'srcdc'
2026-05-17 13:39:41,386 - __main__ - ERROR - Detection loop error: '_thread._local' object has no attribute 'srcdc'
2026-05-17 13:39:41,633 - __main__ - INFO - Found Fortnite window at (0, 0, 1920, 1080)
2026-05-17 13:39:41,654 - __main__ - ERROR - Detection loop error: '_thread._local' object has no attribute 'srcdc'
2026-05-17 13:39:41,857 - __main__ - ERROR - Detection loop error: '_thread._local' object has no attribute 'srcdc'
2026-05-17 13:39:42,040 - __main__ - ERROR - Detection loop error: '_thread._local' object has no attribute 'srcdc'
2026-05-17 13:39:42,300 - __main__ - ERROR - Detection loop error: '_thread._local' object has no attribute 'srcdc'
2026-05-17 13:39:42,530 - __main__ - INFO - Found Fortnite window at (0, 0, 1920, 1080)
2026-05-17 13:39:42,557 - __main__ - ERROR - Detection loop error: '_thread._local' object has no attribute 'srcdc'
2026-05-17 13:39:42,682 - __main__ - ERROR - Detection loop error: '_thread._local' object has no attribute 'srcdc'
2026-05-17 13:39:42,899 - __main__ - ERROR - Detection loop error: '_thread._local' object has no attribute 'srcdc'
2026-05-17 13:39:43,044 - __main__ - ERROR - Detection loop error: '_thread._local' object has no attribute 'srcdc'
2026-05-17 13:39:43,212 - __main__ - ERROR - Detection loop error: '_thread._local' object has no attribute 'srcdc'
2026-05-17 13:39:43,399 - __main__ - ERROR - Detection loop error: '_thread._local' object has no attribute 'srcdc'
2026-05-17 13:39:43,417 - __main__ - INFO - Found Fortnite window at (0, 0, 1920, 1080)
2026-05-17 13:39:43,523 - __main__ - ERROR - Detection loop error: '_thread._local' object has no attribute 'srcdc'
2026-05-17 13:39:43,694 - __main__ - ERROR - Detection loop error: '_thread._local' object has no attribute 'srcdc'
2026-05-17 13:39:43,883 - __main__ - ERROR - Detection loop error: '_thread._local' object has no attribute 'srcdc'
2026-05-17 13:39:44,070 - __main__ - ERROR - Detection loop error: '_thread._local' object has no attribute 'srcdc'
2026-05-17 13:39:44,258 - __main__ - ERROR - Detection loop error: '_thread._local' object has no attribute 'srcdc'
2026-05-17 13:39:44,267 - __main__ - INFO - Found Fortnite window at (0, 0, 1920, 1080)
2026-05-17 13:39:44,387 - __main__ - ERROR - Detection loop error: '_thread._local' object has no attribute 'srcdc'
2026-05-17 13:39:44,510 - __main__ - ERROR - Detection loop error: '_thread._local' object has no attribute 'srcdc'
2026-05-17 13:39:44,759 - __main__ - ERROR - Detection loop error: '_thread._local' object has no attribute 'srcdc'
2026-05-17 13:39:44,992 - __main__ - ERROR - Detection loop error: '_thread._local' object has no attribute 'srcdc'
2026-05-17 13:39:45,129 - __main__ - INFO - Found Fortnite window at (0, 0, 1920, 1080)
2026-05-17 13:39:45,148 - __main__ - ERROR - Detection loop error: '_thread._local' object has no attribute 'srcdc'
2026-05-17 13:39:45,272 - __main__ - ERROR - Detection loop error: '_thread._local' object has no attribute 'srcdc'
2026-05-17 13:39:45,398 - __main__ - ERROR - Detection loop error: '_thread._local' object has no attribute 'srcdc'
2026-05-17 13:39:45,524 - __main__ - ERROR - Detection loop error: '_thread._local' object has no attribute 'srcdc'
2026-05-17 13:39:45,663 - __main__ - ERROR - Detection loop error: '_thread._local' object has no attribute 'srcdc'
2026-05-17 13:39:45,913 - __main__ - ERROR - Detection loop error: '_thread._local' object has no attribute 'srcdc'
2026-05-17 13:39:45,993 - __main__ - INFO - Found Fortnite window at (0, 0, 1920, 1080)
2026-05-17 13:39:46,131 - __main__ - ERROR - Detection loop error: '_thread._local' object has no attribute 'srcdc'
2026-05-17 13:39:46,292 - __main__ - ERROR - Detection loop error: '_thread._local' object has no attribute 'srcdc'
2026-05-17 13:39:46,472 - __main__ - ERROR - Detection loop error: '_thread._local' object has no attribute 'srcdc'
2026-05-17 13:39:46,707 - __main__ - ERROR - Detection loop error: '_thread._local' object has no attribute 'srcdc'
2026-05-17 13:39:46,814 - __main__ - INFO - Found Fortnite window at (0, 0, 1920, 1080)
2026-05-17 13:39:46,819 - __main__ - ERROR - Detection loop error: '_thread._local' object has no attribute 'srcdc'
2026-05-17 13:39:46,931 - __main__ - ERROR - Detection loop error: '_thread._local' object has no attribute 'srcdc'
2026-05-17 13:39:47,099 - __main__ - ERROR - Detection loop error: '_thread._local' object has no attribute 'srcdc'
2026-05-17 13:39:47,317 - __main__ - ERROR - Detection loop error: '_thread._local' object has no attribute 'srcdc'
2026-05-17 13:39:47,535 - __main__ - ERROR - Detection loop error: '_thread._local' object has no attribute 'srcdc'
2026-05-17 13:39:47,547 - __main__ - INFO - Found Fortnite window at (0, 0, 1920, 1080)
2026-05-17 13:39:47,677 - __main__ - ERROR - Detection loop error: '_thread._local' object has no attribute 'srcdc'
2026-05-17 13:39:47,882 - __main__ - ERROR - Detection loop error: '_thread._local' object has no attribute 'srcdc'
2026-05-17 13:39:48,175 - __main__ - ERROR - Detection loop error: '_thread._local' object has no attribute 'srcdc'
2026-05-17 13:39:48,333 - __main__ - ERROR - Detection loop error: '_thread._local' object has no attribute 'srcdc'
2026-05-17 13:39:48,333 - __main__ - INFO - Found Fortnite window at (0, 0, 1920, 1080)
2026-05-17 13:39:48,456 - __main__ - ERROR - Detection loop error: '_thread._local' object has no attribute 'srcdc'
2026-05-17 13:39:48,641 - __main__ - ERROR - Detection loop error: '_thread._local' object has no attribute 'srcdc'
2026-05-17 13:39:48,797 - __main__ - ERROR - Detection loop error: '_thread._local' object has no attribute 'srcdc'
2026-05-17 13:39:48,941 - __main__ - ERROR - Detection loop error: '_thread._local' object has no attribute 'srcdc'
2026-05-17 13:39:49,174 - __main__ - ERROR - Detection loop error: '_thread._local' object has no attribute 'srcdc'
2026-05-17 13:39:49,221 - __main__ - INFO - Found Fortnite window at (0, 0, 1920, 1080)
2026-05-17 13:39:49,345 - __main__ - ERROR - Detection loop error: '_thread._local' object has no attribute 'srcdc'
2026-05-17 13:39:49,510 - __main__ - ERROR - Detection loop error: '_thread._local' object has no attribute 'srcdc'
2026-05-17 13:39:49,686 - __main__ - ERROR - Detection loop error: '_thread._local' object has no attribute 'srcdc'
2026-05-17 13:39:49,828 - __main__ - ERROR - Detection loop error: '_thread._local' object has no attribute 'srcdc'
2026-05-17 13:39:49,959 - __main__ - ERROR - Detection loop error: '_thread._local' object has no attribute 'srcdc'
2026-05-17 13:39:50,115 - __main__ - INFO - Found Fortnite window at (0, 0, 1920, 1080)
2026-05-17 13:39:50,172 - __main__ - ERROR - Detection loop error: '_thread._local' object has no attribute 'srcdc'
2026-05-17 13:39:50,328 - __main__ - ERROR - Detection loop error: '_thread._local' object has no attribute 'srcdc'
2026-05-17 13:39:50,530 - __main__ - ERROR - Detection loop error: '_thread._local' object has no attribute 'srcdc'
2026-05-17 13:39:50,700 - __main__ - ERROR - Detection loop error: '_thread._local' object has no attribute 'srcdc'
2026-05-17 13:39:50,840 - __main__ - ERROR - Detection loop error: '_thread._local' object has no attribute 'srcdc'
2026-05-17 13:39:50,988 - __main__ - ERROR - Detection loop error: '_thread._local' object has no attribute 'srcdc'
2026-05-17 13:39:50,988 - __main__ - INFO - Found Fortnite window at (0, 0, 1920, 1080)
2026-05-17 13:39:51,105 - __main__ - ERROR - Detection loop error: '_thread._local' object has no attribute 'srcdc'
2026-05-17 13:39:51,277 - __main__ - ERROR - Detection loop error: '_thread._local' object has no attribute 'srcdc'
2026-05-17 13:39:51,463 - __main__ - ERROR - Detection loop error: '_thread._local' object has no attribute 'srcdc'
2026-05-17 13:39:51,683 - __main__ - ERROR - Detection loop error: '_thread._local' object has no attribute 'srcdc'
2026-05-17 13:39:51,797 - __main__ - INFO - Found Fortnite window at (0, 0, 1920, 1080)
2026-05-17 13:39:51,839 - __main__ - ERROR - Detection loop error: '_thread._local' object has no attribute 'srcdc'
2026-05-17 13:39:52,025 - __main__ - ERROR - Detection loop error: '_thread._local' object has no attribute 'srcdc'
2026-05-17 13:39:52,230 - __main__ - ERROR - Detection loop error: '_thread._local' object has no attribute 'srcdc'
2026-05-17 13:39:52,448 - __main__ - ERROR - Detection loop error: '_thread._local' object has no attribute 'srcdc'
2026-05-17 13:39:52,588 - __main__ - ERROR - Detection loop error: '_thread._local' object has no attribute 'srcdc'
2026-05-17 13:39:52,616 - __main__ - INFO - Found Fortnite window at (0, 0, 1920, 1080)
2026-05-17 13:39:52,775 - __main__ - ERROR - Detection loop error: '_thread._local' object has no attribute 'srcdc'
2026-05-17 13:39:52,932 - __main__ - ERROR - Detection loop error: '_thread._local' object has no attribute 'srcdc'
2026-05-17 13:39:53,088 - __main__ - ERROR - Detection loop error: '_thread._local' object has no attribute 'srcdc'
2026-05-17 13:39:53,340 - __main__ - ERROR - Detection loop error: '_thread._local' object has no attribute 'srcdc'
2026-05-17 13:39:53,478 - __main__ - INFO - Found Fortnite window at (0, 0, 1920, 1080)
2026-05-17 13:39:53,497 - __main__ - ERROR - Detection loop error: '_thread._local' object has no attribute 'srcdc'
2026-05-17 13:39:53,623 - __main__ - ERROR - Detection loop error: '_thread._local' object has no attribute 'srcdc'
2026-05-17 13:39:53,793 - __main__ - ERROR - Detection loop error: '_thread._local' object has no attribute 'srcdc'
2026-05-17 13:39:53,965 - __main__ - ERROR - Detection loop error: '_thread._local' object has no attribute 'srcdc'
2026-05-17 13:39:54,137 - __main__ - ERROR - Detection loop error: '_thread._local' object has no attribute 'srcdc'
2026-05-17 13:39:54,335 - __main__ - ERROR - Detection loop error: '_thread._local' object has no attribute 'srcdc'
2026-05-17 13:39:54,364 - __main__ - INFO - Found Fortnite window at (0, 0, 1920, 1080)
2026-05-17 13:39:54,477 - __main__ - ERROR - Detection loop error: '_thread._local' object has no attribute 'srcdc'
2026-05-17 13:39:54,646 - __main__ - ERROR - Detection loop error: '_thread._local' object has no attribute 'srcdc'
2026-05-17 13:39:54,802 - __main__ - ERROR - Detection loop error: '_thread._local' object has no attribute 'srcdc'
2026-05-17 13:39:54,941 - __main__ - ERROR - Detection loop error: '_thread._local' object has no attribute 'srcdc'
2026-05-17 13:39:55,115 - __main__ - ERROR - Detection loop error: '_thread._local' object has no attribute 'srcdc'
2026-05-17 13:39:55,251 - __main__ - ERROR - Detection loop error: '_thread._local' object has no attribute 'srcdc'
2026-05-17 13:39:55,257 - __main__ - INFO - Found Fortnite window at (0, 0, 1920, 1080)
2026-05-17 13:39:55,413 - __main__ - ERROR - Detection loop error: '_thread._local' object has no attribute 'srcdc'
2026-05-17 13:39:55,615 - __main__ - ERROR - Detection loop error: '_thread._local' object has no attribute 'srcdc'
2026-05-17 13:39:55,790 - __main__ - ERROR - Detection loop error: '_thread._local' object has no attribute 'srcdc'
2026-05-17 13:39:55,962 - __main__ - ERROR - Detection loop error: '_thread._local' object has no attribute 'srcdc'
2026-05-17 13:39:56,093 - __main__ - INFO - Found Fortnite window at (0, 0, 1920, 1080)
2026-05-17 13:39:56,099 - __main__ - ERROR - Detection loop error: '_thread._local' object has no attribute 'srcdc'
2026-05-17 13:39:56,235 - __main__ - ERROR - Detection loop error: '_thread._local' object has no attribute 'srcdc'
2026-05-17 13:39:56,381 - __main__ - ERROR - Detection loop error: '_thread._local' object has no attribute 'srcdc'
2026-05-17 13:39:56,568 - __main__ - ERROR - Detection loop error: '_thread._local' object has no attribute 'srcdc'
2026-05-17 13:39:56,716 - __main__ - ERROR - Detection loop error: '_thread._local' object has no attribute 'srcdc'
2026-05-17 13:39:56,881 - __main__ - ERROR - Detection loop error: '_thread._local' object has no attribute 'srcdc'
2026-05-17 13:39:56,980 - __main__ - INFO - Found Fortnite window at (0, 0, 1920, 1080)
2026-05-17 13:39:57,022 - __main__ - ERROR - Detection loop error: '_thread._local' object has no attribute 'srcdc'
2026-05-17 13:39:57,209 - __main__ - ERROR - Detection loop error: '_thread._local' object has no attribute 'srcdc'
2026-05-17 13:39:57,363 - __main__ - ERROR - Detection loop error: '_thread._local' object has no attribute 'srcdc'
2026-05-17 13:39:57,521 - __main__ - ERROR - Detection loop error: '_thread._local' object has no attribute 'srcdc'
2026-05-17 13:39:57,706 - __main__ - ERROR - Detection loop error: '_thread._local' object has no attribute 'srcdc'
2026-05-17 13:39:57,854 - __main__ - INFO - Found Fortnite window at (0, 0, 1920, 1080)
2026-05-17 13:39:57,862 - __main__ - ERROR - Detection loop error: '_thread._local' object has no attribute 'srcdc'
2026-05-17 13:39:57,986 - __main__ - ERROR - Detection loop error: '_thread._local' object has no attribute 'srcdc'
2026-05-17 13:39:58,141 - __main__ - ERROR - Detection loop error: '_thread._local' object has no attribute 'srcdc'
2026-05-17 13:39:58,301 - __main__ - ERROR - Detection loop error: '_thread._local' object has no attribute 'srcdc'
2026-05-17 13:39:58,530 - __main__ - ERROR - Detection loop error: '_thread._local' object has no attribute 'srcdc'
2026-05-17 13:39:58,753 - __main__ - ERROR - Detection loop error: '_thread._local' object has no attribute 'srcdc'
2026-05-17 13:39:58,783 - __main__ - INFO - Found Fortnite window at (0, 0, 1920, 1080)
2026-05-17 13:39:58,903 - __main__ - ERROR - Detection loop error: '_thread._local' object has no attribute 'srcdc'
2026-05-17 13:39:59,092 - __main__ - ERROR - Detection loop error: '_thread._local' object has no attribute 'srcdc'
2026-05-17 13:39:59,279 - __main__ - ERROR - Detection loop error: '_thread._local' object has no attribute 'srcdc'
2026-05-17 13:39:59,471 - __main__ - ERROR - Detection loop error: '_thread._local' object has no attribute 'srcdc'
2026-05-17 13:39:59,686 - __main__ - ERROR - Detection loop error: '_thread._local' object has no attribute 'srcdc'
2026-05-17 13:39:59,715 - __main__ - INFO - Found Fortnite window at (0, 0, 1920, 1080)
2026-05-17 13:39:59,832 - __main__ - ERROR - Detection loop error: '_thread._local' object has no attribute 'srcdc'
2026-05-17 13:40:00,033 - __main__ - ERROR - Detection loop error: '_thread._local' object has no attribute 'srcdc'
2026-05-17 13:40:00,205 - __main__ - ERROR - Detection loop error: '_thread._local' object has no attribute 'srcdc'
2026-05-17 13:40:00,406 - __main__ - ERROR - Detection loop error: '_thread._local' object has no attribute 'srcdc'
2026-05-17 13:40:00,530 - __main__ - ERROR - Detection loop error: '_thread._local' object has no attribute 'srcdc'
2026-05-17 13:40:00,606 - __main__ - INFO - Found Fortnite window at (0, 0, 1920, 1080)
2026-05-17 13:40:00,760 - __main__ - ERROR - Detection loop error: '_thread._local' object has no attribute 'srcdc'
2026-05-17 13:40:00,963 - __main__ - ERROR - Detection loop error: '_thread._local' object has no attribute 'srcdc'
2026-05-17 13:40:01,179 - __main__ - ERROR - Detection loop error: '_thread._local' object has no attribute 'srcdc'
2026-05-17 13:40:01,395 - __main__ - ERROR - Detection loop error: '_thread._local' object has no attribute 'srcdc'
2026-05-17 13:40:01,461 - __main__ - INFO - Found Fortnite window at (0, 0, 1920, 1080)
2026-05-17 13:40:01,527 - __main__ - ERROR - Detection loop error: '_thread._local' object has no attribute 'srcdc'
2026-05-17 13:40:01,641 - __main__ - ERROR - Detection loop error: '_thread._local' object has no attribute 'srcdc'
2026-05-17 13:40:01,793 - __main__ - ERROR - Detection loop error: '_thread._local' object has no attribute 'srcdc'
2026-05-17 13:40:02,040 - __main__ - ERROR - Detection loop error: '_thread._local' object has no attribute 'srcdc'
2026-05-17 13:40:02,274 - __main__ - ERROR - Detection loop error: '_thread._local' object has no attribute 'srcdc'
2026-05-17 13:40:02,373 - __main__ - INFO - Found Fortnite window at (0, 0, 1920, 1080)
2026-05-17 13:40:02,507 - __main__ - ERROR - Detection loop error: '_thread._local' object has no attribute 'srcdc'
2026-05-17 13:40:02,679 - __main__ - ERROR - Detection loop error: '_thread._local' object has no attribute 'srcdc'
2026-05-17 13:40:02,821 - __main__ - ERROR - Detection loop error: '_thread._local' object has no attribute 'srcdc'
2026-05-17 13:40:02,958 - __main__ - ERROR - Detection loop error: '_thread._local' object has no attribute 'srcdc'
2026-05-17 13:40:03,196 - __main__ - ERROR - Detection loop error: '_thread._local' object has no attribute 'srcdc'
2026-05-17 13:40:03,231 - __main__ - INFO - Found Fortnite window at (0, 0, 1920, 1080)
2026-05-17 13:40:03,385 - __main__ - ERROR - Detection loop error: '_thread._local' object has no attribute 'srcdc'
2026-05-17 13:40:03,724 - __main__ - ERROR - Detection loop error: '_thread._local' object has no attribute 'srcdc'
2026-05-17 13:40:04,014 - __main__ - ERROR - Detection loop error: '_thread._local' object has no attribute 'srcdc'
2026-05-17 13:40:04,014 - __main__ - INFO - Found Fortnite window at (0, 0, 1920, 1080)
2026-05-17 13:40:04,146 - __main__ - ERROR - Detection loop error: '_thread._local' object has no attribute 'srcdc'
2026-05-17 13:40:04,395 - __main__ - ERROR - Detection loop error: '_thread._local' object has no attribute 'srcdc'
2026-05-17 13:40:04,585 - __main__ - ERROR - Detection loop error: '_thread._local' object has no attribute 'srcdc'
2026-05-17 13:40:04,752 - __main__ - ERROR - Detection loop error: '_thread._local' object has no attribute 'srcdc'
2026-05-17 13:40:04,892 - __main__ - INFO - Found Fortnite window at (0, 0, 1920, 1080)
2026-05-17 13:40:04,925 - __main__ - ERROR - Detection loop error: '_thread._local' object has no attribute 'srcdc'
2026-05-17 13:40:05,051 - __main__ - ERROR - Detection loop error: '_thread._local' object has no attribute 'srcdc'
2026-05-17 13:40:05,317 - __main__ - ERROR - Detection loop error: '_thread._local' object has no attribute 'srcdc'
2026-05-17 13:40:05,599 - __main__ - ERROR - Detection loop error: '_thread._local' object has no attribute 'srcdc'
2026-05-17 13:40:05,800 - __main__ - INFO - Found Fortnite window at (0, 0, 1920, 1080)
2026-05-17 13:40:05,850 - __main__ - ERROR - Detection loop error: '_thread._local' object has no attribute 'srcdc'
2026-05-17 13:40:06,008 - __main__ - ERROR - Detection loop error: '_thread._local' object has no attribute 'srcdc'
2026-05-17 13:40:06,259 - __main__ - ERROR - Detection loop error: '_thread._local' object has no attribute 'srcdc'
2026-05-17 13:40:06,489 - __main__ - ERROR - Detection loop error: '_thread._local' object has no attribute 'srcdc'
2026-05-17 13:40:06,639 - __main__ - ERROR - Detection loop error: '_thread._local' object has no attribute 'srcdc'
2026-05-17 13:40:06,657 - __main__ - INFO - Found Fortnite window at (0, 0, 1920, 1080)
2026-05-17 13:40:06,889 - __main__ - ERROR - Detection loop error: '_thread._local' object has no attribute 'srcdc'
2026-05-17 13:40:07,034 - __main__ - ERROR - Detection loop error: '_thread._local' object has no attribute 'srcdc'
2026-05-17 13:40:07,285 - __main__ - ERROR - Detection loop error: '_thread._local' object has no attribute 'srcdc'
2026-05-17 13:40:07,451 - __main__ - ERROR - Detection loop error: '_thread._local' object has no attribute 'srcdc'
2026-05-17 13:40:07,451 - __main__ - INFO - Found Fortnite window at (0, 0, 1920, 1080)
2026-05-17 13:40:07,571 - __main__ - ERROR - Detection loop error: '_thread._local' object has no attribute 'srcdc'
2026-05-17 13:40:07,817 - __main__ - ERROR - Detection loop error: '_thread._local' object has no attribute 'srcdc'
2026-05-17 13:40:08,040 - __main__ - ERROR - Detection loop error: '_thread._local' object has no attribute 'srcdc'
2026-05-17 13:40:08,234 - __main__ - INFO - Found Fortnite window at (0, 0, 1920, 1080)
2026-05-17 13:40:08,314 - __main__ - ERROR - Detection loop error: '_thread._local' object has no attribute 'srcdc'
2026-05-17 13:40:08,640 - __main__ - ERROR - Detection loop error: '_thread._local' object has no attribute 'srcdc'
2026-05-17 13:40:08,879 - __main__ - ERROR - Detection loop error: '_thread._local' object has no attribute 'srcdc'
2026-05-17 13:40:08,993 - __main__ - INFO - Found Fortnite window at (0, 0, 1920, 1080)
2026-05-17 13:40:09,115 - __main__ - ERROR - Detection loop error: '_thread._local' object has no attribute 'srcdc'
2026-05-17 13:40:09,307 - __main__ - ERROR - Detection loop error: '_thread._local' object has no attribute 'srcdc'
2026-05-17 13:40:09,607 - __main__ - ERROR - Detection loop error: '_thread._local' object has no attribute 'srcdc'
2026-05-17 13:40:09,749 - __main__ - INFO - Found Fortnite window at (0, 0, 1920, 1080)
2026-05-17 13:40:09,862 - __main__ - ERROR - Detection loop error: '_thread._local' object has no attribute 'srcdc'
2026-05-17 13:40:10,142 - __main__ - ERROR - Detection loop error: '_thread._local' object has no attribute 'srcdc'
2026-05-17 13:40:10,347 - __main__ - ERROR - Detection loop error: '_thread._local' object has no attribute 'srcdc'
2026-05-17 13:40:10,526 - __main__ - INFO - Found Fortnite window at (0, 0, 1920, 1080)
2026-05-17 13:40:10,533 - __main__ - ERROR - Detection loop error: '_thread._local' object has no attribute 'srcdc'
2026-05-17 13:40:10,649 - __main__ - ERROR - Detection loop error: '_thread._local' object has no attribute 'srcdc'
2026-05-17 13:40:10,878 - __main__ - ERROR - Detection loop error: '_thread._local' object has no attribute 'srcdc'
2026-05-17 13:40:11,057 - __main__ - ERROR - Detection loop error: '_thread._local' object has no attribute 'srcdc'
2026-05-17 13:40:11,235 - __main__ - ERROR - Detection loop error: '_thread._local' object has no attribute 'srcdc'
2026-05-17 13:40:11,312 - __main__ - INFO - Found Fortnite window at (0, 0, 1920, 1080)
2026-05-17 13:40:11,389 - __main__ - ERROR - Detection loop error: '_thread._local' object has no attribute 'srcdc'
2026-05-17 13:40:11,609 - __main__ - ERROR - Detection loop error: '_thread._local' object has no attribute 'srcdc'
2026-05-17 13:40:11,796 - __main__ - ERROR - Detection loop error: '_thread._local' object has no attribute 'srcdc'
2026-05-17 13:40:11,998 - __main__ - ERROR - Detection loop error: '_thread._local' object has no attribute 'srcdc'
2026-05-17 13:40:12,065 - __main__ - INFO - Found Fortnite window at (0, 0, 1920, 1080)
2026-05-17 13:40:12,199 - __main__ - ERROR - Detection loop error: '_thread._local' object has no attribute 'srcdc'
2026-05-17 13:40:12,418 - __main__ - ERROR - Detection loop error: '_thread._local' object has no attribute 'srcdc'
2026-05-17 13:40:12,685 - __main__ - ERROR - Detection loop error: '_thread._local' object has no attribute 'srcdc'
2026-05-17 13:40:12,770 - __main__ - INFO - Found Fortnite window at (0, 0, 1920, 1080)
2026-05-17 13:40:12,893 - __main__ - ERROR - Detection loop error: '_thread._local' object has no attribute 'srcdc'
2026-05-17 13:40:13,015 - __main__ - ERROR - Detection loop error: '_thread._local' object has no attribute 'srcdc'
2026-05-17 13:40:13,139 - __main__ - ERROR - Detection loop error: '_thread._local' object has no attribute 'srcdc'
2026-05-17 13:40:13,386 - __main__ - ERROR - Detection loop error: '_thread._local' object has no attribute 'srcdc'
2026-05-17 13:40:13,581 - __main__ - ERROR - Detection loop error: '_thread._local' object has no attribute 'srcdc'
2026-05-17 13:40:13,581 - __main__ - INFO - Found Fortnite window at (0, 0, 1920, 1080)
2026-05-17 13:40:13,698 - __main__ - ERROR - Detection loop error: '_thread._local' object has no attribute 'srcdc'
2026-05-17 13:40:13,868 - __main__ - ERROR - Detection loop error: '_thread._local' object has no attribute 'srcdc'
2026-05-17 13:40:14,073 - __main__ - ERROR - Detection loop error: '_thread._local' object has no attribute 'srcdc'
2026-05-17 13:40:14,231 - __main__ - ERROR - Detection loop error: '_thread._local' object has no attribute 'srcdc'
2026-05-17 13:40:14,318 - __main__ - INFO - Found Fortnite window at (0, 0, 1920, 1080)
2026-05-17 13:40:14,411 - __main__ - ERROR - Detection loop error: '_thread._local' object has no attribute 'srcdc'
2026-05-17 13:40:14,558 - __main__ - ERROR - Detection loop error: '_thread._local' object has no attribute 'srcdc'
2026-05-17 13:40:14,743 - __main__ - ERROR - Detection loop error: '_thread._local' object has no attribute 'srcdc'
2026-05-17 13:40:14,883 - __main__ - ERROR - Detection loop error: '_thread._local' object has no attribute 'srcdc'
2026-05-17 13:40:15,053 - __main__ - ERROR - Detection loop error: '_thread._local' object has no attribute 'srcdc'
2026-05-17 13:40:15,173 - __main__ - INFO - Found Fortnite window at (0, 0, 1920, 1080)
2026-05-17 13:40:15,177 - __main__ - ERROR - Detection loop error: '_thread._local' object has no attribute 'srcdc'
2026-05-17 13:40:15,286 - __main__ - ERROR - Detection loop error: '_thread._local' object has no attribute 'srcdc'
2026-05-17 13:40:15,472 - __main__ - ERROR - Detection loop error: '_thread._local' object has no attribute 'srcdc'
2026-05-17 13:40:15,721 - __main__ - ERROR - Detection loop error: '_thread._local' object has no attribute 'srcdc'
2026-05-17 13:40:15,956 - __main__ - ERROR - Detection loop error: '_thread._local' object has no attribute 'srcdc'
2026-05-17 13:40:15,977 - __main__ - INFO - Found Fortnite window at (0, 0, 1920, 1080)
2026-05-17 13:40:16,094 - __main__ - ERROR - Detection loop error: '_thread._local' object has no attribute 'srcdc'
2026-05-17 13:40:16,237 - __main__ - ERROR - Detection loop error: '_thread._local' object has no attribute 'srcdc'
2026-05-17 13:40:16,439 - __main__ - ERROR - Detection loop error: '_thread._local' object has no attribute 'srcdc'
2026-05-17 13:40:16,587 - __main__ - ERROR - Detection loop error: '_thread._local' object has no attribute 'srcdc'
2026-05-17 13:40:16,738 - __main__ - ERROR - Detection loop error: '_thread._local' object has no attribute 'srcdc'
2026-05-17 13:40:16,830 - __main__ - INFO - Found Fortnite window at (0, 0, 1920, 1080)
2026-05-17 13:40:16,956 - __main__ - ERROR - Detection loop error: '_thread._local' object has no attribute 'srcdc'
2026-05-17 13:40:17,129 - __main__ - ERROR - Detection loop error: '_thread._local' object has no attribute 'srcdc'
2026-05-17 13:40:17,269 - __main__ - ERROR - Detection loop error: '_thread._local' object has no attribute 'srcdc'
2026-05-17 13:40:17,424 - __main__ - ERROR - Detection loop error: '_thread._local' object has no attribute 'srcdc'
2026-05-17 13:40:17,626 - __main__ - ERROR - Detection loop error: '_thread._local' object has no attribute 'srcdc'
2026-05-17 13:40:17,822 - __main__ - ERROR - Detection loop error: '_thread._local' object has no attribute 'srcdc'
2026-05-17 13:40:17,822 - __main__ - INFO - Found Fortnite window at (0, 0, 1920, 1080)
2026-05-17 13:40:17,954 - __main__ - ERROR - Detection loop error: '_thread._local' object has no attribute 'srcdc'
2026-05-17 13:40:18,142 - __main__ - ERROR - Detection loop error: '_thread._local' object has no attribute 'srcdc'
2026-05-17 13:40:18,374 - __main__ - ERROR - Detection loop error: '_thread._local' object has no attribute 'srcdc'
2026-05-17 13:40:18,640 - __main__ - ERROR - Detection loop error: '_thread._local' object has no attribute 'srcdc'
2026-05-17 13:40:18,778 - __main__ - ERROR - Detection loop error: '_thread._local' object has no attribute 'srcdc'
2026-05-17 13:40:18,828 - __main__ - INFO - Found Fortnite window at (0, 0, 1920, 1080)
2026-05-17 13:40:18,965 - __main__ - ERROR - Detection loop error: '_thread._local' object has no attribute 'srcdc'
2026-05-17 13:40:19,186 - __main__ - ERROR - Detection loop error: '_thread._local' object has no attribute 'srcdc'
2026-05-17 13:40:19,406 - __main__ - ERROR - Detection loop error: '_thread._local' object has no attribute 'srcdc'
2026-05-17 13:40:19,561 - __main__ - ERROR - Detection loop error: '_thread._local' object has no attribute 'srcdc'
2026-05-17 13:40:19,741 - __main__ - INFO - Found Fortnite window at (0, 0, 1920, 1080)
2026-05-17 13:40:19,741 - __main__ - ERROR - Detection loop error: '_thread._local' object has no attribute 'srcdc'
2026-05-17 13:40:19,887 - __main__ - ERROR - Detection loop error: '_thread._local' object has no attribute 'srcdc'
2026-05-17 13:40:20,058 - __main__ - ERROR - Detection loop error: '_thread._local' object has no attribute 'srcdc'
2026-05-17 13:40:20,245 - __main__ - ERROR - Detection loop error: '_thread._local' object has no attribute 'srcdc'
2026-05-17 13:40:20,367 - __main__ - ERROR - Detection loop error: '_thread._local' object has no attribute 'srcdc'
2026-05-17 13:40:20,509 - __main__ - ERROR - Detection loop error: '_thread._local' object has no attribute 'srcdc'
2026-05-17 13:40:20,595 - __main__ - INFO - Found Fortnite window at (0, 0, 1920, 1080)
2026-05-17 13:40:20,725 - __main__ - ERROR - Detection loop error: '_thread._local' object has no attribute 'srcdc'
2026-05-17 13:40:20,945 - __main__ - ERROR - Detection loop error: '_thread._local' object has no attribute 'srcdc'
2026-05-17 13:40:21,086 - __main__ - ERROR - Detection loop error: '_thread._local' object has no attribute 'srcdc'
2026-05-17 13:40:21,336 - __main__ - ERROR - Detection loop error: '_thread._local' object has no attribute 'srcdc'
2026-05-17 13:40:21,440 - __main__ - INFO - Found Fortnite window at (0, 0, 1920, 1080)
2026-05-17 13:40:21,551 - __main__ - ERROR - Detection loop error: '_thread._local' object has no attribute 'srcdc'
2026-05-17 13:40:21,708 - __main__ - ERROR - Detection loop error: '_thread._local' object has no attribute 'srcdc'
2026-05-17 13:40:21,881 - __main__ - ERROR - Detection loop error: '_thread._local' object has no attribute 'srcdc'
2026-05-17 13:40:22,113 - __main__ - ERROR - Detection loop error: '_thread._local' object has no attribute 'srcdc'
2026-05-17 13:40:22,273 - __main__ - INFO - Found Fortnite window at (0, 0, 1920, 1080)
2026-05-17 13:40:22,302 - __main__ - ERROR - Detection loop error: '_thread._local' object has no attribute 'srcdc'
2026-05-17 13:40:22,455 - __main__ - ERROR - Detection loop error: '_thread._local' object has no attribute 'srcdc'
2026-05-17 13:40:22,627 - __main__ - ERROR - Detection loop error: '_thread._local' object has no attribute 'srcdc'
2026-05-17 13:40:22,952 - __main__ - ERROR - Detection loop error: '_thread._local' object has no attribute 'srcdc'
2026-05-17 13:40:23,131 - __main__ - ERROR - Detection loop error: '_thread._local' object has no attribute 'srcdc'
2026-05-17 13:40:23,165 - __main__ - INFO - Found Fortnite window at (0, 0, 1920, 1080)
2026-05-17 13:40:23,263 - __main__ - ERROR - Detection loop error: '_thread._local' object has no attribute 'srcdc'
2026-05-17 13:40:23,389 - __main__ - ERROR - Detection loop error: '_thread._local' object has no attribute 'srcdc'
2026-05-17 13:40:23,560 - __main__ - ERROR - Detection loop error: '_thread._local' object has no attribute 'srcdc'
2026-05-17 13:40:23,730 - __main__ - ERROR - Detection loop error: '_thread._local' object has no attribute 'srcdc'
2026-05-17 13:40:23,979 - __main__ - ERROR - Detection loop error: '_thread._local' object has no attribute 'srcdc'
2026-05-17 13:40:24,049 - __main__ - INFO - Found Fortnite window at (0, 0, 1920, 1080)
2026-05-17 13:40:24,183 - __main__ - ERROR - Detection loop error: '_thread._local' object has no attribute 'srcdc'
2026-05-17 13:40:24,416 - __main__ - ERROR - Detection loop error: '_thread._local' object has no attribute 'srcdc'
2026-05-17 13:40:24,574 - __main__ - ERROR - Detection loop error: '_thread._local' object has no attribute 'srcdc'
2026-05-17 13:40:24,775 - __main__ - ERROR - Detection loop error: '_thread._local' object has no attribute 'srcdc'
2026-05-17 13:40:24,910 - __main__ - INFO - Found Fortnite window at (0, 0, 1920, 1080)
2026-05-17 13:40:24,962 - __main__ - ERROR - Detection loop error: '_thread._local' object has no attribute 'srcdc'
2026-05-17 13:40:25,087 - __main__ - ERROR - Detection loop error: '_thread._local' object has no attribute 'srcdc'
2026-05-17 13:40:25,295 - __main__ - ERROR - Detection loop error: '_thread._local' object has no attribute 'srcdc'
2026-05-17 13:40:25,555 - __main__ - ERROR - Detection loop error: '_thread._local' object has no attribute 'srcdc'
2026-05-17 13:40:25,727 - __main__ - ERROR - Detection loop error: '_thread._local' object has no attribute 'srcdc'
2026-05-17 13:40:25,834 - __main__ - INFO - Found Fortnite window at (0, 0, 1920, 1080)
2026-05-17 13:40:25,962 - __main__ - ERROR - Detection loop error: '_thread._local' object has no attribute 'srcdc'
2026-05-17 13:40:26,338 - __main__ - ERROR - Detection loop error: '_thread._local' object has no attribute 'srcdc'
2026-05-17 13:40:26,507 - __main__ - ERROR - Detection loop error: '_thread._local' object has no attribute 'srcdc'
2026-05-17 13:40:26,669 - __main__ - INFO - Found Fortnite window at (0, 0, 1920, 1080)
2026-05-17 13:40:26,680 - __main__ - ERROR - Detection loop error: '_thread._local' object has no attribute 'srcdc'
2026-05-17 13:40:26,799 - __main__ - ERROR - Detection loop error: '_thread._local' object has no attribute 'srcdc'
2026-05-17 13:40:26,978 - __main__ - ERROR - Detection loop error: '_thread._local' object has no attribute 'srcdc'
2026-05-17 13:40:27,229 - __main__ - ERROR - Detection loop error: '_thread._local' object has no attribute 'srcdc'
2026-05-17 13:40:27,377 - __main__ - ERROR - Detection loop error: '_thread._local' object has no attribute 'srcdc'
2026-05-17 13:40:27,510 - __main__ - INFO - Found Fortnite window at (0, 0, 1920, 1080)
2026-05-17 13:40:27,558 - __main__ - ERROR - Detection loop error: '_thread._local' object has no attribute 'srcdc'
2026-05-17 13:40:27,715 - __main__ - ERROR - Detection loop error: '_thread._local' object has no attribute 'srcdc'
2026-05-17 13:40:27,855 - __main__ - ERROR - Detection loop error: '_thread._local' object has no attribute 'srcdc'
2026-05-17 13:40:28,011 - __main__ - ERROR - Detection loop error: '_thread._local' object has no attribute 'srcdc'
2026-05-17 13:40:28,199 - __main__ - ERROR - Detection loop error: '_thread._local' object has no attribute 'srcdc'
2026-05-17 13:40:28,343 - __main__ - INFO - Found Fortnite window at (0, 0, 1920, 1080)
2026-05-17 13:40:28,372 - __main__ - ERROR - Detection loop error: '_thread._local' object has no attribute 'srcdc'
2026-05-17 13:40:28,496 - __main__ - ERROR - Detection loop error: '_thread._local' object has no attribute 'srcdc'
2026-05-17 13:40:28,637 - __main__ - ERROR - Detection loop error: '_thread._local' object has no attribute 'srcdc'
2026-05-17 13:40:28,847 - __main__ - ERROR - Detection loop error: '_thread._local' object has no attribute 'srcdc'
2026-05-17 13:40:29,009 - __main__ - ERROR - Detection loop error: '_thread._local' object has no attribute 'srcdc'
2026-05-17 13:40:29,212 - __main__ - ERROR - Detection loop error: '_thread._local' object has no attribute 'srcdc'
2026-05-17 13:40:29,261 - __main__ - INFO - Found Fortnite window at (0, 0, 1920, 1080)
2026-05-17 13:40:29,367 - __main__ - ERROR - Detection loop error: '_thread._local' object has no attribute 'srcdc'
2026-05-17 13:40:29,540 - __main__ - ERROR - Detection loop error: '_thread._local' object has no attribute 'srcdc'
2026-05-17 13:40:29,712 - __main__ - ERROR - Detection loop error: '_thread._local' object has no attribute 'srcdc'
2026-05-17 13:40:29,958 - __main__ - ERROR - Detection loop error: '_thread._local' object has no attribute 'srcdc'
2026-05-17 13:40:30,055 - __main__ - INFO - Found Fortnite window at (0, 0, 1920, 1080)
2026-05-17 13:40:30,098 - __main__ - ERROR - Detection loop error: '_thread._local' object has no attribute 'srcdc'
2026-05-17 13:40:30,206 - __main__ - ERROR - Detection loop error: '_thread._local' object has no attribute 'srcdc'
2026-05-17 13:40:30,354 - __main__ - ERROR - Detection loop error: '_thread._local' object has no attribute 'srcdc'
2026-05-17 13:40:30,503 - __main__ - ERROR - Detection loop error: '_thread._local' object has no attribute 'srcdc'
2026-05-17 13:40:30,738 - __main__ - ERROR - Detection loop error: '_thread._local' object has no attribute 'srcdc'
2026-05-17 13:40:30,910 - __main__ - ERROR - Detection loop error: '_thread._local' object has no attribute 'srcdc'
2026-05-17 13:40:30,984 - __main__ - INFO - Found Fortnite window at (0, 0, 1920, 1080)
2026-05-17 13:40:31,158 - __main__ - ERROR - Detection loop error: '_thread._local' object has no attribute 'srcdc'
2026-05-17 13:40:31,439 - __main__ - ERROR - Detection loop error: '_thread._local' object has no attribute 'srcdc'
2026-05-17 13:40:31,733 - __main__ - ERROR - Detection loop error: '_thread._local' object has no attribute 'srcdc'
2026-05-17 13:40:31,825 - __main__ - INFO - Found Fortnite window at (0, 0, 1920, 1080)
2026-05-17 13:40:31,934 - __main__ - ERROR - Detection loop error: '_thread._local' object has no attribute 'srcdc'
2026-05-17 13:40:32,056 - __main__ - ERROR - Detection loop error: '_thread._local' object has no attribute 'srcdc'
2026-05-17 13:40:32,255 - __main__ - ERROR - Detection loop error: '_thread._local' object has no attribute 'srcdc'
2026-05-17 13:40:32,427 - __main__ - ERROR - Detection loop error: '_thread._local' object has no attribute 'srcdc'
2026-05-17 13:40:32,690 - __main__ - ERROR - Detection loop error: '_thread._local' object has no attribute 'srcdc'
2026-05-17 13:40:32,736 - __main__ - INFO - Found Fortnite window at (0, 0, 1920, 1080)
2026-05-17 13:40:32,862 - __main__ - ERROR - Detection loop error: '_thread._local' object has no attribute 'srcdc'
2026-05-17 13:40:32,988 - __main__ - ERROR - Detection loop error: '_thread._local' object has no attribute 'srcdc'
2026-05-17 13:40:33,175 - __main__ - ERROR - Detection loop error: '_thread._local' object has no attribute 'srcdc'
2026-05-17 13:40:33,361 - __main__ - ERROR - Detection loop error: '_thread._local' object has no attribute 'srcdc'
2026-05-17 13:40:33,517 - __main__ - ERROR - Detection loop error: '_thread._local' object has no attribute 'srcdc'
2026-05-17 13:40:33,531 - __main__ - INFO - Found Fortnite window at (0, 0, 1920, 1080)
2026-05-17 13:40:33,659 - __main__ - ERROR - Detection loop error: '_thread._local' object has no attribute 'srcdc'
2026-05-17 13:40:33,855 - __main__ - ERROR - Detection loop error: '_thread._local' object has no attribute 'srcdc'
2026-05-17 13:40:34,033 - __main__ - ERROR - Detection loop error: '_thread._local' object has no attribute 'srcdc'
2026-05-17 13:40:34,237 - __main__ - ERROR - Detection loop error: '_thread._local' object has no attribute 'srcdc'
2026-05-17 13:40:34,322 - __main__ - INFO - Found Fortnite window at (0, 0, 1920, 1080)
2026-05-17 13:40:34,393 - __main__ - ERROR - Detection loop error: '_thread._local' object has no attribute 'srcdc'
2026-05-17 13:40:34,578 - __main__ - ERROR - Detection loop error: '_thread._local' object has no attribute 'srcdc'
2026-05-17 13:40:34,765 - __main__ - ERROR - Detection loop error: '_thread._local' object has no attribute 'srcdc'
2026-05-17 13:40:34,935 - __main__ - ERROR - Detection loop error: '_thread._local' object has no attribute 'srcdc'
2026-05-17 13:40:35,062 - __main__ - ERROR - Detection loop error: '_thread._local' object has no attribute 'srcdc'
2026-05-17 13:40:35,157 - __main__ - INFO - Found Fortnite window at (0, 0, 1920, 1080)
2026-05-17 13:40:35,217 - __main__ - ERROR - Detection loop error: '_thread._local' object has no attribute 'srcdc'
2026-05-17 13:40:35,404 - __main__ - ERROR - Detection loop error: '_thread._local' object has no attribute 'srcdc'
2026-05-17 13:40:35,608 - __main__ - ERROR - Detection loop error: '_thread._local' object has no attribute 'srcdc'
2026-05-17 13:40:35,750 - __main__ - ERROR - Detection loop error: '_thread._local' object has no attribute 'srcdc'
2026-05-17 13:40:35,951 - __main__ - ERROR - Detection loop error: '_thread._local' object has no attribute 'srcdc'
2026-05-17 13:40:36,081 - __main__ - INFO - Found Fortnite window at (0, 0, 1920, 1080)
2026-05-17 13:40:37,116 - __main__ - INFO - Found Fortnite window at (0, 0, 1920, 1080)
2026-05-17 13:40:38,043 - __main__ - INFO - Found Fortnite window at (0, 0, 1920, 1080)
2026-05-17 13:40:38,088 - __main__ - ERROR - Detection loop error: '_thread._local' object has no attribute 'srcdc'
2026-05-17 13:40:38,291 - __main__ - ERROR - Detection loop error: '_thread._local' object has no attribute 'srcdc'
2026-05-17 13:40:38,446 - __main__ - ERROR - Detection loop error: '_thread._local' object has no attribute 'srcdc'
2026-05-17 13:40:38,665 - __main__ - ERROR - Detection loop error: '_thread._local' object has no attribute 'srcdc'
2026-05-17 13:40:38,931 - __main__ - ERROR - Detection loop error: '_thread._local' object has no attribute 'srcdc'
2026-05-17 13:40:39,043 - __main__ - INFO - Found Fortnite window at (0, 0, 1920, 1080)
2026-05-17 13:40:39,165 - __main__ - ERROR - Detection loop error: '_thread._local' object has no attribute 'srcdc'
2026-05-17 13:40:39,320 - __main__ - ERROR - Detection loop error: '_thread._local' object has no attribute 'srcdc'
2026-05-17 13:40:39,478 - __main__ - ERROR - Detection loop error: '_thread._local' object has no attribute 'srcdc'
2026-05-17 13:40:39,635 - __main__ - ERROR - Detection loop error: '_thread._local' object has no attribute 'srcdc'
2026-05-17 13:40:39,790 - __main__ - ERROR - Detection loop error: '_thread._local' object has no attribute 'srcdc'
2026-05-17 13:40:39,993 - __main__ - ERROR - Detection loop error: '_thread._local' object has no attribute 'srcdc'
2026-05-17 13:40:40,061 - __main__ - INFO - Found Fortnite window at (0, 0, 1920, 1080)
2026-05-17 13:40:40,205 - __main__ - ERROR - Detection loop error: '_thread._local' object has no attribute 'srcdc'
2026-05-17 13:40:40,486 - __main__ - ERROR - Detection loop error: '_thread._local' object has no attribute 'srcdc'
2026-05-17 13:40:40,736 - __main__ - ERROR - Detection loop error: '_thread._local' object has no attribute 'srcdc'
2026-05-17 13:40:40,993 - __main__ - INFO - Found Fortnite window at (0, 0, 1920, 1080)
2026-05-17 13:40:41,017 - __main__ - ERROR - Detection loop error: '_thread._local' object has no attribute 'srcdc'
2026-05-17 13:40:41,140 - __main__ - ERROR - Detection loop error: '_thread._local' object has no attribute 'srcdc'
2026-05-17 13:40:41,421 - __main__ - ERROR - Detection loop error: '_thread._local' object has no attribute 'srcdc'
2026-05-17 13:40:41,562 - __main__ - ERROR - Detection loop error: '_thread._local' object has no attribute 'srcdc'
2026-05-17 13:40:41,750 - __main__ - ERROR - Detection loop error: '_thread._local' object has no attribute 'srcdc'
2026-05-17 13:40:41,904 - __main__ - INFO - Found Fortnite window at (0, 0, 1920, 1080)
2026-05-17 13:40:42,033 - __main__ - ERROR - Detection loop error: '_thread._local' object has no attribute 'srcdc'
2026-05-17 13:40:42,158 - __main__ - ERROR - Detection loop error: '_thread._local' object has no attribute 'srcdc'
2026-05-17 13:40:42,403 - __main__ - ERROR - Detection loop error: '_thread._local' object has no attribute 'srcdc'
2026-05-17 13:40:42,589 - __main__ - ERROR - Detection loop error: '_thread._local' object has no attribute 'srcdc'
2026-05-17 13:40:42,808 - __main__ - ERROR - Detection loop error: '_thread._local' object has no attribute 'srcdc'
2026-05-17 13:40:42,827 - __main__ - INFO - Found Fortnite window at (0, 0, 1920, 1080)
2026-05-17 13:40:42,948 - __main__ - ERROR - Detection loop error: '_thread._local' object has no attribute 'srcdc'
2026-05-17 13:40:43,118 - __main__ - ERROR - Detection loop error: '_thread._local' object has no attribute 'srcdc'
2026-05-17 13:40:43,381 - __main__ - ERROR - Detection loop error: '_thread._local' object has no attribute 'srcdc'
2026-05-17 13:40:43,567 - __main__ - ERROR - Detection loop error: '_thread._local' object has no attribute 'srcdc'
2026-05-17 13:40:43,651 - __main__ - INFO - Found Fortnite window at (0, 0, 1920, 1080)
2026-05-17 13:40:43,786 - __main__ - ERROR - Detection loop error: '_thread._local' object has no attribute 'srcdc'
2026-05-17 13:40:43,948 - __main__ - ERROR - Detection loop error: '_thread._local' object has no attribute 'srcdc'
2026-05-17 13:40:44,099 - __main__ - ERROR - Detection loop error: '_thread._local' object has no attribute 'srcdc'
2026-05-17 13:40:44,255 - __main__ - ERROR - Detection loop error: '_thread._local' object has no attribute 'srcdc'
2026-05-17 13:40:44,468 - __main__ - ERROR - Detection loop error: '_thread._local' object has no attribute 'srcdc'
2026-05-17 13:40:44,468 - __main__ - INFO - Found Fortnite window at (0, 0, 1920, 1080)
2026-05-17 13:40:44,721 - __main__ - ERROR - Detection loop error: '_thread._local' object has no attribute 'srcdc'
2026-05-17 13:40:44,907 - __main__ - ERROR - Detection loop error: '_thread._local' object has no attribute 'srcdc'
2026-05-17 13:40:45,080 - __main__ - ERROR - Detection loop error: '_thread._local' object has no attribute 'srcdc'
2026-05-17 13:40:45,220 - __main__ - ERROR - Detection loop error: '_thread._local' object has no attribute 'srcdc'
2026-05-17 13:40:45,416 - __main__ - ERROR - Detection loop error: '_thread._local' object has no attribute 'srcdc'
2026-05-17 13:40:45,466 - __main__ - INFO - Found Fortnite window at (0, 0, 1920, 1080)
2026-05-17 13:40:45,596 - __main__ - ERROR - Detection loop error: '_thread._local' object has no attribute 'srcdc'
2026-05-17 13:40:45,797 - __main__ - ERROR - Detection loop error: '_thread._local' object has no attribute 'srcdc'
2026-05-17 13:40:45,952 - __main__ - ERROR - Detection loop error: '_thread._local' object has no attribute 'srcdc'
2026-05-17 13:40:46,124 - __main__ - ERROR - Detection loop error: '_thread._local' object has no attribute 'srcdc'
2026-05-17 13:40:46,327 - __main__ - ERROR - Detection loop error: '_thread._local' object has no attribute 'srcdc'
2026-05-17 13:40:46,425 - __main__ - INFO - Found Fortnite window at (0, 0, 1920, 1080)
2026-05-17 13:40:46,480 - __main__ - ERROR - Detection loop error: '_thread._local' object has no attribute 'srcdc'
2026-05-17 13:40:46,604 - __main__ - ERROR - Detection loop error: '_thread._local' object has no attribute 'srcdc'
2026-05-17 13:40:46,837 - __main__ - ERROR - Detection loop error: '_thread._local' object has no attribute 'srcdc'
2026-05-17 13:40:47,085 - __main__ - ERROR - Detection loop error: '_thread._local' object has no attribute 'srcdc'
2026-05-17 13:40:47,230 - __main__ - ERROR - Detection loop error: '_thread._local' object has no attribute 'srcdc'
2026-05-17 13:40:47,306 - __main__ - INFO - Found Fortnite window at (0, 0, 1920, 1080)
2026-05-17 13:40:47,385 - __main__ - ERROR - Detection loop error: '_thread._local' object has no attribute 'srcdc'
2026-05-17 13:40:47,508 - __main__ - ERROR - Detection loop error: '_thread._local' object has no attribute 'srcdc'
2026-05-17 13:40:47,650 - __main__ - ERROR - Detection loop error: '_thread._local' object has no attribute 'srcdc'
2026-05-17 13:40:47,827 - __main__ - ERROR - Detection loop error: '_thread._local' object has no attribute 'srcdc'
2026-05-17 13:40:47,961 - __main__ - ERROR - Detection loop error: '_thread._local' object has no attribute 'srcdc'
2026-05-17 13:40:48,086 - __main__ - ERROR - Detection loop error: '_thread._local' object has no attribute 'srcdc'
2026-05-17 13:40:48,159 - __main__ - INFO - Found Fortnite window at (0, 0, 1920, 1080)
2026-05-17 13:40:48,257 - __main__ - ERROR - Detection loop error: '_thread._local' object has no attribute 'srcdc'
2026-05-17 13:40:48,412 - __main__ - ERROR - Detection loop error: '_thread._local' object has no attribute 'srcdc'
2026-05-17 13:40:48,630 - __main__ - ERROR - Detection loop error: '_thread._local' object has no attribute 'srcdc'
2026-05-17 13:40:48,786 - __main__ - ERROR - Detection loop error: '_thread._local' object has no attribute 'srcdc'
2026-05-17 13:40:48,953 - __main__ - ERROR - Detection loop error: '_thread._local' object has no attribute 'srcdc'
2026-05-17 13:40:49,017 - __main__ - INFO - Found Fortnite window at (0, 0, 1920, 1080)
2026-05-17 13:40:49,101 - __main__ - ERROR - Detection loop error: '_thread._local' object has no attribute 'srcdc'
2026-05-17 13:40:49,227 - __main__ - ERROR - Detection loop error: '_thread._local' object has no attribute 'srcdc'
2026-05-17 13:40:49,417 - __main__ - ERROR - Detection loop error: '_thread._local' object has no attribute 'srcdc'
2026-05-17 13:40:49,567 - __main__ - ERROR - Detection loop error: '_thread._local' object has no attribute 'srcdc'
2026-05-17 13:40:49,722 - __main__ - ERROR - Detection loop error: '_thread._local' object has no attribute 'srcdc'
2026-05-17 13:40:49,803 - __main__ - INFO - Found Fortnite window at (0, 0, 1920, 1080)
2026-05-17 13:40:49,878 - __main__ - ERROR - Detection loop error: '_thread._local' object has no attribute 'srcdc'
2026-05-17 13:40:50,003 - __main__ - ERROR - Detection loop error: '_thread._local' object has no attribute 'srcdc'
2026-05-17 13:40:50,174 - __main__ - ERROR - Detection loop error: '_thread._local' object has no attribute 'srcdc'
2026-05-17 13:40:50,314 - __main__ - ERROR - Detection loop error: '_thread._local' object has no attribute 'srcdc'
2026-05-17 13:40:50,512 - __main__ - ERROR - Detection loop error: '_thread._local' object has no attribute 'srcdc'
2026-05-17 13:40:50,722 - __main__ - INFO - Found Fortnite window at (0, 0, 1920, 1080)
2026-05-17 13:40:50,767 - __main__ - ERROR - Detection loop error: '_thread._local' object has no attribute 'srcdc'
2026-05-17 13:40:50,889 - __main__ - ERROR - Detection loop error: '_thread._local' object has no attribute 'srcdc'
2026-05-17 13:40:51,281 - __main__ - ERROR - Detection loop error: '_thread._local' object has no attribute 'srcdc'
2026-05-17 13:40:51,531 - __main__ - ERROR - Detection loop error: '_thread._local' object has no attribute 'srcdc'
2026-05-17 13:40:51,576 - __main__ - INFO - Found Fortnite window at (0, 0, 1920, 1080)
2026-05-17 13:40:51,700 - __main__ - ERROR - Detection loop error: '_thread._local' object has no attribute 'srcdc'
2026-05-17 13:40:51,860 - __main__ - ERROR - Detection loop error: '_thread._local' object has no attribute 'srcdc'
2026-05-17 13:40:52,016 - __main__ - ERROR - Detection loop error: '_thread._local' object has no attribute 'srcdc'
2026-05-17 13:40:52,300 - __main__ - INFO - Found Fortnite window at (0, 0, 1920, 1080)
2026-05-17 13:40:52,326 - __main__ - ERROR - Detection loop error: '_thread._local' object has no attribute 'srcdc'
2026-05-17 13:40:52,467 - __main__ - ERROR - Detection loop error: '_thread._local' object has no attribute 'srcdc'
2026-05-17 13:40:52,609 - __main__ - ERROR - Detection loop error: '_thread._local' object has no attribute 'srcdc'
2026-05-17 13:40:52,810 - __main__ - ERROR - Detection loop error: '_thread._local' object has no attribute 'srcdc'
2026-05-17 13:40:52,988 - __main__ - ERROR - Detection loop error: '_thread._local' object has no attribute 'srcdc'
2026-05-17 13:40:53,184 - __main__ - ERROR - Detection loop error: '_thread._local' object has no attribute 'srcdc'
2026-05-17 13:40:53,185 - __main__ - INFO - Found Fortnite window at (0, 0, 1920, 1080)
2026-05-17 13:40:53,309 - __main__ - ERROR - Detection loop error: '_thread._local' object has no attribute 'srcdc'
2026-05-17 13:40:53,463 - __main__ - ERROR - Detection loop error: '_thread._local' object has no attribute 'srcdc'
2026-05-17 13:40:53,651 - __main__ - ERROR - Detection loop error: '_thread._local' object has no attribute 'srcdc'
2026-05-17 13:40:53,822 - __main__ - ERROR - Detection loop error: '_thread._local' object has no attribute 'srcdc'
2026-05-17 13:40:54,043 - __main__ - ERROR - Detection loop error: '_thread._local' object has no attribute 'srcdc'
2026-05-17 13:40:54,124 - __main__ - INFO - Found Fortnite window at (0, 0, 1920, 1080)
2026-05-17 13:40:54,275 - __main__ - ERROR - Detection loop error: '_thread._local' object has no attribute 'srcdc'
2026-05-17 13:40:54,462 - __main__ - ERROR - Detection loop error: '_thread._local' object has no attribute 'srcdc'
2026-05-17 13:40:54,679 - __main__ - ERROR - Detection loop error: '_thread._local' object has no attribute 'srcdc'
2026-05-17 13:40:54,900 - __main__ - ERROR - Detection loop error: '_thread._local' object has no attribute 'srcdc'
2026-05-17 13:40:55,043 - __main__ - INFO - Found Fortnite window at (0, 0, 1920, 1080)
2026-05-17 13:40:55,043 - __main__ - ERROR - Detection loop error: '_thread._local' object has no attribute 'srcdc'
2026-05-17 13:40:55,146 - __main__ - ERROR - Detection loop error: '_thread._local' object has no attribute 'srcdc'
2026-05-17 13:40:55,255 - __main__ - ERROR - Detection loop error: '_thread._local' object has no attribute 'srcdc'
2026-05-17 13:40:55,551 - __main__ - ERROR - Detection loop error: '_thread._local' object has no attribute 'srcdc'
2026-05-17 13:40:55,801 - __main__ - ERROR - Detection loop error: '_thread._local' object has no attribute 'srcdc'
2026-05-17 13:40:56,018 - __main__ - INFO - Found Fortnite window at (0, 0, 1920, 1080)
2026-05-17 13:40:56,020 - __main__ - ERROR - Detection loop error: '_thread._local' object has no attribute 'srcdc'
2026-05-17 13:40:56,132 - __main__ - ERROR - Detection loop error: '_thread._local' object has no attribute 'srcdc'
2026-05-17 13:40:56,256 - __main__ - ERROR - Detection loop error: '_thread._local' object has no attribute 'srcdc'
2026-05-17 13:40:56,488 - __main__ - ERROR - Detection loop error: '_thread._local' object has no attribute 'srcdc'
2026-05-17 13:40:56,751 - __main__ - ERROR - Detection loop error: '_thread._local' object has no attribute 'srcdc'
2026-05-17 13:40:56,992 - __main__ - ERROR - Detection loop error: '_thread._local' object has no attribute 'srcdc'
2026-05-17 13:40:56,992 - __main__ - INFO - Found Fortnite window at (0, 0, 1920, 1080)
2026-05-17 13:40:57,123 - __main__ - ERROR - Detection loop error: '_thread._local' object has no attribute 'srcdc'
2026-05-17 13:40:57,481 - __main__ - ERROR - Detection loop error: '_thread._local' object has no attribute 'srcdc'
2026-05-17 13:40:57,753 - __main__ - ERROR - Detection loop error: '_thread._local' object has no attribute 'srcdc'
2026-05-17 13:40:57,899 - __main__ - INFO - Found Fortnite window at (0, 0, 1920, 1080)
2026-05-17 13:40:57,901 - __main__ - ERROR - Detection loop error: '_thread._local' object has no attribute 'srcdc'
2026-05-17 13:40:58,025 - __main__ - ERROR - Detection loop error: '_thread._local' object has no attribute 'srcdc'
2026-05-17 13:40:58,306 - __main__ - ERROR - Detection loop error: '_thread._local' object has no attribute 'srcdc'
2026-05-17 13:40:58,542 - __main__ - ERROR - Detection loop error: '_thread._local' object has no attribute 'srcdc'
2026-05-17 13:40:58,790 - __main__ - ERROR - Detection loop error: '_thread._local' object has no attribute 'srcdc'
2026-05-17 13:40:58,891 - __main__ - INFO - Found Fortnite window at (0, 0, 1920, 1080)
2026-05-17 13:40:58,963 - __main__ - ERROR - Detection loop error: '_thread._local' object has no attribute 'srcdc'
2026-05-17 13:40:59,080 - __main__ - ERROR - Detection loop error: '_thread._local' object has no attribute 'srcdc'
2026-05-17 13:40:59,384 - __main__ - ERROR - Detection loop error: '_thread._local' object has no attribute 'srcdc'
2026-05-17 13:40:59,633 - __main__ - ERROR - Detection loop error: '_thread._local' object has no attribute 'srcdc'
2026-05-17 13:40:59,884 - __main__ - INFO - Found Fortnite window at (0, 0, 1920, 1080)
2026-05-17 13:40:59,991 - __main__ - ERROR - Detection loop error: '_thread._local' object has no attribute 'srcdc'
2026-05-17 13:41:00,318 - __main__ - ERROR - Detection loop error: '_thread._local' object has no attribute 'srcdc'
2026-05-17 13:41:00,584 - __main__ - ERROR - Detection loop error: '_thread._local' object has no attribute 'srcdc'
2026-05-17 13:41:00,584 - __main__ - INFO - Found Fortnite window at (0, 0, 1920, 1080)
2026-05-17 13:41:00,749 - __main__ - ERROR - Detection loop error: '_thread._local' object has no attribute 'srcdc'
2026-05-17 13:41:01,147 - __main__ - ERROR - Detection loop error: '_thread._local' object has no attribute 'srcdc'
2026-05-17 13:41:01,147 - __main__ - INFO - Found Fortnite window at (0, 0, 1920, 1080)
2026-05-17 13:41:01,285 - __main__ - ERROR - Detection loop error: '_thread._local' object has no attribute 'srcdc'
2026-05-17 13:41:01,524 - __main__ - ERROR - Detection loop error: '_thread._local' object has no attribute 'srcdc'
2026-05-17 13:41:01,659 - __main__ - INFO - Found Fortnite window at (0, 0, 1920, 1080)
2026-05-17 13:41:01,785 - __main__ - ERROR - Detection loop error: '_thread._local' object has no attribute 'srcdc'
2026-05-17 13:41:02,065 - __main__ - ERROR - Detection loop error: '_thread._local' object has no attribute 'srcdc'
2026-05-17 13:41:02,224 - __main__ - INFO - Found Fortnite window at (0, 0, 1920, 1080)
2026-05-17 13:41:02,457 - __main__ - ERROR - Detection loop error: '_thread._local' object has no attribute 'srcdc'
2026-05-17 13:41:02,834 - __main__ - ERROR - Detection loop error: '_thread._local' object has no attribute 'srcdc'
2026-05-17 13:41:02,835 - __main__ - INFO - Found Fortnite window at (0, 0, 1920, 1080)
2026-05-17 13:41:03,125 - __main__ - ERROR - Detection loop error: '_thread._local' object has no attribute 'srcdc'
2026-05-17 13:41:03,423 - __main__ - ERROR - Detection loop error: '_thread._local' object has no attribute 'srcdc'
2026-05-17 13:41:03,570 - __main__ - INFO - Found Fortnite window at (0, 0, 1920, 1080)
2026-05-17 13:41:03,629 - __main__ - ERROR - Detection loop error: '_thread._local' object has no attribute 'srcdc'
2026-05-17 13:41:03,799 - __main__ - ERROR - Detection loop error: '_thread._local' object has no attribute 'srcdc'
2026-05-17 13:41:03,972 - __main__ - ERROR - Detection loop error: '_thread._local' object has no attribute 'srcdc'
2026-05-17 13:41:04,239 - __main__ - ERROR - Detection loop error: '_thread._local' object has no attribute 'srcdc'
2026-05-17 13:41:04,271 - __main__ - INFO - Found Fortnite window at (0, 0, 1920, 1080)
2026-05-17 13:41:04,472 - __main__ - ERROR - Detection loop error: '_thread._local' object has no attribute 'srcdc'
2026-05-17 13:41:04,840 - __main__ - ERROR - Detection loop error: '_thread._local' object has no attribute 'srcdc'
2026-05-17 13:41:05,085 - __main__ - INFO - Found Fortnite window at (0, 0, 1920, 1080)
2026-05-17 13:41:05,095 - __main__ - ERROR - Detection loop error: '_thread._local' object has no attribute 'srcdc'
2026-05-17 13:41:05,217 - __main__ - ERROR - Detection loop error: '_thread._local' object has no attribute 'srcdc'
2026-05-17 13:41:05,454 - __main__ - ERROR - Detection loop error: '_thread._local' object has no attribute 'srcdc'
2026-05-17 13:41:05,617 - __main__ - ERROR - Detection loop error: '_thread._local' object has no attribute 'srcdc'
2026-05-17 13:41:05,731 - __main__ - INFO - Found Fortnite window at (0, 0, 1920, 1080)
2026-05-17 13:41:05,870 - __main__ - ERROR - Detection loop error: '_thread._local' object has no attribute 'srcdc'
2026-05-17 13:41:06,121 - __main__ - ERROR - Detection loop error: '_thread._local' object has no attribute 'srcdc'
2026-05-17 13:41:06,282 - __main__ - INFO - Found Fortnite window at (0, 0, 1920, 1080)
2026-05-17 13:41:06,406 - __main__ - ERROR - Detection loop error: '_thread._local' object has no attribute 'srcdc'
2026-05-17 13:41:06,697 - __main__ - ERROR - Detection loop error: '_thread._local' object has no attribute 'srcdc'
2026-05-17 13:41:06,852 - __main__ - INFO - Found Fortnite window at (0, 0, 1920, 1080)
2026-05-17 13:41:06,916 - __main__ - ERROR - Detection loop error: '_thread._local' object has no attribute 'srcdc'
2026-05-17 13:41:07,104 - __main__ - ERROR - Detection loop error: '_thread._local' object has no attribute 'srcdc'
2026-05-17 13:41:07,317 - __main__ - ERROR - Detection loop error: '_thread._local' object has no attribute 'srcdc'
2026-05-17 13:41:07,403 - __main__ - INFO - Found Fortnite window at (0, 0, 1920, 1080)
2026-05-17 13:41:07,536 - __main__ - ERROR - Detection loop error: '_thread._local' object has no attribute 'srcdc'
2026-05-17 13:41:07,735 - __main__ - ERROR - Detection loop error: '_thread._local' object has no attribute 'srcdc'
2026-05-17 13:41:07,945 - __main__ - INFO - Found Fortnite window at (0, 0, 1920, 1080)
2026-05-17 13:41:07,954 - __main__ - ERROR - Detection loop error: '_thread._local' object has no attribute 'srcdc'
2026-05-17 13:41:08,112 - __main__ - ERROR - Detection loop error: '_thread._local' object has no attribute 'srcdc'
2026-05-17 13:41:08,331 - __main__ - ERROR - Detection loop error: '_thread._local' object has no attribute 'srcdc'
2026-05-17 13:41:08,535 - __main__ - ERROR - Detection loop error: '_thread._local' object has no attribute 'srcdc'
2026-05-17 13:41:08,611 - __main__ - INFO - Found Fortnite window at (0, 0, 1920, 1080)
2026-05-17 13:41:08,805 - __main__ - ERROR - Detection loop error: '_thread._local' object has no attribute 'srcdc'
2026-05-17 13:41:09,019 - __main__ - ERROR - Detection loop error: '_thread._local' object has no attribute 'srcdc'
2026-05-17 13:41:09,238 - __main__ - INFO - Found Fortnite window at (0, 0, 1920, 1080)
2026-05-17 13:41:09,251 - __main__ - ERROR - Detection loop error: '_thread._local' object has no attribute 'srcdc'
2026-05-17 13:41:09,389 - __main__ - ERROR - Detection loop error: '_thread._local' object has no attribute 'srcdc'
2026-05-17 13:41:09,595 - __main__ - ERROR - Detection loop error: '_thread._local' object has no attribute 'srcdc'
2026-05-17 13:41:09,857 - __main__ - ERROR - Detection loop error: '_thread._local' object has no attribute 'srcdc'
2026-05-17 13:41:09,944 - __main__ - INFO - Found Fortnite window at (0, 0, 1920, 1080)
2026-05-17 13:41:10,032 - __main__ - ERROR - Detection loop error: '_thread._local' object has no attribute 'srcdc'
2026-05-17 13:41:10,232 - __main__ - ERROR - Detection loop error: '_thread._local' object has no attribute 'srcdc'
2026-05-17 13:41:10,406 - __main__ - ERROR - Detection loop error: '_thread._local' object has no attribute 'srcdc'
2026-05-17 13:41:10,667 - __main__ - ERROR - Detection loop error: '_thread._local' object has no attribute 'srcdc'
2026-05-17 13:41:10,838 - __main__ - ERROR - Detection loop error: '_thread._local' object has no attribute 'srcdc'
2026-05-17 13:41:10,994 - __main__ - ERROR - Detection loop error: '_thread._local' object has no attribute 'srcdc'
2026-05-17 13:41:11,011 - __main__ - INFO - Found Fortnite window at (0, 0, 1920, 1080)
2026-05-17 13:41:11,148 - __main__ - ERROR - Detection loop error: '_thread._local' object has no attribute 'srcdc'
2026-05-17 13:41:11,335 - __main__ - ERROR - Detection loop error: '_thread._local' object has no attribute 'srcdc'
2026-05-17 13:41:11,463 - __main__ - ERROR - Detection loop error: '_thread._local' object has no attribute 'srcdc'
2026-05-17 13:41:11,643 - __main__ - ERROR - Detection loop error: '_thread._local' object has no attribute 'srcdc'
2026-05-17 13:41:11,830 - __main__ - ERROR - Detection loop error: '_thread._local' object has no attribute 'srcdc'
2026-05-17 13:41:11,980 - __main__ - ERROR - Detection loop error: '_thread._local' object has no attribute 'srcdc'
2026-05-17 13:41:12,069 - __main__ - INFO - Found Fortnite window at (0, 0, 1920, 1080)
2026-05-17 13:41:12,173 - __main__ - ERROR - Detection loop error: '_thread._local' object has no attribute 'srcdc'
2026-05-17 13:41:12,342 - __main__ - ERROR - Detection loop error: '_thread._local' object has no attribute 'srcdc'
2026-05-17 13:41:12,500 - __main__ - ERROR - Detection loop error: '_thread._local' object has no attribute 'srcdc'
2026-05-17 13:41:12,670 - __main__ - ERROR - Detection loop error: '_thread._local' object has no attribute 'srcdc'
2026-05-17 13:41:12,812 - __main__ - ERROR - Detection loop error: '_thread._local' object has no attribute 'srcdc'
2026-05-17 13:41:12,966 - __main__ - ERROR - Detection loop error: '_thread._local' object has no attribute 'srcdc'
2026-05-17 13:41:13,053 - __main__ - INFO - Found Fortnite window at (0, 0, 1920, 1080)
2026-05-17 13:41:13,107 - __main__ - ERROR - Detection loop error: '_thread._local' object has no attribute 'srcdc'
2026-05-17 13:41:13,262 - __main__ - ERROR - Detection loop error: '_thread._local' object has no attribute 'srcdc'
2026-05-17 13:41:13,402 - __main__ - ERROR - Detection loop error: '_thread._local' object has no attribute 'srcdc'
2026-05-17 13:41:13,590 - __main__ - ERROR - Detection loop error: '_thread._local' object has no attribute 'srcdc'
2026-05-17 13:41:13,762 - __main__ - ERROR - Detection loop error: '_thread._local' object has no attribute 'srcdc'
2026-05-17 13:41:13,949 - __main__ - ERROR - Detection loop error: '_thread._local' object has no attribute 'srcdc'
2026-05-17 13:41:14,100 - __main__ - INFO - Found Fortnite window at (0, 0, 1920, 1080)
2026-05-17 13:41:14,106 - __main__ - ERROR - Detection loop error: '_thread._local' object has no attribute 'srcdc'
2026-05-17 13:41:14,215 - __main__ - ERROR - Detection loop error: '_thread._local' object has no attribute 'srcdc'
2026-05-17 13:41:14,370 - __main__ - ERROR - Detection loop error: '_thread._local' object has no attribute 'srcdc'
2026-05-17 13:41:14,496 - __main__ - ERROR - Detection loop error: '_thread._local' object has no attribute 'srcdc'
2026-05-17 13:41:14,651 - __main__ - ERROR - Detection loop error: '_thread._local' object has no attribute 'srcdc'
2026-05-17 13:41:14,931 - __main__ - ERROR - Detection loop error: '_thread._local' object has no attribute 'srcdc'
2026-05-17 13:41:15,072 - __main__ - ERROR - Detection loop error: '_thread._local' object has no attribute 'srcdc'
2026-05-17 13:41:15,076 - __main__ - INFO - Found Fortnite window at (0, 0, 1920, 1080)
2026-05-17 13:41:15,180 - __main__ - ERROR - Detection loop error: '_thread._local' object has no attribute 'srcdc'
2026-05-17 13:41:15,355 - __main__ - ERROR - Detection loop error: '_thread._local' object has no attribute 'srcdc'
2026-05-17 13:41:15,567 - __main__ - ERROR - Detection loop error: '_thread._local' object has no attribute 'srcdc'
2026-05-17 13:41:15,706 - __main__ - ERROR - Detection loop error: '_thread._local' object has no attribute 'srcdc'
2026-05-17 13:41:15,862 - __main__ - ERROR - Detection loop error: '_thread._local' object has no attribute 'srcdc'
2026-05-17 13:41:15,990 - __main__ - INFO - Found Fortnite window at (0, 0, 1920, 1080)
2026-05-17 13:41:16,065 - __main__ - ERROR - Detection loop error: '_thread._local' object has no attribute 'srcdc'
2026-05-17 13:41:16,253 - __main__ - ERROR - Detection loop error: '_thread._local' object has no attribute 'srcdc'
2026-05-17 13:41:16,516 - __main__ - ERROR - Detection loop error: '_thread._local' object has no attribute 'srcdc'
2026-05-17 13:41:16,719 - __main__ - ERROR - Detection loop error: '_thread._local' object has no attribute 'srcdc'
2026-05-17 13:41:16,871 - __main__ - INFO - Found Fortnite window at (0, 0, 1920, 1080)
2026-05-17 13:41:16,876 - __main__ - ERROR - Detection loop error: '_thread._local' object has no attribute 'srcdc'
2026-05-17 13:41:17,001 - __main__ - ERROR - Detection loop error: '_thread._local' object has no attribute 'srcdc'
2026-05-17 13:41:17,141 - __main__ - ERROR - Detection loop error: '_thread._local' object has no attribute 'srcdc'
2026-05-17 13:41:17,375 - __main__ - ERROR - Detection loop error: '_thread._local' object has no attribute 'srcdc'
2026-05-17 13:41:17,533 - __main__ - ERROR - Detection loop error: '_thread._local' object has no attribute 'srcdc'
2026-05-17 13:41:17,673 - __main__ - ERROR - Detection loop error: '_thread._local' object has no attribute 'srcdc'
2026-05-17 13:41:17,798 - __main__ - INFO - Found Fortnite window at (0, 0, 1920, 1080)
2026-05-17 13:41:17,876 - __main__ - ERROR - Detection loop error: '_thread._local' object has no attribute 'srcdc'
2026-05-17 13:41:18,046 - __main__ - ERROR - Detection loop error: '_thread._local' object has no attribute 'srcdc'
2026-05-17 13:41:18,218 - __main__ - ERROR - Detection loop error: '_thread._local' object has no attribute 'srcdc'
2026-05-17 13:41:18,389 - __main__ - ERROR - Detection loop error: '_thread._local' object has no attribute 'srcdc'
2026-05-17 13:41:18,592 - __main__ - ERROR - Detection loop error: '_thread._local' object has no attribute 'srcdc'
2026-05-17 13:41:18,676 - __main__ - INFO - Found Fortnite window at (0, 0, 1920, 1080)
2026-05-17 13:41:18,780 - __main__ - ERROR - Detection loop error: '_thread._local' object has no attribute 'srcdc'
2026-05-17 13:41:18,936 - __main__ - ERROR - Detection loop error: '_thread._local' object has no attribute 'srcdc'
2026-05-17 13:41:19,187 - __main__ - ERROR - Detection loop error: '_thread._local' object has no attribute 'srcdc'
2026-05-17 13:41:19,297 - __main__ - ERROR - Detection loop error: '_thread._local' object has no attribute 'srcdc'
2026-05-17 13:41:19,468 - __main__ - ERROR - Detection loop error: '_thread._local' object has no attribute 'srcdc'
2026-05-17 13:41:19,612 - __main__ - INFO - Found Fortnite window at (0, 0, 1920, 1080)
2026-05-17 13:41:19,624 - __main__ - ERROR - Detection loop error: '_thread._local' object has no attribute 'srcdc'
2026-05-17 13:41:19,750 - __main__ - ERROR - Detection loop error: '_thread._local' object has no attribute 'srcdc'
2026-05-17 13:41:19,920 - __main__ - ERROR - Detection loop error: '_thread._local' object has no attribute 'srcdc'
2026-05-17 13:41:20,135 - __main__ - ERROR - Detection loop error: '_thread._local' object has no attribute 'srcdc'
2026-05-17 13:41:20,362 - __main__ - ERROR - Detection loop error: '_thread._local' object has no attribute 'srcdc'
2026-05-17 13:41:20,598 - __main__ - ERROR - Detection loop error: '_thread._local' object has no attribute 'srcdc'
2026-05-17 13:41:20,598 - __main__ - INFO - Found Fortnite window at (0, 0, 1920, 1080)
2026-05-17 13:41:20,704 - __main__ - ERROR - Detection loop error: '_thread._local' object has no attribute 'srcdc'
2026-05-17 13:41:20,829 - __main__ - ERROR - Detection loop error: '_thread._local' object has no attribute 'srcdc'
2026-05-17 13:41:21,000 - __main__ - ERROR - Detection loop error: '_thread._local' object has no attribute 'srcdc'
2026-05-17 13:41:21,156 - __main__ - ERROR - Detection loop error: '_thread._local' object has no attribute 'srcdc'
2026-05-17 13:41:21,313 - __main__ - ERROR - Detection loop error: '_thread._local' object has no attribute 'srcdc'
2026-05-17 13:41:21,515 - __main__ - ERROR - Detection loop error: '_thread._local' object has no attribute 'srcdc'
2026-05-17 13:41:21,588 - __main__ - INFO - Found Fortnite window at (0, 0, 1920, 1080)
2026-05-17 13:41:21,670 - __main__ - ERROR - Detection loop error: '_thread._local' object has no attribute 'srcdc'
2026-05-17 13:41:21,810 - __main__ - ERROR - Detection loop error: '_thread._local' object has no attribute 'srcdc'
2026-05-17 13:41:21,967 - __main__ - ERROR - Detection loop error: '_thread._local' object has no attribute 'srcdc'
2026-05-17 13:41:22,109 - __main__ - ERROR - Detection loop error: '_thread._local' object has no attribute 'srcdc'
2026-05-17 13:41:22,262 - __main__ - ERROR - Detection loop error: '_thread._local' object has no attribute 'srcdc'
2026-05-17 13:41:22,421 - __main__ - ERROR - Detection loop error: '_thread._local' object has no attribute 'srcdc'
2026-05-17 13:41:22,538 - __main__ - INFO - Found Fortnite window at (0, 0, 1920, 1080)
2026-05-17 13:41:22,575 - __main__ - ERROR - Detection loop error: '_thread._local' object has no attribute 'srcdc'
2026-05-17 13:41:22,745 - __main__ - ERROR - Detection loop error: '_thread._local' object has no attribute 'srcdc'
2026-05-17 13:41:22,948 - __main__ - ERROR - Detection loop error: '_thread._local' object has no attribute 'srcdc'
2026-05-17 13:41:23,073 - __main__ - ERROR - Detection loop error: '_thread._local' object has no attribute 'srcdc'
2026-05-17 13:41:23,245 - __main__ - ERROR - Detection loop error: '_thread._local' object has no attribute 'srcdc'
2026-05-17 13:41:23,384 - __main__ - ERROR - Detection loop error: '_thread._local' object has no attribute 'srcdc'
2026-05-17 13:41:23,500 - __main__ - INFO - Found Fortnite window at (0, 0, 1920, 1080)
2026-05-17 13:41:23,587 - __main__ - ERROR - Detection loop error: '_thread._local' object has no attribute 'srcdc'
2026-05-17 13:41:23,762 - __main__ - ERROR - Detection loop error: '_thread._local' object has no attribute 'srcdc'
2026-05-17 13:41:23,915 - __main__ - ERROR - Detection loop error: '_thread._local' object has no attribute 'srcdc'
2026-05-17 13:41:24,056 - __main__ - ERROR - Detection loop error: '_thread._local' object has no attribute 'srcdc'
2026-05-17 13:41:24,209 - __main__ - ERROR - Detection loop error: '_thread._local' object has no attribute 'srcdc'
2026-05-17 13:41:24,331 - __main__ - INFO - Found Fortnite window at (0, 0, 1920, 1080)
2026-05-17 13:41:24,367 - __main__ - ERROR - Detection loop error: '_thread._local' object has no attribute 'srcdc'
2026-05-17 13:41:24,524 - __main__ - ERROR - Detection loop error: '_thread._local' object has no attribute 'srcdc'
2026-05-17 13:41:24,679 - __main__ - ERROR - Detection loop error: '_thread._local' object has no attribute 'srcdc'
2026-05-17 13:41:24,849 - __main__ - ERROR - Detection loop error: '_thread._local' object has no attribute 'srcdc'
2026-05-17 13:41:25,023 - __main__ - ERROR - Detection loop error: '_thread._local' object has no attribute 'srcdc'
2026-05-17 13:41:25,179 - __main__ - ERROR - Detection loop error: '_thread._local' object has no attribute 'srcdc'
2026-05-17 13:41:25,225 - __main__ - INFO - Found Fortnite window at (0, 0, 1920, 1080)
2026-05-17 13:41:25,318 - __main__ - ERROR - Detection loop error: '_thread._local' object has no attribute 'srcdc'
2026-05-17 13:41:25,459 - __main__ - ERROR - Detection loop error: '_thread._local' object has no attribute 'srcdc'
2026-05-17 13:41:25,599 - __main__ - ERROR - Detection loop error: '_thread._local' object has no attribute 'srcdc'
2026-05-17 13:41:25,803 - __main__ - ERROR - Detection loop error: '_thread._local' object has no attribute 'srcdc'
2026-05-17 13:41:25,950 - __main__ - ERROR - Detection loop error: '_thread._local' object has no attribute 'srcdc'
2026-05-17 13:41:26,085 - __main__ - INFO - Found Fortnite window at (0, 0, 1920, 1080)
2026-05-17 13:41:26,085 - __main__ - ERROR - Detection loop error: '_thread._local' object has no attribute 'srcdc'
2026-05-17 13:41:26,209 - __main__ - ERROR - Detection loop error: '_thread._local' object has no attribute 'srcdc'
2026-05-17 13:41:26,415 - __main__ - ERROR - Detection loop error: '_thread._local' object has no attribute 'srcdc'
2026-05-17 13:41:26,605 - __main__ - ERROR - Detection loop error: '_thread._local' object has no attribute 'srcdc'
2026-05-17 13:41:26,746 - __main__ - ERROR - Detection loop error: '_thread._local' object has no attribute 'srcdc'
2026-05-17 13:41:26,902 - __main__ - ERROR - Detection loop error: '_thread._local' object has no attribute 'srcdc'
2026-05-17 13:41:27,075 - __main__ - INFO - Found Fortnite window at (0, 0, 1920, 1080)
2026-05-17 13:41:27,076 - __main__ - ERROR - Detection loop error: '_thread._local' object has no attribute 'srcdc'
2026-05-17 13:41:27,199 - __main__ - ERROR - Detection loop error: '_thread._local' object has no attribute 'srcdc'
2026-05-17 13:41:27,340 - __main__ - ERROR - Detection loop error: '_thread._local' object has no attribute 'srcdc'
2026-05-17 13:41:27,496 - __main__ - ERROR - Detection loop error: '_thread._local' object has no attribute 'srcdc'
2026-05-17 13:41:27,637 - __main__ - ERROR - Detection loop error: '_thread._local' object has no attribute 'srcdc'
2026-05-17 13:41:27,776 - __main__ - ERROR - Detection loop error: '_thread._local' object has no attribute 'srcdc'
2026-05-17 13:41:27,948 - __main__ - ERROR - Detection loop error: '_thread._local' object has no attribute 'srcdc'
2026-05-17 13:41:28,037 - __main__ - INFO - Found Fortnite window at (0, 0, 1920, 1080)
2026-05-17 13:41:28,087 - __main__ - ERROR - Detection loop error: '_thread._local' object has no attribute 'srcdc'
2026-05-17 13:41:28,227 - __main__ - ERROR - Detection loop error: '_thread._local' object has no attribute 'srcdc'
2026-05-17 13:41:28,383 - __main__ - ERROR - Detection loop error: '_thread._local' object has no attribute 'srcdc'
2026-05-17 13:41:28,555 - __main__ - ERROR - Detection loop error: '_thread._local' object has no attribute 'srcdc'
2026-05-17 13:41:28,774 - __main__ - ERROR - Detection loop error: '_thread._local' object has no attribute 'srcdc'
2026-05-17 13:41:28,887 - __main__ - INFO - Found Fortnite window at (0, 0, 1920, 1080)
2026-05-17 13:41:28,915 - __main__ - ERROR - Detection loop error: '_thread._local' object has no attribute 'srcdc'
2026-05-17 13:41:29,042 - __main__ - ERROR - Detection loop error: '_thread._local' object has no attribute 'srcdc'
2026-05-17 13:41:29,211 - __main__ - ERROR - Detection loop error: '_thread._local' object has no attribute 'srcdc'
2026-05-17 13:41:29,336 - __main__ - ERROR - Detection loop error: '_thread._local' object has no attribute 'srcdc'
2026-05-17 13:41:29,534 - __main__ - ERROR - Detection loop error: '_thread._local' object has no attribute 'srcdc'
2026-05-17 13:41:29,710 - __main__ - ERROR - Detection loop error: '_thread._local' object has no attribute 'srcdc'
2026-05-17 13:41:29,751 - __main__ - INFO - Found Fortnite window at (0, 0, 1920, 1080)
2026-05-17 13:41:29,881 - __main__ - ERROR - Detection loop error: '_thread._local' object has no attribute 'srcdc'
2026-05-17 13:41:30,065 - __main__ - ERROR - Detection loop error: '_thread._local' object has no attribute 'srcdc'
2026-05-17 13:41:30,211 - __main__ - ERROR - Detection loop error: '_thread._local' object has no attribute 'srcdc'
2026-05-17 13:41:30,381 - __main__ - ERROR - Detection loop error: '_thread._local' object has no attribute 'srcdc'
2026-05-17 13:41:30,554 - __main__ - ERROR - Detection loop error: '_thread._local' object has no attribute 'srcdc'
2026-05-17 13:41:30,626 - __main__ - INFO - Found Fortnite window at (0, 0, 1920, 1080)
2026-05-17 13:41:30,725 - __main__ - ERROR - Detection loop error: '_thread._local' object has no attribute 'srcdc'
2026-05-17 13:41:30,886 - __main__ - ERROR - Detection loop error: '_thread._local' object has no attribute 'srcdc'
2026-05-17 13:41:31,128 - __main__ - ERROR - Detection loop error: '_thread._local' object has no attribute 'srcdc'
2026-05-17 13:41:31,286 - __main__ - ERROR - Detection loop error: '_thread._local' object has no attribute 'srcdc'
2026-05-17 13:41:31,445 - __main__ - ERROR - Detection loop error: '_thread._local' object has no attribute 'srcdc'
2026-05-17 13:41:31,446 - __main__ - INFO - Found Fortnite window at (0, 0, 1920, 1080)
2026-05-17 13:41:31,567 - __main__ - ERROR - Detection loop error: '_thread._local' object has no attribute 'srcdc'
2026-05-17 13:41:31,779 - __main__ - ERROR - Detection loop error: '_thread._local' object has no attribute 'srcdc'
2026-05-17 13:41:31,990 - __main__ - ERROR - Detection loop error: '_thread._local' object has no attribute 'srcdc'
2026-05-17 13:41:32,195 - __main__ - ERROR - Detection loop error: '_thread._local' object has no attribute 'srcdc'
2026-05-17 13:41:32,328 - __main__ - ERROR - Detection loop error: '_thread._local' object has no attribute 'srcdc'
2026-05-17 13:41:32,329 - __main__ - INFO - Found Fortnite window at (0, 0, 1920, 1080)
2026-05-17 13:41:32,455 - __main__ - ERROR - Detection loop error: '_thread._local' object has no attribute 'srcdc'
2026-05-17 13:41:32,657 - __main__ - ERROR - Detection loop error: '_thread._local' object has no attribute 'srcdc'
2026-05-17 13:41:32,832 - __main__ - ERROR - Detection loop error: '_thread._local' object has no attribute 'srcdc'
2026-05-17 13:41:33,020 - __main__ - ERROR - Detection loop error: '_thread._local' object has no attribute 'srcdc'
2026-05-17 13:41:33,119 - __main__ - INFO - Found Fortnite window at (0, 0, 1920, 1080)
2026-05-17 13:41:33,144 - __main__ - ERROR - Detection loop error: '_thread._local' object has no attribute 'srcdc'
2026-05-17 13:41:33,269 - __main__ - ERROR - Detection loop error: '_thread._local' object has no attribute 'srcdc'
2026-05-17 13:41:33,487 - __main__ - ERROR - Detection loop error: '_thread._local' object has no attribute 'srcdc'
2026-05-17 13:41:33,704 - __main__ - ERROR - Detection loop error: '_thread._local' object has no attribute 'srcdc'
2026-05-17 13:41:33,924 - __main__ - ERROR - Detection loop error: '_thread._local' object has no attribute 'srcdc'
2026-05-17 13:41:33,971 - __main__ - INFO - Found Fortnite window at (0, 0, 1920, 1080)
2026-05-17 13:41:34,079 - __main__ - ERROR - Detection loop error: '_thread._local' object has no attribute 'srcdc'
2026-05-17 13:41:34,206 - __main__ - ERROR - Detection loop error: '_thread._local' object has no attribute 'srcdc'
2026-05-17 13:41:34,344 - __main__ - ERROR - Detection loop error: '_thread._local' object has no attribute 'srcdc'
2026-05-17 13:41:34,486 - __main__ - ERROR - Detection loop error: '_thread._local' object has no attribute 'srcdc'
2026-05-17 13:41:34,608 - __main__ - ERROR - Detection loop error: '_thread._local' object has no attribute 'srcdc'
2026-05-17 13:41:34,763 - __main__ - ERROR - Detection loop error: '_thread._local' object has no attribute 'srcdc'
2026-05-17 13:41:34,772 - __main__ - INFO - Found Fortnite window at (0, 0, 1920, 1080)
2026-05-17 13:41:34,934 - __main__ - ERROR - Detection loop error: '_thread._local' object has no attribute 'srcdc'
2026-05-17 13:41:35,106 - __main__ - ERROR - Detection loop error: '_thread._local' object has no attribute 'srcdc'
2026-05-17 13:41:35,247 - __main__ - ERROR - Detection loop error: '_thread._local' object has no attribute 'srcdc'
2026-05-17 13:41:35,389 - __main__ - ERROR - Detection loop error: '_thread._local' object has no attribute 'srcdc'
2026-05-17 13:41:35,531 - __main__ - INFO - Found Fortnite window at (0, 0, 1920, 1080)
2026-05-17 13:41:35,548 - __main__ - ERROR - Detection loop error: '_thread._local' object has no attribute 'srcdc'
2026-05-17 13:41:35,667 - __main__ - ERROR - Detection loop error: '_thread._local' object has no attribute 'srcdc'
2026-05-17 13:41:35,886 - __main__ - ERROR - Detection loop error: '_thread._local' object has no attribute 'srcdc'
2026-05-17 13:41:36,049 - __main__ - ERROR - Detection loop error: '_thread._local' object has no attribute 'srcdc'
2026-05-17 13:41:36,245 - __main__ - ERROR - Detection loop error: '_thread._local' object has no attribute 'srcdc'
2026-05-17 13:41:36,346 - __main__ - INFO - Found Fortnite window at (0, 0, 1920, 1080)
2026-05-17 13:41:36,384 - __main__ - ERROR - Detection loop error: '_thread._local' object has no attribute 'srcdc'
2026-05-17 13:41:36,508 - __main__ - ERROR - Detection loop error: '_thread._local' object has no attribute 'srcdc'
2026-05-17 13:41:36,694 - __main__ - ERROR - Detection loop error: '_thread._local' object has no attribute 'srcdc'
2026-05-17 13:41:36,852 - __main__ - ERROR - Detection loop error: '_thread._local' object has no attribute 'srcdc'
2026-05-17 13:41:37,007 - __main__ - ERROR - Detection loop error: '_thread._local' object has no attribute 'srcdc'
2026-05-17 13:41:37,160 - __main__ - ERROR - Detection loop error: '_thread._local' object has no attribute 'srcdc'
2026-05-17 13:41:37,329 - __main__ - ERROR - Detection loop error: '_thread._local' object has no attribute 'srcdc'
2026-05-17 13:41:37,426 - __main__ - INFO - Found Fortnite window at (0, 0, 1920, 1080)
2026-05-17 13:41:37,502 - __main__ - ERROR - Detection loop error: '_thread._local' object has no attribute 'srcdc'
2026-05-17 13:41:37,618 - __main__ - ERROR - Detection loop error: '_thread._local' object has no attribute 'srcdc'
2026-05-17 13:41:37,907 - __main__ - ERROR - Detection loop error: '_thread._local' object has no attribute 'srcdc'
2026-05-17 13:41:38,018 - __main__ - ERROR - Detection loop error: '_thread._local' object has no attribute 'srcdc'
2026-05-17 13:41:38,190 - __main__ - ERROR - Detection loop error: '_thread._local' object has no attribute 'srcdc'
2026-05-17 13:41:38,344 - __main__ - ERROR - Detection loop error: '_thread._local' object has no attribute 'srcdc'
2026-05-17 13:41:38,456 - __main__ - ERROR - Detection loop error: '_thread._local' object has no attribute 'srcdc'
2026-05-17 13:41:38,478 - __main__ - INFO - Found Fortnite window at (0, 0, 1920, 1080)
2026-05-17 13:41:38,580 - __main__ - ERROR - Detection loop error: '_thread._local' object has no attribute 'srcdc'
2026-05-17 13:41:38,704 - __main__ - ERROR - Detection loop error: '_thread._local' object has no attribute 'srcdc'
2026-05-17 13:41:38,919 - __main__ - ERROR - Detection loop error: '_thread._local' object has no attribute 'srcdc'
2026-05-17 13:41:39,067 - __main__ - ERROR - Detection loop error: '_thread._local' object has no attribute 'srcdc'
2026-05-17 13:41:39,255 - __main__ - ERROR - Detection loop error: '_thread._local' object has no attribute 'srcdc'
2026-05-17 13:41:39,395 - __main__ - ERROR - Detection loop error: '_thread._local' object has no attribute 'srcdc'
2026-05-17 13:41:39,475 - __main__ - INFO - Found Fortnite window at (0, 0, 1920, 1080)
2026-05-17 13:41:39,568 - __main__ - ERROR - Detection loop error: '_thread._local' object has no attribute 'srcdc'
2026-05-17 13:41:39,691 - __main__ - ERROR - Detection loop error: '_thread._local' object has no attribute 'srcdc'
2026-05-17 13:41:39,892 - __main__ - ERROR - Detection loop error: '_thread._local' object has no attribute 'srcdc'
2026-05-17 13:41:40,096 - __main__ - ERROR - Detection loop error: '_thread._local' object has no attribute 'srcdc'
2026-05-17 13:41:40,299 - __main__ - ERROR - Detection loop error: '_thread._local' object has no attribute 'srcdc'
2026-05-17 13:41:40,504 - __main__ - INFO - Found Fortnite window at (0, 0, 1920, 1080)
2026-05-17 13:41:40,518 - __main__ - ERROR - Detection loop error: '_thread._local' object has no attribute 'srcdc'
2026-05-17 13:41:40,625 - __main__ - ERROR - Detection loop error: '_thread._local' object has no attribute 'srcdc'
2026-05-17 13:41:40,849 - __main__ - ERROR - Detection loop error: '_thread._local' object has no attribute 'srcdc'
2026-05-17 13:41:41,079 - __main__ - ERROR - Detection loop error: '_thread._local' object has no attribute 'srcdc'
2026-05-17 13:41:41,252 - __main__ - ERROR - Detection loop error: '_thread._local' object has no attribute 'srcdc'
2026-05-17 13:41:41,439 - __main__ - ERROR - Detection loop error: '_thread._local' object has no attribute 'srcdc'
2026-05-17 13:41:41,541 - __main__ - INFO - Found Fortnite window at (0, 0, 1920, 1080)
2026-05-17 13:41:41,670 - __main__ - ERROR - Detection loop error: '_thread._local' object has no attribute 'srcdc'
2026-05-17 13:41:41,812 - __main__ - ERROR - Detection loop error: '_thread._local' object has no attribute 'srcdc'
2026-05-17 13:41:42,091 - __main__ - ERROR - Detection loop error: '_thread._local' object has no attribute 'srcdc'
2026-05-17 13:41:42,390 - __main__ - ERROR - Detection loop error: '_thread._local' object has no attribute 'srcdc'
2026-05-17 13:41:42,497 - __main__ - INFO - Found Fortnite window at (0, 0, 1920, 1080)
2026-05-17 13:41:42,547 - __main__ - ERROR - Detection loop error: '_thread._local' object has no attribute 'srcdc'
2026-05-17 13:41:42,672 - __main__ - ERROR - Detection loop error: '_thread._local' object has no attribute 'srcdc'
2026-05-17 13:41:42,876 - __main__ - ERROR - Detection loop error: '_thread._local' object has no attribute 'srcdc'
2026-05-17 13:41:43,046 - __main__ - ERROR - Detection loop error: '_thread._local' object has no attribute 'srcdc'
2026-05-17 13:41:43,231 - __main__ - ERROR - Detection loop error: '_thread._local' object has no attribute 'srcdc'
2026-05-17 13:41:43,377 - __main__ - ERROR - Detection loop error: '_thread._local' object has no attribute 'srcdc'
2026-05-17 13:41:43,479 - __main__ - INFO - Found Fortnite window at (0, 0, 1920, 1080)
2026-05-17 13:41:43,555 - __main__ - ERROR - Detection loop error: '_thread._local' object has no attribute 'srcdc'
2026-05-17 13:41:43,681 - __main__ - ERROR - Detection loop error: '_thread._local' object has no attribute 'srcdc'
2026-05-17 13:41:43,917 - __main__ - ERROR - Detection loop error: '_thread._local' object has no attribute 'srcdc'
2026-05-17 13:41:44,090 - __main__ - ERROR - Detection loop error: '_thread._local' object has no attribute 'srcdc'
2026-05-17 13:41:44,280 - __main__ - ERROR - Detection loop error: '_thread._local' object has no attribute 'srcdc'
2026-05-17 13:41:44,447 - __main__ - ERROR - Detection loop error: '_thread._local' object has no attribute 'srcdc'
2026-05-17 13:41:44,459 - __main__ - INFO - Found Fortnite window at (0, 0, 1920, 1080)
2026-05-17 13:41:44,575 - __main__ - ERROR - Detection loop error: '_thread._local' object has no attribute 'srcdc'
2026-05-17 13:41:44,787 - __main__ - ERROR - Detection loop error: '_thread._local' object has no attribute 'srcdc'
2026-05-17 13:41:44,950 - __main__ - ERROR - Detection loop error: '_thread._local' object has no attribute 'srcdc'
2026-05-17 13:41:45,155 - __main__ - ERROR - Detection loop error: '_thread._local' object has no attribute 'srcdc'
2026-05-17 13:41:45,369 - __main__ - INFO - Found Fortnite window at (0, 0, 1920, 1080)
2026-05-17 13:41:45,375 - __main__ - ERROR - Detection loop error: '_thread._local' object has no attribute 'srcdc'
2026-05-17 13:41:45,500 - __main__ - ERROR - Detection loop error: '_thread._local' object has no attribute 'srcdc'
2026-05-17 13:41:45,623 - __main__ - ERROR - Detection loop error: '_thread._local' object has no attribute 'srcdc'
2026-05-17 13:41:45,781 - __main__ - ERROR - Detection loop error: '_thread._local' object has no attribute 'srcdc'
2026-05-17 13:41:45,986 - __main__ - ERROR - Detection loop error: '_thread._local' object has no attribute 'srcdc'
2026-05-17 13:41:46,129 - __main__ - ERROR - Detection loop error: '_thread._local' object has no attribute 'srcdc'
2026-05-17 13:41:46,282 - __main__ - ERROR - Detection loop error: '_thread._local' object has no attribute 'srcdc'
2026-05-17 13:41:46,425 - __main__ - ERROR - Detection loop error: '_thread._local' object has no attribute 'srcdc'
2026-05-17 13:41:46,425 - __main__ - INFO - Found Fortnite window at (0, 0, 1920, 1080)
2026-05-17 13:41:46,530 - __main__ - ERROR - Detection loop error: '_thread._local' object has no attribute 'srcdc'
2026-05-17 13:41:46,639 - __main__ - ERROR - Detection loop error: '_thread._local' object has no attribute 'srcdc'
2026-05-17 13:41:46,886 - __main__ - ERROR - Detection loop error: '_thread._local' object has no attribute 'srcdc'
2026-05-17 13:41:47,044 - __main__ - ERROR - Detection loop error: '_thread._local' object has no attribute 'srcdc'
2026-05-17 13:41:47,198 - __main__ - ERROR - Detection loop error: '_thread._local' object has no attribute 'srcdc'
2026-05-17 13:41:47,324 - __main__ - ERROR - Detection loop error: '_thread._local' object has no attribute 'srcdc'
2026-05-17 13:41:47,461 - __main__ - INFO - Found Fortnite window at (0, 0, 1920, 1080)
2026-05-17 13:41:47,527 - __main__ - ERROR - Detection loop error: '_thread._local' object has no attribute 'srcdc'
2026-05-17 13:41:47,651 - __main__ - ERROR - Detection loop error: '_thread._local' object has no attribute 'srcdc'
2026-05-17 13:41:47,885 - __main__ - ERROR - Detection loop error: '_thread._local' object has no attribute 'srcdc'
2026-05-17 13:41:48,083 - __main__ - ERROR - Detection loop error: '_thread._local' object has no attribute 'srcdc'
2026-05-17 13:41:48,242 - __main__ - ERROR - Detection loop error: '_thread._local' object has no attribute 'srcdc'
2026-05-17 13:41:48,431 - __main__ - ERROR - Detection loop error: '_thread._local' object has no attribute 'srcdc'
2026-05-17 13:41:48,498 - __main__ - INFO - Found Fortnite window at (0, 0, 1920, 1080)
2026-05-17 13:41:48,599 - __main__ - ERROR - Detection loop error: '_thread._local' object has no attribute 'srcdc'
2026-05-17 13:41:48,786 - __main__ - ERROR - Detection loop error: '_thread._local' object has no attribute 'srcdc'
2026-05-17 13:41:48,912 - __main__ - ERROR - Detection loop error: '_thread._local' object has no attribute 'srcdc'
2026-05-17 13:41:49,078 - __main__ - ERROR - Detection loop error: '_thread._local' object has no attribute 'srcdc'
2026-05-17 13:41:49,229 - __main__ - ERROR - Detection loop error: '_thread._local' object has no attribute 'srcdc'
2026-05-17 13:41:49,383 - __main__ - ERROR - Detection loop error: '_thread._local' object has no attribute 'srcdc'
2026-05-17 13:41:49,398 - __main__ - INFO - Found Fortnite window at (0, 0, 1920, 1080)
2026-05-17 13:41:49,524 - __main__ - ERROR - Detection loop error: '_thread._local' object has no attribute 'srcdc'
2026-05-17 13:41:49,681 - __main__ - ERROR - Detection loop error: '_thread._local' object has no attribute 'srcdc'
2026-05-17 13:41:49,852 - __main__ - ERROR - Detection loop error: '_thread._local' object has no attribute 'srcdc'
2026-05-17 13:41:50,006 - __main__ - ERROR - Detection loop error: '_thread._local' object has no attribute 'srcdc'
2026-05-17 13:41:50,208 - __main__ - ERROR - Detection loop error: '_thread._local' object has no attribute 'srcdc'
2026-05-17 13:41:50,216 - __main__ - INFO - Found Fortnite window at (0, 0, 1920, 1080)
2026-05-17 13:41:50,349 - __main__ - ERROR - Detection loop error: '_thread._local' object has no attribute 'srcdc'
2026-05-17 13:41:50,496 - __main__ - ERROR - Detection loop error: '_thread._local' object has no attribute 'srcdc'
2026-05-17 13:41:50,648 - __main__ - ERROR - Detection loop error: '_thread._local' object has no attribute 'srcdc'
2026-05-17 13:41:50,803 - __main__ - ERROR - Detection loop error: '_thread._local' object has no attribute 'srcdc'
2026-05-17 13:41:50,945 - __main__ - ERROR - Detection loop error: '_thread._local' object has no attribute 'srcdc'
2026-05-17 13:41:51,019 - __main__ - INFO - Found Fortnite window at (0, 0, 1920, 1080)
2026-05-17 13:41:51,077 - __main__ - ERROR - Detection loop error: '_thread._local' object has no attribute 'srcdc'
2026-05-17 13:41:51,242 - __main__ - ERROR - Detection loop error: '_thread._local' object has no attribute 'srcdc'
2026-05-17 13:41:51,415 - __main__ - ERROR - Detection loop error: '_thread._local' object has no attribute 'srcdc'
2026-05-17 13:41:51,648 - __main__ - ERROR - Detection loop error: '_thread._local' object has no attribute 'srcdc'
2026-05-17 13:41:51,818 - __main__ - ERROR - Detection loop error: '_thread._local' object has no attribute 'srcdc'
2026-05-17 13:41:51,819 - __main__ - INFO - Found Fortnite window at (0, 0, 1920, 1080)
2026-05-17 13:41:51,960 - __main__ - ERROR - Detection loop error: '_thread._local' object has no attribute 'srcdc'
2026-05-17 13:41:52,175 - __main__ - ERROR - Detection loop error: '_thread._local' object has no attribute 'srcdc'
2026-05-17 13:41:52,332 - __main__ - ERROR - Detection loop error: '_thread._local' object has no attribute 'srcdc'
2026-05-17 13:41:52,548 - __main__ - ERROR - Detection loop error: '_thread._local' object has no attribute 'srcdc'
2026-05-17 13:41:52,671 - __main__ - INFO - Found Fortnite window at (0, 0, 1920, 1080)
2026-05-17 13:41:52,711 - __main__ - ERROR - Detection loop error: '_thread._local' object has no attribute 'srcdc'
2026-05-17 13:41:52,886 - __main__ - ERROR - Detection loop error: '_thread._local' object has no attribute 'srcdc'
2026-05-17 13:41:53,043 - __main__ - ERROR - Detection loop error: '_thread._local' object has no attribute 'srcdc'
2026-05-17 13:41:53,309 - __main__ - ERROR - Detection loop error: '_thread._local' object has no attribute 'srcdc'
2026-05-17 13:41:53,467 - __main__ - INFO - Found Fortnite window at (0, 0, 1920, 1080)
2026-05-17 13:41:53,494 - __main__ - ERROR - Detection loop error: '_thread._local' object has no attribute 'srcdc'
2026-05-17 13:41:53,668 - __main__ - ERROR - Detection loop error: '_thread._local' object has no attribute 'srcdc'
2026-05-17 13:41:53,824 - __main__ - ERROR - Detection loop error: '_thread._local' object has no attribute 'srcdc'
2026-05-17 13:41:53,998 - __main__ - ERROR - Detection loop error: '_thread._local' object has no attribute 'srcdc'
2026-05-17 13:41:54,201 - __main__ - ERROR - Detection loop error: '_thread._local' object has no attribute 'srcdc'
2026-05-17 13:41:54,371 - __main__ - ERROR - Detection loop error: '_thread._local' object has no attribute 'srcdc'
2026-05-17 13:41:54,371 - __main__ - INFO - Found Fortnite window at (0, 0, 1920, 1080)
2026-05-17 13:41:54,485 - __main__ - ERROR - Detection loop error: '_thread._local' object has no attribute 'srcdc'
2026-05-17 13:41:54,608 - __main__ - ERROR - Detection loop error: '_thread._local' object has no attribute 'srcdc'
2026-05-17 13:41:54,778 - __main__ - ERROR - Detection loop error: '_thread._local' object has no attribute 'srcdc'
2026-05-17 13:41:54,949 - __main__ - ERROR - Detection loop error: '_thread._local' object has no attribute 'srcdc'
2026-05-17 13:41:55,120 - __main__ - ERROR - Detection loop error: '_thread._local' object has no attribute 'srcdc'
2026-05-17 13:41:55,255 - __main__ - INFO - Found Fortnite window at (0, 0, 1920, 1080)
2026-05-17 13:41:55,259 - __main__ - ERROR - Detection loop error: '_thread._local' object has no attribute 'srcdc'
2026-05-17 13:41:55,369 - __main__ - ERROR - Detection loop error: '_thread._local' object has no attribute 'srcdc'
2026-05-17 13:41:55,543 - __main__ - ERROR - Detection loop error: '_thread._local' object has no attribute 'srcdc'
2026-05-17 13:41:55,715 - __main__ - ERROR - Detection loop error: '_thread._local' object has no attribute 'srcdc'
2026-05-17 13:41:55,917 - __main__ - ERROR - Detection loop error: '_thread._local' object has no attribute 'srcdc'
2026-05-17 13:41:56,072 - __main__ - ERROR - Detection loop error: '_thread._local' object has no attribute 'srcdc'
2026-05-17 13:41:56,076 - __main__ - INFO - Found Fortnite window at (0, 0, 1920, 1080)
2026-05-17 13:41:56,196 - __main__ - ERROR - Detection loop error: '_thread._local' object has no attribute 'srcdc'
2026-05-17 13:41:56,383 - __main__ - ERROR - Detection loop error: '_thread._local' object has no attribute 'srcdc'
2026-05-17 13:41:56,536 - __main__ - ERROR - Detection loop error: '_thread._local' object has no attribute 'srcdc'
2026-05-17 13:41:56,818 - __main__ - ERROR - Detection loop error: '_thread._local' object has no attribute 'srcdc'
2026-05-17 13:41:56,911 - __main__ - INFO - Found Fortnite window at (0, 0, 1920, 1080)
2026-05-17 13:41:57,035 - __main__ - ERROR - Detection loop error: '_thread._local' object has no attribute 'srcdc'
2026-05-17 13:41:57,292 - __main__ - ERROR - Detection loop error: '_thread._local' object has no attribute 'srcdc'
2026-05-17 13:41:57,588 - __main__ - ERROR - Detection loop error: '_thread._local' object has no attribute 'srcdc'
2026-05-17 13:41:57,694 - __main__ - INFO - Found Fortnite window at (0, 0, 1920, 1080)
2026-05-17 13:41:57,704 - __main__ - ERROR - Detection loop error: '_thread._local' object has no attribute 'srcdc'
2026-05-17 13:41:57,829 - __main__ - ERROR - Detection loop error: '_thread._local' object has no attribute 'srcdc'
2026-05-17 13:41:58,023 - __main__ - ERROR - Detection loop error: '_thread._local' object has no attribute 'srcdc'
2026-05-17 13:41:58,252 - __main__ - ERROR - Detection loop error: '_thread._local' object has no attribute 'srcdc'
2026-05-17 13:41:58,408 - __main__ - ERROR - Detection loop error: '_thread._local' object has no attribute 'srcdc'
2026-05-17 13:41:58,518 - __main__ - INFO - Found Fortnite window at (0, 0, 1920, 1080)
2026-05-17 13:41:58,609 - __main__ - ERROR - Detection loop error: '_thread._local' object has no attribute 'srcdc'
2026-05-17 13:41:58,733 - __main__ - ERROR - Detection loop error: '_thread._local' object has no attribute 'srcdc'
2026-05-17 13:41:58,857 - __main__ - ERROR - Detection loop error: '_thread._local' object has no attribute 'srcdc'
2026-05-17 13:41:59,000 - __main__ - ERROR - Detection loop error: '_thread._local' object has no attribute 'srcdc'
2026-05-17 13:41:59,157 - __main__ - ERROR - Detection loop error: '_thread._local' object has no attribute 'srcdc'
2026-05-17 13:41:59,313 - __main__ - ERROR - Detection loop error: '_thread._local' object has no attribute 'srcdc'
2026-05-17 13:41:59,412 - __main__ - INFO - Found Fortnite window at (0, 0, 1920, 1080)
2026-05-17 13:41:59,453 - __main__ - ERROR - Detection loop error: '_thread._local' object has no attribute 'srcdc'
2026-05-17 13:41:59,576 - __main__ - ERROR - Detection loop error: '_thread._local' object has no attribute 'srcdc'
2026-05-17 13:41:59,825 - __main__ - ERROR - Detection loop error: '_thread._local' object has no attribute 'srcdc'
2026-05-17 13:41:59,986 - __main__ - ERROR - Detection loop error: '_thread._local' object has no attribute 'srcdc'
2026-05-17 13:42:00,250 - __main__ - ERROR - Detection loop error: '_thread._local' object has no attribute 'srcdc'
2026-05-17 13:42:00,254 - __main__ - INFO - Found Fortnite window at (0, 0, 1920, 1080)
2026-05-17 13:42:00,357 - __main__ - ERROR - Detection loop error: '_thread._local' object has no attribute 'srcdc'
2026-05-17 13:42:00,485 - __main__ - ERROR - Detection loop error: '_thread._local' object has no attribute 'srcdc'
2026-05-17 13:42:00,672 - __main__ - ERROR - Detection loop error: '_thread._local' object has no attribute 'srcdc'
2026-05-17 13:42:00,858 - __main__ - ERROR - Detection loop error: '_thread._local' object has no attribute 'srcdc'
2026-05-17 13:42:01,062 - __main__ - ERROR - Detection loop error: '_thread._local' object has no attribute 'srcdc'
2026-05-17 13:42:01,173 - __main__ - INFO - Found Fortnite window at (0, 0, 1920, 1080)
2026-05-17 13:42:01,232 - __main__ - ERROR - Detection loop error: '_thread._local' object has no attribute 'srcdc'
2026-05-17 13:42:01,372 - __main__ - ERROR - Detection loop error: '_thread._local' object has no attribute 'srcdc'
2026-05-17 13:42:01,512 - __main__ - ERROR - Detection loop error: '_thread._local' object has no attribute 'srcdc'
2026-05-17 13:42:01,667 - __main__ - ERROR - Detection loop error: '_thread._local' object has no attribute 'srcdc'
2026-05-17 13:42:01,854 - __main__ - ERROR - Detection loop error: '_thread._local' object has no attribute 'srcdc'
2026-05-17 13:42:01,998 - __main__ - ERROR - Detection loop error: '_thread._local' object has no attribute 'srcdc'
2026-05-17 13:42:02,048 - __main__ - INFO - Found Fortnite window at (0, 0, 1920, 1080)
2026-05-17 13:42:02,123 - __main__ - ERROR - Detection loop error: '_thread._local' object has no attribute 'srcdc'
2026-05-17 13:42:02,324 - __main__ - ERROR - Detection loop error: '_thread._local' object has no attribute 'srcdc'
2026-05-17 13:42:02,496 - __main__ - ERROR - Detection loop error: '_thread._local' object has no attribute 'srcdc'
2026-05-17 13:42:02,683 - __main__ - ERROR - Detection loop error: '_thread._local' object has no attribute 'srcdc'
2026-05-17 13:42:02,870 - __main__ - ERROR - Detection loop error: '_thread._local' object has no attribute 'srcdc'
2026-05-17 13:42:02,897 - __main__ - INFO - Found Fortnite window at (0, 0, 1920, 1080)
2026-05-17 13:42:03,057 - __main__ - ERROR - Detection loop error: '_thread._local' object has no attribute 'srcdc'
2026-05-17 13:42:03,319 - __main__ - ERROR - Detection loop error: '_thread._local' object has no attribute 'srcdc'
2026-05-17 13:42:03,490 - __main__ - ERROR - Detection loop error: '_thread._local' object has no attribute 'srcdc'
2026-05-17 13:42:03,681 - __main__ - ERROR - Detection loop error: '_thread._local' object has no attribute 'srcdc'
2026-05-17 13:42:03,749 - __main__ - INFO - Found Fortnite window at (0, 0, 1920, 1080)
2026-05-17 13:42:03,822 - __main__ - ERROR - Detection loop error: '_thread._local' object has no attribute 'srcdc'
2026-05-17 13:42:03,948 - __main__ - ERROR - Detection loop error: '_thread._local' object has no attribute 'srcdc'
2026-05-17 13:42:04,117 - __main__ - ERROR - Detection loop error: '_thread._local' object has no attribute 'srcdc'
2026-05-17 13:42:04,338 - __main__ - ERROR - Detection loop error: '_thread._local' object has no attribute 'srcdc'
2026-05-17 13:42:04,570 - __main__ - ERROR - Detection loop error: '_thread._local' object has no attribute 'srcdc'
2026-05-17 13:42:04,648 - __main__ - INFO - Found Fortnite window at (0, 0, 1920, 1080)
2026-05-17 13:42:04,756 - __main__ - ERROR - Detection loop error: '_thread._local' object has no attribute 'srcdc'
2026-05-17 13:42:04,926 - __main__ - ERROR - Detection loop error: '_thread._local' object has no attribute 'srcdc'
2026-05-17 13:42:05,145 - __main__ - ERROR - Detection loop error: '_thread._local' object has no attribute 'srcdc'
2026-05-17 13:42:05,299 - __main__ - ERROR - Detection loop error: '_thread._local' object has no attribute 'srcdc'
2026-05-17 13:42:05,502 - __main__ - ERROR - Detection loop error: '_thread._local' object has no attribute 'srcdc'
2026-05-17 13:42:05,561 - __main__ - INFO - Found Fortnite window at (0, 0, 1920, 1080)
2026-05-17 13:42:05,722 - __main__ - ERROR - Detection loop error: '_thread._local' object has no attribute 'srcdc'
2026-05-17 13:42:05,890 - __main__ - ERROR - Detection loop error: '_thread._local' object has no attribute 'srcdc'
2026-05-17 13:42:06,060 - __main__ - ERROR - Detection loop error: '_thread._local' object has no attribute 'srcdc'
2026-05-17 13:42:06,247 - __main__ - ERROR - Detection loop error: '_thread._local' object has no attribute 'srcdc'
2026-05-17 13:42:06,399 - __main__ - INFO - Found Fortnite window at (0, 0, 1920, 1080)
2026-05-17 13:42:06,417 - __main__ - ERROR - Detection loop error: '_thread._local' object has no attribute 'srcdc'
2026-05-17 13:42:06,543 - __main__ - ERROR - Detection loop error: '_thread._local' object has no attribute 'srcdc'
2026-05-17 13:42:06,730 - __main__ - ERROR - Detection loop error: '_thread._local' object has no attribute 'srcdc'
2026-05-17 13:42:06,917 - __main__ - ERROR - Detection loop error: '_thread._local' object has no attribute 'srcdc'
2026-05-17 13:42:07,087 - __main__ - ERROR - Detection loop error: '_thread._local' object has no attribute 'srcdc'
2026-05-17 13:42:07,255 - __main__ - ERROR - Detection loop error: '_thread._local' object has no attribute 'srcdc'
2026-05-17 13:42:07,283 - __main__ - INFO - Found Fortnite window at (0, 0, 1920, 1080)
2026-05-17 13:42:07,465 - __main__ - ERROR - Detection loop error: '_thread._local' object has no attribute 'srcdc'
2026-05-17 13:42:07,645 - __main__ - ERROR - Detection loop error: '_thread._local' object has no attribute 'srcdc'
2026-05-17 13:42:07,865 - __main__ - ERROR - Detection loop error: '_thread._local' object has no attribute 'srcdc'
2026-05-17 13:42:08,049 - __main__ - ERROR - Detection loop error: '_thread._local' object has no attribute 'srcdc'
2026-05-17 13:42:08,092 - __main__ - INFO - Found Fortnite window at (0, 0, 1920, 1080)
2026-05-17 13:42:08,211 - __main__ - ERROR - Detection loop error: '_thread._local' object has no attribute 'srcdc'
2026-05-17 13:42:08,367 - __main__ - ERROR - Detection loop error: '_thread._local' object has no attribute 'srcdc'
2026-05-17 13:42:08,725 - __main__ - ERROR - Detection loop error: '_thread._local' object has no attribute 'srcdc'
2026-05-17 13:42:08,900 - __main__ - ERROR - Detection loop error: '_thread._local' object has no attribute 'srcdc'
2026-05-17 13:42:08,900 - __main__ - INFO - Found Fortnite window at (0, 0, 1920, 1080)
2026-05-17 13:42:09,028 - __main__ - ERROR - Detection loop error: '_thread._local' object has no attribute 'srcdc'
2026-05-17 13:42:09,224 - __main__ - ERROR - Detection loop error: '_thread._local' object has no attribute 'srcdc'
2026-05-17 13:42:09,411 - __main__ - ERROR - Detection loop error: '_thread._local' object has no attribute 'srcdc'
2026-05-17 13:42:09,550 - __main__ - ERROR - Detection loop error: '_thread._local' object has no attribute 'srcdc'
2026-05-17 13:42:09,720 - __main__ - ERROR - Detection loop error: '_thread._local' object has no attribute 'srcdc'
2026-05-17 13:42:09,874 - __main__ - ERROR - Detection loop error: '_thread._local' object has no attribute 'srcdc'
2026-05-17 13:42:10,092 - __main__ - ERROR - Detection loop error: '_thread._local' object has no attribute 'srcdc'
2026-05-17 13:42:10,180 - __main__ - INFO - Found Fortnite window at (0, 0, 1920, 1080)
2026-05-17 13:42:10,235 - __main__ - ERROR - Detection loop error: '_thread._local' object has no attribute 'srcdc'
2026-05-17 13:42:10,405 - __main__ - ERROR - Detection loop error: '_thread._local' object has no attribute 'srcdc'
2026-05-17 13:42:10,577 - __main__ - ERROR - Detection loop error: '_thread._local' object has no attribute 'srcdc'
2026-05-17 13:42:10,719 - __main__ - ERROR - Detection loop error: '_thread._local' object has no attribute 'srcdc'
2026-05-17 13:42:10,877 - __main__ - ERROR - Detection loop error: '_thread._local' object has no attribute 'srcdc'
2026-05-17 13:42:11,079 - __main__ - ERROR - Detection loop error: '_thread._local' object has no attribute 'srcdc'
2026-05-17 13:42:11,139 - __main__ - INFO - Found Fortnite window at (0, 0, 1920, 1080)
2026-05-17 13:42:11,237 - __main__ - ERROR - Detection loop error: '_thread._local' object has no attribute 'srcdc'
2026-05-17 13:42:11,486 - __main__ - ERROR - Detection loop error: '_thread._local' object has no attribute 'srcdc'
2026-05-17 13:42:11,625 - __main__ - ERROR - Detection loop error: '_thread._local' object has no attribute 'srcdc'
2026-05-17 13:42:11,770 - __main__ - ERROR - Detection loop error: '_thread._local' object has no attribute 'srcdc'
2026-05-17 13:42:11,923 - __main__ - ERROR - Detection loop error: '_thread._local' object has no attribute 'srcdc'
2026-05-17 13:42:12,027 - __main__ - INFO - Found Fortnite window at (0, 0, 1920, 1080)
2026-05-17 13:42:12,139 - __main__ - ERROR - Detection loop error: '_thread._local' object has no attribute 'srcdc'
2026-05-17 13:42:12,309 - __main__ - ERROR - Detection loop error: '_thread._local' object has no attribute 'srcdc'
2026-05-17 13:42:12,526 - __main__ - ERROR - Detection loop error: '_thread._local' object has no attribute 'srcdc'
2026-05-17 13:42:12,696 - __main__ - ERROR - Detection loop error: '_thread._local' object has no attribute 'srcdc'
2026-05-17 13:42:12,929 - __main__ - ERROR - Detection loop error: '_thread._local' object has no attribute 'srcdc'
2026-05-17 13:42:13,080 - __main__ - ERROR - Detection loop error: '_thread._local' object has no attribute 'srcdc'
2026-05-17 13:42:13,080 - __main__ - INFO - Found Fortnite window at (0, 0, 1920, 1080)
2026-05-17 13:42:13,207 - __main__ - ERROR - Detection loop error: '_thread._local' object has no attribute 'srcdc'
2026-05-17 13:42:13,383 - __main__ - ERROR - Detection loop error: '_thread._local' object has no attribute 'srcdc'
2026-05-17 13:42:13,617 - __main__ - ERROR - Detection loop error: '_thread._local' object has no attribute 'srcdc'
2026-05-17 13:42:13,742 - __main__ - ERROR - Detection loop error: '_thread._local' object has no attribute 'srcdc'
2026-05-17 13:42:13,913 - __main__ - ERROR - Detection loop error: '_thread._local' object has no attribute 'srcdc'
2026-05-17 13:42:14,049 - __main__ - INFO - Found Fortnite window at (0, 0, 1920, 1080)
2026-05-17 13:42:14,086 - __main__ - ERROR - Detection loop error: '_thread._local' object has no attribute 'srcdc'
2026-05-17 13:42:14,227 - __main__ - ERROR - Detection loop error: '_thread._local' object has no attribute 'srcdc'
2026-05-17 13:42:14,412 - __main__ - ERROR - Detection loop error: '_thread._local' object has no attribute 'srcdc'
2026-05-17 13:42:14,644 - __main__ - ERROR - Detection loop error: '_thread._local' object has no attribute 'srcdc'
2026-05-17 13:42:14,830 - __main__ - ERROR - Detection loop error: '_thread._local' object has no attribute 'srcdc'
2026-05-17 13:42:14,978 - __main__ - ERROR - Detection loop error: '_thread._local' object has no attribute 'srcdc'
2026-05-17 13:42:14,978 - __main__ - INFO - Found Fortnite window at (0, 0, 1920, 1080)
2026-05-17 13:42:15,096 - __main__ - ERROR - Detection loop error: '_thread._local' object has no attribute 'srcdc'
2026-05-17 13:42:15,375 - __main__ - ERROR - Detection loop error: '_thread._local' object has no attribute 'srcdc'
2026-05-17 13:42:15,531 - __main__ - ERROR - Detection loop error: '_thread._local' object has no attribute 'srcdc'
2026-05-17 13:42:15,732 - __main__ - ERROR - Detection loop error: '_thread._local' object has no attribute 'srcdc'
2026-05-17 13:42:15,850 - __main__ - INFO - Found Fortnite window at (0, 0, 1920, 1080)
2026-05-17 13:42:15,887 - __main__ - ERROR - Detection loop error: '_thread._local' object has no attribute 'srcdc'
2026-05-17 13:42:16,090 - __main__ - ERROR - Detection loop error: '_thread._local' object has no attribute 'srcdc'
2026-05-17 13:42:16,402 - __main__ - ERROR - Detection loop error: '_thread._local' object has no attribute 'srcdc'
2026-05-17 13:42:16,651 - __main__ - ERROR - Detection loop error: '_thread._local' object has no attribute 'srcdc'
2026-05-17 13:42:16,754 - __main__ - INFO - Found Fortnite window at (0, 0, 1920, 1080)
2026-05-17 13:42:16,862 - __main__ - ERROR - Detection loop error: '_thread._local' object has no attribute 'srcdc'
2026-05-17 13:42:17,027 - __main__ - ERROR - Detection loop error: '_thread._local' object has no attribute 'srcdc'
2026-05-17 13:42:17,198 - __main__ - ERROR - Detection loop error: '_thread._local' object has no attribute 'srcdc'
2026-05-17 13:42:17,323 - __main__ - ERROR - Detection loop error: '_thread._local' object has no attribute 'srcdc'
2026-05-17 13:42:17,590 - __main__ - ERROR - Detection loop error: '_thread._local' object has no attribute 'srcdc'
2026-05-17 13:42:17,603 - __main__ - INFO - Found Fortnite window at (0, 0, 1920, 1080)
2026-05-17 13:42:17,728 - __main__ - ERROR - Detection loop error: '_thread._local' object has no attribute 'srcdc'
2026-05-17 13:42:17,931 - __main__ - ERROR - Detection loop error: '_thread._local' object has no attribute 'srcdc'
2026-05-17 13:42:18,120 - __main__ - ERROR - Detection loop error: '_thread._local' object has no attribute 'srcdc'
2026-05-17 13:42:18,294 - __main__ - ERROR - Detection loop error: '_thread._local' object has no attribute 'srcdc'
2026-05-17 13:42:18,447 - __main__ - ERROR - Detection loop error: '_thread._local' object has no attribute 'srcdc'
2026-05-17 13:42:18,505 - __main__ - INFO - Found Fortnite window at (0, 0, 1920, 1080)
2026-05-17 13:42:18,634 - __main__ - ERROR - Detection loop error: '_thread._local' object has no attribute 'srcdc'
2026-05-17 13:42:18,850 - __main__ - ERROR - Detection loop error: '_thread._local' object has no attribute 'srcdc'
2026-05-17 13:42:19,037 - __main__ - ERROR - Detection loop error: '_thread._local' object has no attribute 'srcdc'
2026-05-17 13:42:19,177 - __main__ - ERROR - Detection loop error: '_thread._local' object has no attribute 'srcdc'
2026-05-17 13:42:19,349 - __main__ - ERROR - Detection loop error: '_thread._local' object has no attribute 'srcdc'
2026-05-17 13:42:19,459 - __main__ - INFO - Found Fortnite window at (0, 0, 1920, 1080)
2026-05-17 13:42:19,536 - __main__ - ERROR - Detection loop error: '_thread._local' object has no attribute 'srcdc'
2026-05-17 13:42:19,736 - __main__ - ERROR - Detection loop error: '_thread._local' object has no attribute 'srcdc'
2026-05-17 13:42:19,922 - __main__ - ERROR - Detection loop error: '_thread._local' object has no attribute 'srcdc'
2026-05-17 13:42:20,063 - __main__ - ERROR - Detection loop error: '_thread._local' object has no attribute 'srcdc'
2026-05-17 13:42:20,219 - __main__ - ERROR - Detection loop error: '_thread._local' object has no attribute 'srcdc'
2026-05-17 13:42:20,323 - __main__ - INFO - Found Fortnite window at (0, 0, 1920, 1080)
2026-05-17 13:42:20,390 - __main__ - ERROR - Detection loop error: '_thread._local' object has no attribute 'srcdc'
2026-05-17 13:42:20,500 - __main__ - ERROR - Detection loop error: '_thread._local' object has no attribute 'srcdc'
2026-05-17 13:42:20,715 - __main__ - ERROR - Detection loop error: '_thread._local' object has no attribute 'srcdc'
2026-05-17 13:42:20,901 - __main__ - ERROR - Detection loop error: '_thread._local' object has no attribute 'srcdc'
2026-05-17 13:42:21,136 - __main__ - ERROR - Detection loop error: '_thread._local' object has no attribute 'srcdc'
2026-05-17 13:42:21,186 - __main__ - INFO - Found Fortnite window at (0, 0, 1920, 1080)
2026-05-17 13:42:21,292 - __main__ - ERROR - Detection loop error: '_thread._local' object has no attribute 'srcdc'
2026-05-17 13:42:21,524 - __main__ - ERROR - Detection loop error: '_thread._local' object has no attribute 'srcdc'
2026-05-17 13:42:21,679 - __main__ - ERROR - Detection loop error: '_thread._local' object has no attribute 'srcdc'
2026-05-17 13:42:21,850 - __main__ - ERROR - Detection loop error: '_thread._local' object has no attribute 'srcdc'
2026-05-17 13:42:22,051 - __main__ - ERROR - Detection loop error: '_thread._local' object has no attribute 'srcdc'
2026-05-17 13:42:22,148 - __main__ - INFO - Found Fortnite window at (0, 0, 1920, 1080)
2026-05-17 13:42:22,191 - __main__ - ERROR - Detection loop error: '_thread._local' object has no attribute 'srcdc'
2026-05-17 13:42:22,330 - __main__ - ERROR - Detection loop error: '_thread._local' object has no attribute 'srcdc'
2026-05-17 13:42:22,518 - __main__ - ERROR - Detection loop error: '_thread._local' object has no attribute 'srcdc'
2026-05-17 13:42:22,678 - __main__ - ERROR - Detection loop error: '_thread._local' object has no attribute 'srcdc'
2026-05-17 13:42:22,873 - __main__ - ERROR - Detection loop error: '_thread._local' object has no attribute 'srcdc'
2026-05-17 13:42:23,123 - __main__ - INFO - Found Fortnite window at (0, 0, 1920, 1080)
2026-05-17 13:42:23,123 - __main__ - ERROR - Detection loop error: '_thread._local' object has no attribute 'srcdc'
2026-05-17 13:42:23,249 - __main__ - ERROR - Detection loop error: '_thread._local' object has no attribute 'srcdc'
2026-05-17 13:42:23,372 - __main__ - ERROR - Detection loop error: '_thread._local' object has no attribute 'srcdc'
2026-05-17 13:42:23,529 - __main__ - ERROR - Detection loop error: '_thread._local' object has no attribute 'srcdc'
2026-05-17 13:42:23,732 - __main__ - ERROR - Detection loop error: '_thread._local' object has no attribute 'srcdc'
2026-05-17 13:42:23,854 - __main__ - ERROR - Detection loop error: '_thread._local' object has no attribute 'srcdc'
2026-05-17 13:42:24,081 - __main__ - ERROR - Detection loop error: '_thread._local' object has no attribute 'srcdc'
2026-05-17 13:42:24,125 - __main__ - INFO - Found Fortnite window at (0, 0, 1920, 1080)
2026-05-17 13:42:24,250 - __main__ - ERROR - Detection loop error: '_thread._local' object has no attribute 'srcdc'
2026-05-17 13:42:24,468 - __main__ - ERROR - Detection loop error: '_thread._local' object has no attribute 'srcdc'
2026-05-17 13:42:24,641 - __main__ - ERROR - Detection loop error: '_thread._local' object has no attribute 'srcdc'
2026-05-17 13:42:24,895 - __main__ - ERROR - Detection loop error: '_thread._local' object has no attribute 'srcdc'
2026-05-17 13:42:25,129 - __main__ - ERROR - Detection loop error: '_thread._local' object has no attribute 'srcdc'
2026-05-17 13:42:25,130 - __main__ - INFO - Found Fortnite window at (0, 0, 1920, 1080)
2026-05-17 13:42:25,253 - __main__ - ERROR - Detection loop error: '_thread._local' object has no attribute 'srcdc'
2026-05-17 13:42:25,425 - __main__ - ERROR - Detection loop error: '_thread._local' object has no attribute 'srcdc'
2026-05-17 13:42:25,616 - __main__ - ERROR - Detection loop error: '_thread._local' object has no attribute 'srcdc'
2026-05-17 13:42:25,784 - __main__ - ERROR - Detection loop error: '_thread._local' object has no attribute 'srcdc'
2026-05-17 13:42:26,037 - __main__ - ERROR - Detection loop error: '_thread._local' object has no attribute 'srcdc'
2026-05-17 13:42:26,102 - __main__ - INFO - Found Fortnite window at (0, 0, 1920, 1080)
2026-05-17 13:42:26,205 - __main__ - ERROR - Detection loop error: '_thread._local' object has no attribute 'srcdc'
2026-05-17 13:42:26,345 - __main__ - ERROR - Detection loop error: '_thread._local' object has no attribute 'srcdc'
2026-05-17 13:42:26,532 - __main__ - ERROR - Detection loop error: '_thread._local' object has no attribute 'srcdc'
2026-05-17 13:42:26,670 - __main__ - ERROR - Detection loop error: '_thread._local' object has no attribute 'srcdc'
2026-05-17 13:42:26,826 - __main__ - ERROR - Detection loop error: '_thread._local' object has no attribute 'srcdc'
2026-05-17 13:42:27,044 - __main__ - ERROR - Detection loop error: '_thread._local' object has no attribute 'srcdc'
2026-05-17 13:42:27,086 - __main__ - INFO - Found Fortnite window at (0, 0, 1920, 1080)
2026-05-17 13:42:27,200 - __main__ - ERROR - Detection loop error: '_thread._local' object has no attribute 'srcdc'
2026-05-17 13:42:27,324 - __main__ - ERROR - Detection loop error: '_thread._local' object has no attribute 'srcdc'
2026-05-17 13:42:27,524 - __main__ - ERROR - Detection loop error: '_thread._local' object has no attribute 'srcdc'
2026-05-17 13:42:27,727 - __main__ - ERROR - Detection loop error: '_thread._local' object has no attribute 'srcdc'
2026-05-17 13:42:27,954 - __main__ - ERROR - Detection loop error: '_thread._local' object has no attribute 'srcdc'
2026-05-17 13:42:28,133 - __main__ - ERROR - Detection loop error: '_thread._local' object has no attribute 'srcdc'
2026-05-17 13:42:28,153 - __main__ - INFO - Found Fortnite window at (0, 0, 1920, 1080)
2026-05-17 13:42:28,274 - __main__ - ERROR - Detection loop error: '_thread._local' object has no attribute 'srcdc'
2026-05-17 13:42:28,438 - __main__ - ERROR - Detection loop error: '_thread._local' object has no attribute 'srcdc'
2026-05-17 13:42:28,591 - __main__ - ERROR - Detection loop error: '_thread._local' object has no attribute 'srcdc'
2026-05-17 13:42:28,807 - __main__ - ERROR - Detection loop error: '_thread._local' object has no attribute 'srcdc'
2026-05-17 13:42:28,993 - __main__ - ERROR - Detection loop error: '_thread._local' object has no attribute 'srcdc'
2026-05-17 13:42:28,999 - __main__ - INFO - Found Fortnite window at (0, 0, 1920, 1080)
2026-05-17 13:42:29,106 - __main__ - ERROR - Detection loop error: '_thread._local' object has no attribute 'srcdc'
2026-05-17 13:42:29,305 - __main__ - ERROR - Detection loop error: '_thread._local' object has no attribute 'srcdc'
2026-05-17 13:42:29,475 - __main__ - ERROR - Detection loop error: '_thread._local' object has no attribute 'srcdc'
2026-05-17 13:42:29,687 - __main__ - ERROR - Detection loop error: '_thread._local' object has no attribute 'srcdc'
2026-05-17 13:42:29,747 - __main__ - INFO - Found Fortnite window at (0, 0, 1920, 1080)
2026-05-17 13:42:29,832 - __main__ - ERROR - Detection loop error: '_thread._local' object has no attribute 'srcdc'
2026-05-17 13:42:29,940 - __main__ - ERROR - Detection loop error: '_thread._local' object has no attribute 'srcdc'
2026-05-17 13:42:30,140 - __main__ - ERROR - Detection loop error: '_thread._local' object has no attribute 'srcdc'
2026-05-17 13:42:30,294 - __main__ - ERROR - Detection loop error: '_thread._local' object has no attribute 'srcdc'
2026-05-17 13:42:30,500 - __main__ - ERROR - Detection loop error: '_thread._local' object has no attribute 'srcdc'
2026-05-17 13:42:30,651 - __main__ - INFO - Found Fortnite window at (0, 0, 1920, 1080)
2026-05-17 13:42:30,672 - __main__ - ERROR - Detection loop error: '_thread._local' object has no attribute 'srcdc'
2026-05-17 13:42:30,858 - __main__ - ERROR - Detection loop error: '_thread._local' object has no attribute 'srcdc'
2026-05-17 13:42:31,046 - __main__ - ERROR - Detection loop error: '_thread._local' object has no attribute 'srcdc'
2026-05-17 13:42:31,265 - __main__ - ERROR - Detection loop error: '_thread._local' object has no attribute 'srcdc'
2026-05-17 13:42:31,403 - __main__ - INFO - Found Fortnite window at (0, 0, 1920, 1080)
2026-05-17 13:42:31,436 - __main__ - ERROR - Detection loop error: '_thread._local' object has no attribute 'srcdc'
2026-05-17 13:42:31,608 - __main__ - ERROR - Detection loop error: '_thread._local' object has no attribute 'srcdc'
2026-05-17 13:42:31,797 - __main__ - ERROR - Detection loop error: '_thread._local' object has no attribute 'srcdc'
2026-05-17 13:42:31,968 - __main__ - ERROR - Detection loop error: '_thread._local' object has no attribute 'srcdc'
2026-05-17 13:42:32,129 - __main__ - INFO - Found Fortnite window at (0, 0, 1920, 1080)
2026-05-17 13:42:32,140 - __main__ - ERROR - Detection loop error: '_thread._local' object has no attribute 'srcdc'
2026-05-17 13:42:32,295 - __main__ - ERROR - Detection loop error: '_thread._local' object has no attribute 'srcdc'
2026-05-17 13:42:32,452 - __main__ - ERROR - Detection loop error: '_thread._local' object has no attribute 'srcdc'
2026-05-17 13:42:32,608 - __main__ - ERROR - Detection loop error: '_thread._local' object has no attribute 'srcdc'
2026-05-17 13:42:32,811 - __main__ - ERROR - Detection loop error: '_thread._local' object has no attribute 'srcdc'
2026-05-17 13:42:32,938 - __main__ - INFO - Found Fortnite window at (0, 0, 1920, 1080)
2026-05-17 13:42:32,952 - __main__ - ERROR - Detection loop error: '_thread._local' object has no attribute 'srcdc'
2026-05-17 13:42:33,077 - __main__ - ERROR - Detection loop error: '_thread._local' object has no attribute 'srcdc'
2026-05-17 13:42:33,217 - __main__ - ERROR - Detection loop error: '_thread._local' object has no attribute 'srcdc'
2026-05-17 13:42:33,372 - __main__ - ERROR - Detection loop error: '_thread._local' object has no attribute 'srcdc'
2026-05-17 13:42:33,515 - __main__ - ERROR - Detection loop error: '_thread._local' object has no attribute 'srcdc'
2026-05-17 13:42:33,701 - __main__ - ERROR - Detection loop error: '_thread._local' object has no attribute 'srcdc'
2026-05-17 13:42:33,796 - __main__ - INFO - Found Fortnite window at (0, 0, 1920, 1080)
2026-05-17 13:42:33,842 - __main__ - ERROR - Detection loop error: '_thread._local' object has no attribute 'srcdc'
2026-05-17 13:42:33,966 - __main__ - ERROR - Detection loop error: '_thread._local' object has no attribute 'srcdc'
2026-05-17 13:42:34,142 - __main__ - ERROR - Detection loop error: '_thread._local' object has no attribute 'srcdc'
2026-05-17 13:42:34,325 - __main__ - ERROR - Detection loop error: '_thread._local' object has no attribute 'srcdc'
2026-05-17 13:42:34,512 - __main__ - ERROR - Detection loop error: '_thread._local' object has no attribute 'srcdc'
2026-05-17 13:42:34,627 - __main__ - INFO - Found Fortnite window at (0, 0, 1920, 1080)
2026-05-17 13:42:34,683 - __main__ - ERROR - Detection loop error: '_thread._local' object has no attribute 'srcdc'
2026-05-17 13:42:34,886 - __main__ - ERROR - Detection loop error: '_thread._local' object has no attribute 'srcdc'
2026-05-17 13:42:35,017 - __main__ - ERROR - Detection loop error: '_thread._local' object has no attribute 'srcdc'
2026-05-17 13:42:35,238 - __main__ - ERROR - Detection loop error: '_thread._local' object has no attribute 'srcdc'
2026-05-17 13:42:35,398 - __main__ - ERROR - Detection loop error: '_thread._local' object has no attribute 'srcdc'
2026-05-17 13:42:35,453 - __main__ - INFO - Found Fortnite window at (0, 0, 1920, 1080)
2026-05-17 13:42:35,572 - __main__ - ERROR - Detection loop error: '_thread._local' object has no attribute 'srcdc'
2026-05-17 13:42:35,704 - __main__ - ERROR - Detection loop error: '_thread._local' object has no attribute 'srcdc'
2026-05-17 13:42:35,833 - __main__ - ERROR - Detection loop error: '_thread._local' object has no attribute 'srcdc'
2026-05-17 13:42:36,083 - __main__ - ERROR - Detection loop error: '_thread._local' object has no attribute 'srcdc'
2026-05-17 13:42:36,270 - __main__ - ERROR - Detection loop error: '_thread._local' object has no attribute 'srcdc'
2026-05-17 13:42:36,308 - __main__ - INFO - Found Fortnite window at (0, 0, 1920, 1080)
2026-05-17 13:42:36,453 - __main__ - ERROR - Detection loop error: '_thread._local' object has no attribute 'srcdc'
2026-05-17 13:42:36,606 - __main__ - ERROR - Detection loop error: '_thread._local' object has no attribute 'srcdc'
2026-05-17 13:42:36,754 - __main__ - ERROR - Detection loop error: '_thread._local' object has no attribute 'srcdc'
2026-05-17 13:42:36,922 - __main__ - ERROR - Detection loop error: '_thread._local' object has no attribute 'srcdc'
2026-05-17 13:42:37,097 - __main__ - ERROR - Detection loop error: '_thread._local' object has no attribute 'srcdc'
2026-05-17 13:42:37,149 - __main__ - INFO - Found Fortnite window at (0, 0, 1920, 1080)
2026-05-17 13:42:37,255 - __main__ - ERROR - Detection loop error: '_thread._local' object has no attribute 'srcdc'
2026-05-17 13:42:37,378 - __main__ - ERROR - Detection loop error: '_thread._local' object has no attribute 'srcdc'
2026-05-17 13:42:37,565 - __main__ - ERROR - Detection loop error: '_thread._local' object has no attribute 'srcdc'
2026-05-17 13:42:37,754 - __main__ - ERROR - Detection loop error: '_thread._local' object has no attribute 'srcdc'
2026-05-17 13:42:37,895 - __main__ - ERROR - Detection loop error: '_thread._local' object has no attribute 'srcdc'
2026-05-17 13:42:38,049 - __main__ - ERROR - Detection loop error: '_thread._local' object has no attribute 'srcdc'
2026-05-17 13:42:38,071 - __main__ - INFO - Found Fortnite window at (0, 0, 1920, 1080)
2026-05-17 13:42:38,190 - __main__ - ERROR - Detection loop error: '_thread._local' object has no attribute 'srcdc'
2026-05-17 13:42:38,315 - __main__ - ERROR - Detection loop error: '_thread._local' object has no attribute 'srcdc'
2026-05-17 13:42:38,504 - __main__ - ERROR - Detection loop error: '_thread._local' object has no attribute 'srcdc'
2026-05-17 13:42:38,651 - __main__ - ERROR - Detection loop error: '_thread._local' object has no attribute 'srcdc'
2026-05-17 13:42:38,830 - __main__ - ERROR - Detection loop error: '_thread._local' object has no attribute 'srcdc'
2026-05-17 13:42:38,947 - __main__ - INFO - Found Fortnite window at (0, 0, 1920, 1080)
2026-05-17 13:42:39,007 - __main__ - ERROR - Detection loop error: '_thread._local' object has no attribute 'srcdc'
2026-05-17 13:42:39,132 - __main__ - ERROR - Detection loop error: '_thread._local' object has no attribute 'srcdc'
2026-05-17 13:42:39,303 - __main__ - ERROR - Detection loop error: '_thread._local' object has no attribute 'srcdc'
2026-05-17 13:42:39,437 - __main__ - ERROR - Detection loop error: '_thread._local' object has no attribute 'srcdc'
2026-05-17 13:42:39,616 - __main__ - ERROR - Detection loop error: '_thread._local' object has no attribute 'srcdc'
2026-05-17 13:42:39,801 - __main__ - ERROR - Detection loop error: '_thread._local' object has no attribute 'srcdc'
2026-05-17 13:42:39,838 - __main__ - INFO - Found Fortnite window at (0, 0, 1920, 1080)
2026-05-17 13:42:39,988 - __main__ - ERROR - Detection loop error: '_thread._local' object has no attribute 'srcdc'
2026-05-17 13:42:40,162 - __main__ - ERROR - Detection loop error: '_thread._local' object has no attribute 'srcdc'
2026-05-17 13:42:40,378 - __main__ - ERROR - Detection loop error: '_thread._local' object has no attribute 'srcdc'
2026-05-17 13:42:40,517 - __main__ - ERROR - Detection loop error: '_thread._local' object has no attribute 'srcdc'
2026-05-17 13:42:40,707 - __main__ - INFO - Found Fortnite window at (0, 0, 1920, 1080)
2026-05-17 13:42:40,719 - __main__ - ERROR - Detection loop error: '_thread._local' object has no attribute 'srcdc'
2026-05-17 13:42:40,845 - __main__ - ERROR - Detection loop error: '_thread._local' object has no attribute 'srcdc'
2026-05-17 13:42:41,002 - __main__ - ERROR - Detection loop error: '_thread._local' object has no attribute 'srcdc'
2026-05-17 13:42:41,195 - __main__ - ERROR - Detection loop error: '_thread._local' object has no attribute 'srcdc'
2026-05-17 13:42:41,383 - __main__ - ERROR - Detection loop error: '_thread._local' object has no attribute 'srcdc'
2026-05-17 13:42:41,567 - __main__ - ERROR - Detection loop error: '_thread._local' object has no attribute 'srcdc'
2026-05-17 13:42:41,585 - __main__ - INFO - Found Fortnite window at (0, 0, 1920, 1080)
2026-05-17 13:42:41,724 - __main__ - ERROR - Detection loop error: '_thread._local' object has no attribute 'srcdc'
2026-05-17 13:42:41,927 - __main__ - ERROR - Detection loop error: '_thread._local' object has no attribute 'srcdc'
2026-05-17 13:42:42,145 - __main__ - ERROR - Detection loop error: '_thread._local' object has no attribute 'srcdc'
2026-05-17 13:42:42,346 - __main__ - ERROR - Detection loop error: '_thread._local' object has no attribute 'srcdc'
2026-05-17 13:42:42,405 - __main__ - INFO - Found Fortnite window at (0, 0, 1920, 1080)
2026-05-17 13:42:42,487 - __main__ - ERROR - Detection loop error: '_thread._local' object has no attribute 'srcdc'
2026-05-17 13:42:42,610 - __main__ - ERROR - Detection loop error: '_thread._local' object has no attribute 'srcdc'
2026-05-17 13:42:42,750 - __main__ - ERROR - Detection loop error: '_thread._local' object has no attribute 'srcdc'
2026-05-17 13:42:42,949 - __main__ - ERROR - Detection loop error: '_thread._local' object has no attribute 'srcdc'
2026-05-17 13:42:43,106 - __main__ - ERROR - Detection loop error: '_thread._local' object has no attribute 'srcdc'
2026-05-17 13:42:43,242 - __main__ - ERROR - Detection loop error: '_thread._local' object has no attribute 'srcdc'
2026-05-17 13:42:43,298 - __main__ - INFO - Found Fortnite window at (0, 0, 1920, 1080)
2026-05-17 13:42:43,419 - __main__ - ERROR - Detection loop error: '_thread._local' object has no attribute 'srcdc'
2026-05-17 13:42:43,553 - __main__ - ERROR - Detection loop error: '_thread._local' object has no attribute 'srcdc'
2026-05-17 13:42:43,739 - __main__ - ERROR - Detection loop error: '_thread._local' object has no attribute 'srcdc'
2026-05-17 13:42:43,929 - __main__ - ERROR - Detection loop error: '_thread._local' object has no attribute 'srcdc'
2026-05-17 13:42:44,022 - __main__ - INFO - Found Fortnite window at (0, 0, 1920, 1080)
2026-05-17 13:42:44,132 - __main__ - ERROR - Detection loop error: '_thread._local' object has no attribute 'srcdc'
2026-05-17 13:42:44,317 - __main__ - ERROR - Detection loop error: '_thread._local' object has no attribute 'srcdc'
2026-05-17 13:42:44,503 - __main__ - ERROR - Detection loop error: '_thread._local' object has no attribute 'srcdc'
2026-05-17 13:42:44,660 - __main__ - ERROR - Detection loop error: '_thread._local' object has no attribute 'srcdc'
2026-05-17 13:42:44,733 - __main__ - INFO - Found Fortnite window at (0, 0, 1920, 1080)
2026-05-17 13:42:44,801 - __main__ - ERROR - Detection loop error: '_thread._local' object has no attribute 'srcdc'
2026-05-17 13:42:44,927 - __main__ - ERROR - Detection loop error: '_thread._local' object has no attribute 'srcdc'
2026-05-17 13:42:45,068 - __main__ - ERROR - Detection loop error: '_thread._local' object has no attribute 'srcdc'
2026-05-17 13:42:45,238 - __main__ - ERROR - Detection loop error: '_thread._local' object has no attribute 'srcdc'
2026-05-17 13:42:45,363 - __main__ - ERROR - Detection loop error: '_thread._local' object has no attribute 'srcdc'
2026-05-17 13:42:45,562 - __main__ - ERROR - Detection loop error: '_thread._local' object has no attribute 'srcdc'
2026-05-17 13:42:45,575 - __main__ - INFO - Found Fortnite window at (0, 0, 1920, 1080)
2026-05-17 13:42:45,712 - __main__ - ERROR - Detection loop error: '_thread._local' object has no attribute 'srcdc'
2026-05-17 13:42:45,905 - __main__ - ERROR - Detection loop error: '_thread._local' object has no attribute 'srcdc'
2026-05-17 13:42:46,030 - __main__ - ERROR - Detection loop error: '_thread._local' object has no attribute 'srcdc'
2026-05-17 13:42:46,186 - __main__ - ERROR - Detection loop error: '_thread._local' object has no attribute 'srcdc'
2026-05-17 13:42:46,328 - __main__ - ERROR - Detection loop error: '_thread._local' object has no attribute 'srcdc'
2026-05-17 13:42:46,419 - __main__ - INFO - Found Fortnite window at (0, 0, 1920, 1080)
2026-05-17 13:42:46,513 - __main__ - ERROR - Detection loop error: '_thread._local' object has no attribute 'srcdc'
2026-05-17 13:42:46,640 - __main__ - ERROR - Detection loop error: '_thread._local' object has no attribute 'srcdc'
2026-05-17 13:42:46,793 - __main__ - ERROR - Detection loop error: '_thread._local' object has no attribute 'srcdc'
2026-05-17 13:42:47,012 - __main__ - ERROR - Detection loop error: '_thread._local' object has no attribute 'srcdc'
2026-05-17 13:42:47,183 - __main__ - ERROR - Detection loop error: '_thread._local' object has no attribute 'srcdc'
2026-05-17 13:42:47,284 - __main__ - INFO - Found Fortnite window at (0, 0, 1920, 1080)
2026-05-17 13:42:47,325 - __main__ - ERROR - Detection loop error: '_thread._local' object has no attribute 'srcdc'
2026-05-17 13:42:47,525 - __main__ - ERROR - Detection loop error: '_thread._local' object has no attribute 'srcdc'
2026-05-17 13:42:47,721 - __main__ - ERROR - Detection loop error: '_thread._local' object has no attribute 'srcdc'
2026-05-17 13:42:47,868 - __main__ - ERROR - Detection loop error: '_thread._local' object has no attribute 'srcdc'
2026-05-17 13:42:48,056 - __main__ - ERROR - Detection loop error: '_thread._local' object has no attribute 'srcdc'
2026-05-17 13:42:48,064 - __main__ - INFO - Found Fortnite window at (0, 0, 1920, 1080)
2026-05-17 13:42:48,163 - __main__ - ERROR - Detection loop error: '_thread._local' object has no attribute 'srcdc'
2026-05-17 13:42:48,311 - __main__ - ERROR - Detection loop error: '_thread._local' object has no attribute 'srcdc'
2026-05-17 13:42:48,493 - __main__ - ERROR - Detection loop error: '_thread._local' object has no attribute 'srcdc'
2026-05-17 13:42:48,699 - __main__ - ERROR - Detection loop error: '_thread._local' object has no attribute 'srcdc'
2026-05-17 13:42:48,871 - __main__ - ERROR - Detection loop error: '_thread._local' object has no attribute 'srcdc'
2026-05-17 13:42:49,009 - __main__ - INFO - Found Fortnite window at (0, 0, 1920, 1080)
2026-05-17 13:42:49,074 - __main__ - ERROR - Detection loop error: '_thread._local' object has no attribute 'srcdc'
2026-05-17 13:42:49,512 - __main__ - ERROR - Detection loop error: '_thread._local' object has no attribute 'srcdc'
2026-05-17 13:42:49,692 - __main__ - ERROR - Detection loop error: '_thread._local' object has no attribute 'srcdc'
2026-05-17 13:42:49,849 - __main__ - ERROR - Detection loop error: '_thread._local' object has no attribute 'srcdc'
2026-05-17 13:42:49,849 - __main__ - INFO - Found Fortnite window at (0, 0, 1920, 1080)
2026-05-17 13:42:49,963 - __main__ - ERROR - Detection loop error: '_thread._local' object has no attribute 'srcdc'
2026-05-17 13:42:50,120 - __main__ - ERROR - Detection loop error: '_thread._local' object has no attribute 'srcdc'
2026-05-17 13:42:50,276 - __main__ - ERROR - Detection loop error: '_thread._local' object has no attribute 'srcdc'
2026-05-17 13:42:50,462 - __main__ - ERROR - Detection loop error: '_thread._local' object has no attribute 'srcdc'
2026-05-17 13:42:50,605 - __main__ - ERROR - Detection loop error: '_thread._local' object has no attribute 'srcdc'
2026-05-17 13:42:50,769 - __main__ - ERROR - Detection loop error: '_thread._local' object has no attribute 'srcdc'
2026-05-17 13:42:50,772 - __main__ - INFO - Found Fortnite window at (0, 0, 1920, 1080)
2026-05-17 13:42:50,902 - __main__ - ERROR - Detection loop error: '_thread._local' object has no attribute 'srcdc'
2026-05-17 13:42:51,051 - __main__ - ERROR - Detection loop error: '_thread._local' object has no attribute 'srcdc'
2026-05-17 13:42:51,231 - __main__ - ERROR - Detection loop error: '_thread._local' object has no attribute 'srcdc'
2026-05-17 13:42:51,370 - __main__ - ERROR - Detection loop error: '_thread._local' object has no attribute 'srcdc'
2026-05-17 13:42:51,512 - __main__ - ERROR - Detection loop error: '_thread._local' object has no attribute 'srcdc'
2026-05-17 13:42:51,640 - __main__ - ERROR - Detection loop error: '_thread._local' object has no attribute 'srcdc'
2026-05-17 13:42:51,658 - __main__ - INFO - Found Fortnite window at (0, 0, 1920, 1080)
2026-05-17 13:42:51,764 - __main__ - ERROR - Detection loop error: '_thread._local' object has no attribute 'srcdc'
2026-05-17 13:42:51,887 - __main__ - ERROR - Detection loop error: '_thread._local' object has no attribute 'srcdc'
2026-05-17 13:42:52,075 - __main__ - ERROR - Detection loop error: '_thread._local' object has no attribute 'srcdc'
2026-05-17 13:42:52,262 - __main__ - ERROR - Detection loop error: '_thread._local' object has no attribute 'srcdc'
2026-05-17 13:42:52,418 - __main__ - ERROR - Detection loop error: '_thread._local' object has no attribute 'srcdc'
2026-05-17 13:42:52,559 - __main__ - ERROR - Detection loop error: '_thread._local' object has no attribute 'srcdc'
2026-05-17 13:42:52,713 - __main__ - ERROR - Detection loop error: '_thread._local' object has no attribute 'srcdc'
2026-05-17 13:42:52,738 - __main__ - INFO - Found Fortnite window at (0, 0, 1920, 1080)
2026-05-17 13:42:52,855 - __main__ - ERROR - Detection loop error: '_thread._local' object has no attribute 'srcdc'
2026-05-17 13:42:53,014 - __main__ - ERROR - Detection loop error: '_thread._local' object has no attribute 'srcdc'
2026-05-17 13:42:53,228 - __main__ - ERROR - Detection loop error: '_thread._local' object has no attribute 'srcdc'
2026-05-17 13:42:53,359 - __main__ - ERROR - Detection loop error: '_thread._local' object has no attribute 'srcdc'
2026-05-17 13:42:53,511 - __main__ - ERROR - Detection loop error: '_thread._local' object has no attribute 'srcdc'
2026-05-17 13:42:53,715 - __main__ - ERROR - Detection loop error: '_thread._local' object has no attribute 'srcdc'
2026-05-17 13:42:53,720 - __main__ - INFO - Found Fortnite window at (0, 0, 1920, 1080)
2026-05-17 13:42:53,825 - __main__ - ERROR - Detection loop error: '_thread._local' object has no attribute 'srcdc'
2026-05-17 13:42:53,981 - __main__ - ERROR - Detection loop error: '_thread._local' object has no attribute 'srcdc'
2026-05-17 13:42:54,245 - __main__ - ERROR - Detection loop error: '_thread._local' object has no attribute 'srcdc'
2026-05-17 13:42:54,488 - __main__ - ERROR - Detection loop error: '_thread._local' object has no attribute 'srcdc'
2026-05-17 13:42:54,649 - __main__ - ERROR - Detection loop error: '_thread._local' object has no attribute 'srcdc'
2026-05-17 13:42:54,687 - __main__ - INFO - Found Fortnite window at (0, 0, 1920, 1080)
2026-05-17 13:42:54,789 - __main__ - ERROR - Detection loop error: '_thread._local' object has no attribute 'srcdc'
2026-05-17 13:42:54,915 - __main__ - ERROR - Detection loop error: '_thread._local' object has no attribute 'srcdc'
2026-05-17 13:42:55,086 - __main__ - ERROR - Detection loop error: '_thread._local' object has no attribute 'srcdc'
2026-05-17 13:42:55,257 - __main__ - ERROR - Detection loop error: '_thread._local' object has no attribute 'srcdc'
2026-05-17 13:42:55,435 - __main__ - ERROR - Detection loop error: '_thread._local' object has no attribute 'srcdc'
2026-05-17 13:42:55,570 - __main__ - ERROR - Detection loop error: '_thread._local' object has no attribute 'srcdc'
2026-05-17 13:42:55,670 - __main__ - INFO - Found Fortnite window at (0, 0, 1920, 1080)
2026-05-17 13:42:55,727 - __main__ - ERROR - Detection loop error: '_thread._local' object has no attribute 'srcdc'
2026-05-17 13:42:55,837 - __main__ - ERROR - Detection loop error: '_thread._local' object has no attribute 'srcdc'
2026-05-17 13:42:56,037 - __main__ - ERROR - Detection loop error: '_thread._local' object has no attribute 'srcdc'
2026-05-17 13:42:56,197 - __main__ - ERROR - Detection loop error: '_thread._local' object has no attribute 'srcdc'
2026-05-17 13:42:56,348 - __main__ - ERROR - Detection loop error: '_thread._local' object has no attribute 'srcdc'
2026-05-17 13:42:56,474 - __main__ - ERROR - Detection loop error: '_thread._local' object has no attribute 'srcdc'
2026-05-17 13:42:56,573 - __main__ - INFO - Found Fortnite window at (0, 0, 1920, 1080)
2026-05-17 13:42:56,722 - __main__ - ERROR - Detection loop error: '_thread._local' object has no attribute 'srcdc'
2026-05-17 13:42:56,939 - __main__ - ERROR - Detection loop error: '_thread._local' object has no attribute 'srcdc'
2026-05-17 13:42:57,096 - __main__ - ERROR - Detection loop error: '_thread._local' object has no attribute 'srcdc'
2026-05-17 13:42:57,328 - __main__ - ERROR - Detection loop error: '_thread._local' object has no attribute 'srcdc'
2026-05-17 13:42:57,413 - __main__ - INFO - Found Fortnite window at (0, 0, 1920, 1080)
2026-05-17 13:42:57,517 - __main__ - ERROR - Detection loop error: '_thread._local' object has no attribute 'srcdc'
2026-05-17 13:42:57,686 - __main__ - ERROR - Detection loop error: '_thread._local' object has no attribute 'srcdc'
2026-05-17 13:42:57,827 - __main__ - ERROR - Detection loop error: '_thread._local' object has no attribute 'srcdc'
2026-05-17 13:42:58,013 - __main__ - ERROR - Detection loop error: '_thread._local' object has no attribute 'srcdc'
2026-05-17 13:42:58,199 - __main__ - ERROR - Detection loop error: '_thread._local' object has no attribute 'srcdc'
2026-05-17 13:42:58,210 - __main__ - INFO - Found Fortnite window at (0, 0, 1920, 1080)
2026-05-17 13:42:58,327 - __main__ - ERROR - Detection loop error: '_thread._local' object has no attribute 'srcdc'
2026-05-17 13:42:58,478 - __main__ - ERROR - Detection loop error: '_thread._local' object has no attribute 'srcdc'
2026-05-17 13:42:58,652 - __main__ - ERROR - Detection loop error: '_thread._local' object has no attribute 'srcdc'
2026-05-17 13:42:58,790 - __main__ - ERROR - Detection loop error: '_thread._local' object has no attribute 'srcdc'
2026-05-17 13:42:59,024 - __main__ - ERROR - Detection loop error: '_thread._local' object has no attribute 'srcdc'
2026-05-17 13:42:59,070 - __main__ - INFO - Found Fortnite window at (0, 0, 1920, 1080)
2026-05-17 13:42:59,225 - __main__ - ERROR - Detection loop error: '_thread._local' object has no attribute 'srcdc'
2026-05-17 13:42:59,380 - __main__ - ERROR - Detection loop error: '_thread._local' object has no attribute 'srcdc'
2026-05-17 13:42:59,566 - __main__ - ERROR - Detection loop error: '_thread._local' object has no attribute 'srcdc'
2026-05-17 13:42:59,815 - __main__ - ERROR - Detection loop error: '_thread._local' object has no attribute 'srcdc'
2026-05-17 13:42:59,853 - __main__ - INFO - Found Fortnite window at (0, 0, 1920, 1080)
2026-05-17 13:42:59,955 - __main__ - ERROR - Detection loop error: '_thread._local' object has no attribute 'srcdc'
2026-05-17 13:43:00,127 - __main__ - ERROR - Detection loop error: '_thread._local' object has no attribute 'srcdc'
2026-05-17 13:43:00,345 - __main__ - ERROR - Detection loop error: '_thread._local' object has no attribute 'srcdc'
2026-05-17 13:43:00,493 - __main__ - ERROR - Detection loop error: '_thread._local' object has no attribute 'srcdc'
2026-05-17 13:43:00,627 - __main__ - ERROR - Detection loop error: '_thread._local' object has no attribute 'srcdc'
2026-05-17 13:43:00,694 - __main__ - INFO - Found Fortnite window at (0, 0, 1920, 1080)
2026-05-17 13:43:00,789 - __main__ - ERROR - Detection loop error: '_thread._local' object has no attribute 'srcdc'
2026-05-17 13:43:01,031 - __main__ - ERROR - Detection loop error: '_thread._local' object has no attribute 'srcdc'
2026-05-17 13:43:01,189 - __main__ - ERROR - Detection loop error: '_thread._local' object has no attribute 'srcdc'
2026-05-17 13:43:01,439 - __main__ - ERROR - Detection loop error: '_thread._local' object has no attribute 'srcdc'
2026-05-17 13:43:01,522 - __main__ - INFO - Found Fortnite window at (0, 0, 1920, 1080)
2026-05-17 13:43:01,628 - __main__ - ERROR - Detection loop error: '_thread._local' object has no attribute 'srcdc'
2026-05-17 13:43:01,839 - __main__ - ERROR - Detection loop error: '_thread._local' object has no attribute 'srcdc'
2026-05-17 13:43:01,989 - __main__ - ERROR - Detection loop error: '_thread._local' object has no attribute 'srcdc'
2026-05-17 13:43:02,161 - __main__ - ERROR - Detection loop error: '_thread._local' object has no attribute 'srcdc'
2026-05-17 13:43:02,316 - __main__ - ERROR - Detection loop error: '_thread._local' object has no attribute 'srcdc'
2026-05-17 13:43:02,411 - __main__ - INFO - Found Fortnite window at (0, 0, 1920, 1080)
2026-05-17 13:43:02,550 - __main__ - ERROR - Detection loop error: '_thread._local' object has no attribute 'srcdc'
2026-05-17 13:43:02,700 - __main__ - ERROR - Detection loop error: '_thread._local' object has no attribute 'srcdc'
2026-05-17 13:43:02,849 - __main__ - ERROR - Detection loop error: '_thread._local' object has no attribute 'srcdc'
2026-05-17 13:43:03,036 - __main__ - ERROR - Detection loop error: '_thread._local' object has no attribute 'srcdc'
2026-05-17 13:43:03,178 - __main__ - ERROR - Detection loop error: '_thread._local' object has no attribute 'srcdc'
2026-05-17 13:43:03,291 - __main__ - INFO - Found Fortnite window at (0, 0, 1920, 1080)
2026-05-17 13:43:03,301 - __main__ - ERROR - Detection loop error: '_thread._local' object has no attribute 'srcdc'
2026-05-17 13:43:03,410 - __main__ - ERROR - Detection loop error: '_thread._local' object has no attribute 'srcdc'
2026-05-17 13:43:03,584 - __main__ - ERROR - Detection loop error: '_thread._local' object has no attribute 'srcdc'
2026-05-17 13:43:03,817 - __main__ - ERROR - Detection loop error: '_thread._local' object has no attribute 'srcdc'
2026-05-17 13:43:04,003 - __main__ - ERROR - Detection loop error: '_thread._local' object has no attribute 'srcdc'
2026-05-17 13:43:04,162 - __main__ - INFO - Found Fortnite window at (0, 0, 1920, 1080)
2026-05-17 13:43:04,223 - __main__ - ERROR - Detection loop error: '_thread._local' object has no attribute 'srcdc'
2026-05-17 13:43:04,331 - __main__ - ERROR - Detection loop error: '_thread._local' object has no attribute 'srcdc'
2026-05-17 13:43:04,550 - __main__ - ERROR - Detection loop error: '_thread._local' object has no attribute 'srcdc'
2026-05-17 13:43:04,685 - __main__ - ERROR - Detection loop error: '_thread._local' object has no attribute 'srcdc'
2026-05-17 13:43:04,890 - __main__ - ERROR - Detection loop error: '_thread._local' object has no attribute 'srcdc'
2026-05-17 13:43:05,038 - __main__ - ERROR - Detection loop error: '_thread._local' object has no attribute 'srcdc'
2026-05-17 13:43:05,038 - __main__ - INFO - Found Fortnite window at (0, 0, 1920, 1080)
2026-05-17 13:43:05,145 - __main__ - ERROR - Detection loop error: '_thread._local' object has no attribute 'srcdc'
2026-05-17 13:43:05,300 - __main__ - ERROR - Detection loop error: '_thread._local' object has no attribute 'srcdc'
2026-05-17 13:43:05,485 - __main__ - ERROR - Detection loop error: '_thread._local' object has no attribute 'srcdc'
2026-05-17 13:43:05,640 - __main__ - ERROR - Detection loop error: '_thread._local' object has no attribute 'srcdc'
2026-05-17 13:43:05,798 - __main__ - ERROR - Detection loop error: '_thread._local' object has no attribute 'srcdc'
2026-05-17 13:43:05,916 - __main__ - INFO - Found Fortnite window at (0, 0, 1920, 1080)
2026-05-17 13:43:05,936 - __main__ - ERROR - Detection loop error: '_thread._local' object has no attribute 'srcdc'
2026-05-17 13:43:06,075 - __main__ - ERROR - Detection loop error: '_thread._local' object has no attribute 'srcdc'
2026-05-17 13:43:06,232 - __main__ - ERROR - Detection loop error: '_thread._local' object has no attribute 'srcdc'
2026-05-17 13:43:06,404 - __main__ - ERROR - Detection loop error: '_thread._local' object has no attribute 'srcdc'
2026-05-17 13:43:06,545 - __main__ - ERROR - Detection loop error: '_thread._local' object has no attribute 'srcdc'
2026-05-17 13:43:06,686 - __main__ - ERROR - Detection loop error: '_thread._local' object has no attribute 'srcdc'
2026-05-17 13:43:06,792 - __main__ - INFO - Found Fortnite window at (0, 0, 1920, 1080)
2026-05-17 13:43:06,825 - __main__ - ERROR - Detection loop error: '_thread._local' object has no attribute 'srcdc'
2026-05-17 13:43:06,967 - __main__ - ERROR - Detection loop error: '_thread._local' object has no attribute 'srcdc'
2026-05-17 13:43:07,105 - __main__ - ERROR - Detection loop error: '_thread._local' object has no attribute 'srcdc'
2026-05-17 13:43:07,306 - __main__ - ERROR - Detection loop error: '_thread._local' object has no attribute 'srcdc'
2026-05-17 13:43:07,482 - __main__ - ERROR - Detection loop error: '_thread._local' object has no attribute 'srcdc'
2026-05-17 13:43:07,622 - __main__ - ERROR - Detection loop error: '_thread._local' object has no attribute 'srcdc'
2026-05-17 13:43:07,741 - __main__ - INFO - Found Fortnite window at (0, 0, 1920, 1080)
2026-05-17 13:43:07,762 - __main__ - ERROR - Detection loop error: '_thread._local' object has no attribute 'srcdc'
2026-05-17 13:43:07,888 - __main__ - ERROR - Detection loop error: '_thread._local' object has no attribute 'srcdc'
2026-05-17 13:43:08,139 - __main__ - ERROR - Detection loop error: '_thread._local' object has no attribute 'srcdc'
2026-05-17 13:43:08,313 - __main__ - ERROR - Detection loop error: '_thread._local' object has no attribute 'srcdc'
2026-05-17 13:43:08,486 - __main__ - ERROR - Detection loop error: '_thread._local' object has no attribute 'srcdc'
2026-05-17 13:43:08,663 - __main__ - ERROR - Detection loop error: '_thread._local' object has no attribute 'srcdc'
2026-05-17 13:43:08,663 - __main__ - INFO - Found Fortnite window at (0, 0, 1920, 1080)
2026-05-17 13:43:08,781 - __main__ - ERROR - Detection loop error: '_thread._local' object has no attribute 'srcdc'
2026-05-17 13:43:08,938 - __main__ - ERROR - Detection loop error: '_thread._local' object has no attribute 'srcdc'
2026-05-17 13:43:09,107 - __main__ - ERROR - Detection loop error: '_thread._local' object has no attribute 'srcdc'
2026-05-17 13:43:09,281 - __main__ - ERROR - Detection loop error: '_thread._local' object has no attribute 'srcdc'
2026-05-17 13:43:09,439 - __main__ - ERROR - Detection loop error: '_thread._local' object has no attribute 'srcdc'
2026-05-17 13:43:09,570 - __main__ - INFO - Found Fortnite window at (0, 0, 1920, 1080)
2026-05-17 13:43:09,594 - __main__ - ERROR - Detection loop error: '_thread._local' object has no attribute 'srcdc'
2026-05-17 13:43:09,755 - __main__ - ERROR - Detection loop error: '_thread._local' object has no attribute 'srcdc'
2026-05-17 13:43:09,890 - __main__ - ERROR - Detection loop error: '_thread._local' object has no attribute 'srcdc'
2026-05-17 13:43:10,048 - __main__ - ERROR - Detection loop error: '_thread._local' object has no attribute 'srcdc'
2026-05-17 13:43:10,251 - __main__ - ERROR - Detection loop error: '_thread._local' object has no attribute 'srcdc'
2026-05-17 13:43:10,439 - __main__ - ERROR - Detection loop error: '_thread._local' object has no attribute 'srcdc'
2026-05-17 13:43:10,503 - __main__ - INFO - Found Fortnite window at (0, 0, 1920, 1080)
2026-05-17 13:43:10,629 - __main__ - ERROR - Detection loop error: '_thread._local' object has no attribute 'srcdc'
2026-05-17 13:43:10,816 - __main__ - ERROR - Detection loop error: '_thread._local' object has no attribute 'srcdc'
2026-05-17 13:43:10,990 - __main__ - ERROR - Detection loop error: '_thread._local' object has no attribute 'srcdc'
2026-05-17 13:43:11,172 - __main__ - ERROR - Detection loop error: '_thread._local' object has no attribute 'srcdc'
2026-05-17 13:43:11,317 - __main__ - ERROR - Detection loop error: '_thread._local' object has no attribute 'srcdc'
2026-05-17 13:43:11,382 - __main__ - INFO - Found Fortnite window at (0, 0, 1920, 1080)
2026-05-17 13:43:11,506 - __main__ - ERROR - Detection loop error: '_thread._local' object has no attribute 'srcdc'
2026-05-17 13:43:11,830 - __main__ - ERROR - Detection loop error: '_thread._local' object has no attribute 'srcdc'
2026-05-17 13:43:11,986 - __main__ - ERROR - Detection loop error: '_thread._local' object has no attribute 'srcdc'
2026-05-17 13:43:12,141 - __main__ - ERROR - Detection loop error: '_thread._local' object has no attribute 'srcdc'
2026-05-17 13:43:12,272 - __main__ - INFO - Found Fortnite window at (0, 0, 1920, 1080)
2026-05-17 13:43:12,375 - __main__ - ERROR - Detection loop error: '_thread._local' object has no attribute 'srcdc'
2026-05-17 13:43:12,546 - __main__ - ERROR - Detection loop error: '_thread._local' object has no attribute 'srcdc'
2026-05-17 13:43:12,719 - __main__ - ERROR - Detection loop error: '_thread._local' object has no attribute 'srcdc'
2026-05-17 13:43:12,908 - __main__ - ERROR - Detection loop error: '_thread._local' object has no attribute 'srcdc'
2026-05-17 13:43:13,078 - __main__ - ERROR - Detection loop error: '_thread._local' object has no attribute 'srcdc'
2026-05-17 13:43:13,147 - __main__ - INFO - Found Fortnite window at (0, 0, 1920, 1080)
2026-05-17 13:43:13,233 - __main__ - ERROR - Detection loop error: '_thread._local' object has no attribute 'srcdc'
2026-05-17 13:43:13,355 - __main__ - ERROR - Detection loop error: '_thread._local' object has no attribute 'srcdc'
2026-05-17 13:43:13,503 - __main__ - ERROR - Detection loop error: '_thread._local' object has no attribute 'srcdc'
2026-05-17 13:43:13,687 - __main__ - ERROR - Detection loop error: '_thread._local' object has no attribute 'srcdc'
2026-05-17 13:43:13,858 - __main__ - ERROR - Detection loop error: '_thread._local' object has no attribute 'srcdc'
2026-05-17 13:43:13,999 - __main__ - ERROR - Detection loop error: '_thread._local' object has no attribute 'srcdc'
2026-05-17 13:43:14,126 - __main__ - INFO - Found Fortnite window at (0, 0, 1920, 1080)
2026-05-17 13:43:14,155 - __main__ - ERROR - Detection loop error: '_thread._local' object has no attribute 'srcdc'
2026-05-17 13:43:14,279 - __main__ - ERROR - Detection loop error: '_thread._local' object has no attribute 'srcdc'
2026-05-17 13:43:14,420 - __main__ - ERROR - Detection loop error: '_thread._local' object has no attribute 'srcdc'
2026-05-17 13:43:14,562 - __main__ - ERROR - Detection loop error: '_thread._local' object has no attribute 'srcdc'
2026-05-17 13:43:14,704 - __main__ - ERROR - Detection loop error: '_thread._local' object has no attribute 'srcdc'
2026-05-17 13:43:14,876 - __main__ - ERROR - Detection loop error: '_thread._local' object has no attribute 'srcdc'
2026-05-17 13:43:15,029 - __main__ - ERROR - Detection loop error: '_thread._local' object has no attribute 'srcdc'
2026-05-17 13:43:15,114 - __main__ - INFO - Found Fortnite window at (0, 0, 1920, 1080)
2026-05-17 13:43:15,168 - __main__ - ERROR - Detection loop error: '_thread._local' object has no attribute 'srcdc'
2026-05-17 13:43:15,294 - __main__ - ERROR - Detection loop error: '_thread._local' object has no attribute 'srcdc'
2026-05-17 13:43:15,465 - __main__ - ERROR - Detection loop error: '_thread._local' object has no attribute 'srcdc'
2026-05-17 13:43:15,621 - __main__ - ERROR - Detection loop error: '_thread._local' object has no attribute 'srcdc'
2026-05-17 13:43:15,795 - __main__ - ERROR - Detection loop error: '_thread._local' object has no attribute 'srcdc'
2026-05-17 13:43:15,997 - __main__ - ERROR - Detection loop error: '_thread._local' object has no attribute 'srcdc'
2026-05-17 13:43:16,090 - __main__ - INFO - Found Fortnite window at (0, 0, 1920, 1080)
2026-05-17 13:43:16,215 - __main__ - ERROR - Detection loop error: '_thread._local' object has no attribute 'srcdc'
2026-05-17 13:43:16,340 - __main__ - ERROR - Detection loop error: '_thread._local' object has no attribute 'srcdc'
2026-05-17 13:43:16,496 - __main__ - ERROR - Detection loop error: '_thread._local' object has no attribute 'srcdc'
2026-05-17 13:43:16,687 - __main__ - ERROR - Detection loop error: '_thread._local' object has no attribute 'srcdc'
2026-05-17 13:43:16,887 - __main__ - ERROR - Detection loop error: '_thread._local' object has no attribute 'srcdc'
2026-05-17 13:43:16,895 - __main__ - INFO - Found Fortnite window at (0, 0, 1920, 1080)
2026-05-17 13:43:17,011 - __main__ - ERROR - Detection loop error: '_thread._local' object has no attribute 'srcdc'
2026-05-17 13:43:17,182 - __main__ - ERROR - Detection loop error: '_thread._local' object has no attribute 'srcdc'
2026-05-17 13:43:17,339 - __main__ - ERROR - Detection loop error: '_thread._local' object has no attribute 'srcdc'
2026-05-17 13:43:17,478 - __main__ - ERROR - Detection loop error: '_thread._local' object has no attribute 'srcdc'
2026-05-17 13:43:17,620 - __main__ - ERROR - Detection loop error: '_thread._local' object has no attribute 'srcdc'
2026-05-17 13:43:17,715 - __main__ - INFO - Found Fortnite window at (0, 0, 1920, 1080)
2026-05-17 13:43:17,774 - __main__ - ERROR - Detection loop error: '_thread._local' object has no attribute 'srcdc'
2026-05-17 13:43:17,917 - __main__ - ERROR - Detection loop error: '_thread._local' object has no attribute 'srcdc'
2026-05-17 13:43:18,085 - __main__ - ERROR - Detection loop error: '_thread._local' object has no attribute 'srcdc'
2026-05-17 13:43:18,247 - __main__ - ERROR - Detection loop error: '_thread._local' object has no attribute 'srcdc'
2026-05-17 13:43:18,406 - __main__ - ERROR - Detection loop error: '_thread._local' object has no attribute 'srcdc'
2026-05-17 13:43:18,539 - __main__ - INFO - Found Fortnite window at (0, 0, 1920, 1080)
2026-05-17 13:43:18,588 - __main__ - ERROR - Detection loop error: '_thread._local' object has no attribute 'srcdc'
2026-05-17 13:43:18,750 - __main__ - ERROR - Detection loop error: '_thread._local' object has no attribute 'srcdc'
2026-05-17 13:43:18,889 - __main__ - ERROR - Detection loop error: '_thread._local' object has no attribute 'srcdc'
2026-05-17 13:43:19,013 - __main__ - ERROR - Detection loop error: '_thread._local' object has no attribute 'srcdc'
2026-05-17 13:43:19,186 - __main__ - ERROR - Detection loop error: '_thread._local' object has no attribute 'srcdc'
2026-05-17 13:43:19,357 - __main__ - ERROR - Detection loop error: '_thread._local' object has no attribute 'srcdc'
2026-05-17 13:43:19,358 - __main__ - INFO - Found Fortnite window at (0, 0, 1920, 1080)
2026-05-17 13:43:19,471 - __main__ - ERROR - Detection loop error: '_thread._local' object has no attribute 'srcdc'
2026-05-17 13:43:19,624 - __main__ - ERROR - Detection loop error: '_thread._local' object has no attribute 'srcdc'
2026-05-17 13:43:19,764 - __main__ - ERROR - Detection loop error: '_thread._local' object has no attribute 'srcdc'
2026-05-17 13:43:20,040 - __main__ - ERROR - Detection loop error: '_thread._local' object has no attribute 'srcdc'
2026-05-17 13:43:20,192 - __main__ - ERROR - Detection loop error: '_thread._local' object has no attribute 'srcdc'
2026-05-17 13:43:20,192 - __main__ - INFO - Found Fortnite window at (0, 0, 1920, 1080)
2026-05-17 13:43:20,306 - __main__ - ERROR - Detection loop error: '_thread._local' object has no attribute 'srcdc'
2026-05-17 13:43:20,573 - __main__ - ERROR - Detection loop error: '_thread._local' object has no attribute 'srcdc'
2026-05-17 13:43:20,698 - __main__ - ERROR - Detection loop error: '_thread._local' object has no attribute 'srcdc'
2026-05-17 13:43:20,911 - __main__ - ERROR - Detection loop error: '_thread._local' object has no attribute 'srcdc'
2026-05-17 13:43:20,911 - __main__ - INFO - Found Fortnite window at (0, 0, 1920, 1080)
2026-05-17 13:43:21,058 - __main__ - ERROR - Detection loop error: '_thread._local' object has no attribute 'srcdc'
2026-05-17 13:43:21,377 - __main__ - INFO - Found Fortnite window at (0, 0, 1920, 1080)
2026-05-17 13:43:21,574 - __main__ - ERROR - Detection loop error: '_thread._local' object has no attribute 'srcdc'
2026-05-17 13:43:21,823 - __main__ - INFO - Found Fortnite window at (0, 0, 1920, 1080)
2026-05-17 13:43:21,975 - __main__ - ERROR - Detection loop error: '_thread._local' object has no attribute 'srcdc'
2026-05-17 13:43:22,246 - __main__ - INFO - Found Fortnite window at (0, 0, 1920, 1080)
2026-05-17 13:43:22,375 - __main__ - ERROR - Detection loop error: '_thread._local' object has no attribute 'srcdc'
2026-05-17 13:43:22,677 - __main__ - INFO - Found Fortnite window at (0, 0, 1920, 1080)
2026-05-17 13:43:22,940 - __main__ - ERROR - Detection loop error: '_thread._local' object has no attribute 'srcdc'
2026-05-17 13:43:23,127 - __main__ - INFO - Found Fortnite window at (0, 0, 1920, 1080)
2026-05-17 13:43:23,313 - __main__ - ERROR - Detection loop error: '_thread._local' object has no attribute 'srcdc'
2026-05-17 13:43:23,578 - __main__ - INFO - Found Fortnite window at (0, 0, 1920, 1080)
2026-05-17 13:43:23,812 - __main__ - ERROR - Detection loop error: '_thread._local' object has no attribute 'srcdc'
2026-05-17 13:43:23,945 - __main__ - ERROR - Detection loop error: '_thread._local' object has no attribute 'srcdc'
2026-05-17 13:43:24,020 - __main__ - INFO - Found Fortnite window at (0, 0, 1920, 1080)
2026-05-17 13:43:24,139 - __main__ - ERROR - Detection loop error: '_thread._local' object has no attribute 'srcdc'
2026-05-17 13:43:24,458 - __main__ - INFO - Found Fortnite window at (0, 0, 1920, 1080)
2026-05-17 13:43:24,779 - __main__ - ERROR - Detection loop error: '_thread._local' object has no attribute 'srcdc'
2026-05-17 13:43:24,889 - __main__ - INFO - Found Fortnite window at (0, 0, 1920, 1080)
2026-05-17 13:43:25,395 - __main__ - INFO - Found Fortnite window at (0, 0, 1920, 1080)
2026-05-17 13:43:25,831 - __main__ - INFO - Found Fortnite window at (0, 0, 1920, 1080)
2026-05-17 13:43:26,320 - __main__ - INFO - Found Fortnite window at (0, 0, 1920, 1080)
2026-05-17 13:43:26,816 - __main__ - INFO - Found Fortnite window at (0, 0, 1920, 1080)
2026-05-17 13:43:27,252 - __main__ - INFO - Found Fortnite window at (0, 0, 1920, 1080)
2026-05-17 13:43:27,703 - __main__ - INFO - Found Fortnite window at (0, 0, 1920, 1080)
2026-05-17 13:43:28,149 - __main__ - INFO - Found Fortnite window at (0, 0, 1920, 1080)
2026-05-17 13:43:28,564 - __main__ - INFO - Found Fortnite window at (0, 0, 1920, 1080)
2026-05-17 13:43:28,993 - __main__ - INFO - Found Fortnite window at (0, 0, 1920, 1080)
2026-05-17 13:43:29,445 - __main__ - INFO - Found Fortnite window at (0, 0, 1920, 1080)
2026-05-17 13:43:29,894 - __main__ - INFO - Found Fortnite window at (0, 0, 1920, 1080)
2026-05-17 13:43:30,369 - __main__ - INFO - Found Fortnite window at (0, 0, 1920, 1080)
2026-05-17 13:43:30,802 - __main__ - INFO - Found Fortnite window at (0, 0, 1920, 1080)
2026-05-17 13:43:31,244 - __main__ - INFO - Found Fortnite window at (0, 0, 1920, 1080)
2026-05-17 13:43:31,682 - __main__ - INFO - Found Fortnite window at (0, 0, 1920, 1080)
2026-05-17 13:43:32,092 - __main__ - INFO - Found Fortnite window at (0, 0, 1920, 1080)
2026-05-17 13:43:32,541 - __main__ - INFO - Found Fortnite window at (0, 0, 1920, 1080)
2026-05-17 13:43:32,985 - __main__ - INFO - Found Fortnite window at (0, 0, 1920, 1080)
2026-05-17 13:43:33,430 - __main__ - INFO - Found Fortnite window at (0, 0, 1920, 1080)
2026-05-17 13:43:33,947 - __main__ - INFO - Found Fortnite window at (0, 0, 1920, 1080)
2026-05-17 13:43:34,463 - __main__ - INFO - Found Fortnite window at (0, 0, 1920, 1080)
2026-05-17 13:43:34,972 - __main__ - INFO - Found Fortnite window at (0, 0, 1920, 1080)
2026-05-17 13:43:35,421 - __main__ - INFO - Found Fortnite window at (0, 0, 1920, 1080)
2026-05-17 13:43:35,866 - __main__ - INFO - Found Fortnite window at (0, 0, 1920, 1080)
2026-05-17 13:43:36,285 - __main__ - INFO - Found Fortnite window at (0, 0, 1920, 1080)
2026-05-17 13:43:36,725 - __main__ - INFO - Found Fortnite window at (0, 0, 1920, 1080)
2026-05-17 13:43:37,150 - __main__ - INFO - Found Fortnite window at (0, 0, 1920, 1080)
2026-05-17 13:43:37,585 - __main__ - INFO - Found Fortnite window at (0, 0, 1920, 1080)
2026-05-17 13:43:37,588 - __main__ - INFO - Snap preset changed to: Instant
2026-05-17 13:43:38,029 - __main__ - INFO - Found Fortnite window at (0, 0, 1920, 1080)
2026-05-17 13:43:38,453 - __main__ - INFO - Found Fortnite window at (0, 0, 1920, 1080)
2026-05-17 13:43:38,894 - __main__ - INFO - Found Fortnite window at (0, 0, 1920, 1080)
2026-05-17 13:43:39,362 - __main__ - INFO - Found Fortnite window at (0, 0, 1920, 1080)
2026-05-17 13:43:39,799 - __main__ - INFO - Found Fortnite window at (0, 0, 1920, 1080)
2026-05-17 13:43:40,227 - __main__ - INFO - Found Fortnite window at (0, 0, 1920, 1080)
2026-05-17 13:43:40,671 - __main__ - INFO - Found Fortnite window at (0, 0, 1920, 1080)
2026-05-17 13:43:41,106 - __main__ - INFO - Found Fortnite window at (0, 0, 1920, 1080)
2026-05-17 13:43:41,541 - __main__ - INFO - Found Fortnite window at (0, 0, 1920, 1080)
2026-05-17 13:43:41,964 - __main__ - INFO - Found Fortnite window at (0, 0, 1920, 1080)
2026-05-17 13:43:42,402 - __main__ - INFO - Found Fortnite window at (0, 0, 1920, 1080)
2026-05-17 13:43:42,840 - __main__ - INFO - Found Fortnite window at (0, 0, 1920, 1080)
2026-05-17 13:43:43,282 - __main__ - INFO - Found Fortnite window at (0, 0, 1920, 1080)
2026-05-17 13:43:43,716 - __main__ - INFO - Found Fortnite window at (0, 0, 1920, 1080)
2026-05-17 13:43:44,148 - __main__ - INFO - Found Fortnite window at (0, 0, 1920, 1080)
2026-05-17 13:43:44,606 - __main__ - INFO - Found Fortnite window at (0, 0, 1920, 1080)
2026-05-17 13:43:45,035 - __main__ - INFO - Found Fortnite window at (0, 0, 1920, 1080)
2026-05-17 13:43:45,477 - __main__ - INFO - Found Fortnite window at (0, 0, 1920, 1080)
2026-05-17 13:43:45,938 - __main__ - INFO - Found Fortnite window at (0, 0, 1920, 1080)
2026-05-17 13:43:46,368 - __main__ - INFO - Found Fortnite window at (0, 0, 1920, 1080)
2026-05-17 13:43:46,798 - __main__ - INFO - Found Fortnite window at (0, 0, 1920, 1080)
2026-05-17 13:43:47,230 - __main__ - INFO - Found Fortnite window at (0, 0, 1920, 1080)
2026-05-17 13:43:47,686 - __main__ - INFO - Found Fortnite window at (0, 0, 1920, 1080)
2026-05-17 13:43:48,113 - __main__ - INFO - Found Fortnite window at (0, 0, 1920, 1080)
2026-05-17 13:43:48,564 - __main__ - INFO - Found Fortnite window at (0, 0, 1920, 1080)
2026-05-17 13:43:48,993 - __main__ - INFO - Found Fortnite window at (0, 0, 1920, 1080)
2026-05-17 13:43:49,424 - __main__ - INFO - Found Fortnite window at (0, 0, 1920, 1080)
2026-05-17 13:43:49,865 - __main__ - INFO - Found Fortnite window at (0, 0, 1920, 1080)
2026-05-17 13:43:50,294 - __main__ - INFO - Found Fortnite window at (0, 0, 1920, 1080)
2026-05-17 13:43:50,730 - __main__ - INFO - Found Fortnite window at (0, 0, 1920, 1080)
2026-05-17 13:43:51,162 - __main__ - INFO - Found Fortnite window at (0, 0, 1920, 1080)
2026-05-17 13:43:51,650 - __main__ - INFO - Found Fortnite window at (0, 0, 1920, 1080)
2026-05-17 13:43:52,118 - __main__ - INFO - Found Fortnite window at (0, 0, 1920, 1080)
2026-05-17 13:43:52,660 - __main__ - INFO - Found Fortnite window at (0, 0, 1920, 1080)
2026-05-17 13:43:53,135 - __main__ - INFO - Found Fortnite window at (0, 0, 1920, 1080)
2026-05-17 13:43:53,583 - __main__ - INFO - Found Fortnite window at (0, 0, 1920, 1080)
2026-05-17 13:43:54,042 - __main__ - INFO - Found Fortnite window at (0, 0, 1920, 1080)
2026-05-17 13:43:54,476 - __main__ - INFO - Found Fortnite window at (0, 0, 1920, 1080)
2026-05-17 13:43:54,928 - __main__ - INFO - Found Fortnite window at (0, 0, 1920, 1080)
2026-05-17 13:43:55,702 - __main__ - INFO - Found Fortnite window at (0, 0, 1920, 1080)
2026-05-17 13:43:56,465 - __main__ - INFO - Found Fortnite window at (0, 0, 1920, 1080)
2026-05-17 13:43:57,025 - __main__ - INFO - Found Fortnite window at (0, 0, 1920, 1080)
2026-05-17 13:43:57,594 - __main__ - INFO - Found Fortnite window at (0, 0, 1920, 1080)
2026-05-17 13:43:58,172 - __main__ - INFO - Found Fortnite window at (0, 0, 1920, 1080)
2026-05-17 13:43:58,857 - __main__ - INFO - Found Fortnite window at (0, 0, 1920, 1080)
2026-05-17 13:43:59,472 - __main__ - INFO - Found Fortnite window at (0, 0, 1920, 1080)
2026-05-17 13:44:00,121 - __main__ - INFO - Found Fortnite window at (0, 0, 1920, 1080)
2026-05-17 13:44:00,741 - __main__ - INFO - Found Fortnite window at (0, 0, 1920, 1080)
2026-05-17 13:44:01,420 - __main__ - INFO - Found Fortnite window at (0, 0, 1920, 1080)
2026-05-17 13:44:01,973 - __main__ - INFO - Found Fortnite window at (0, 0, 1920, 1080)
2026-05-17 13:44:02,525 - __main__ - INFO - Found Fortnite window at (0, 0, 1920, 1080)
2026-05-17 13:44:03,084 - __main__ - INFO - Found Fortnite window at (0, 0, 1920, 1080)
2026-05-17 13:44:03,661 - __main__ - INFO - Found Fortnite window at (0, 0, 1920, 1080)
2026-05-17 13:44:04,438 - __main__ - INFO - Found Fortnite window at (0, 0, 1920, 1080)
2026-05-17 13:44:05,203 - __main__ - INFO - Found Fortnite window at (0, 0, 1920, 1080)
2026-05-17 13:44:05,942 - __main__ - INFO - Found Fortnite window at (0, 0, 1920, 1080)
2026-05-17 13:44:06,700 - __main__ - INFO - Found Fortnite window at (0, 0, 1920, 1080)
2026-05-17 13:44:07,331 - __main__ - INFO - Found Fortnite window at (0, 0, 1920, 1080)
2026-05-17 13:44:07,937 - __main__ - INFO - Found Fortnite window at (0, 0, 1920, 1080)
2026-05-17 13:44:08,523 - __main__ - INFO - Found Fortnite window at (0, 0, 1920, 1080)
2026-05-17 13:44:09,039 - __main__ - INFO - Found Fortnite window at (0, 0, 1920, 1080)
2026-05-17 13:44:09,631 - __main__ - INFO - Found Fortnite window at (0, 0, 1920, 1080)
2026-05-17 13:44:10,159 - __main__ - INFO - Found Fortnite window at (0, 0, 1920, 1080)
2026-05-17 13:44:10,736 - __main__ - INFO - Found Fortnite window at (0, 0, 1920, 1080)
2026-05-17 13:44:11,283 - __main__ - INFO - Found Fortnite window at (0, 0, 1920, 1080)
2026-05-17 13:44:11,831 - __main__ - INFO - Found Fortnite window at (0, 0, 1920, 1080)
2026-05-17 13:44:12,456 - __main__ - INFO - Found Fortnite window at (0, 0, 1920, 1080)
2026-05-17 13:44:13,171 - __main__ - INFO - Found Fortnite window at (0, 0, 1920, 1080)
2026-05-17 13:44:13,793 - __main__ - INFO - Found Fortnite window at (0, 0, 1920, 1080)
2026-05-17 13:44:14,389 - __main__ - INFO - Found Fortnite window at (0, 0, 1920, 1080)
2026-05-17 13:44:14,943 - __main__ - INFO - Found Fortnite window at (0, 0, 1920, 1080)
2026-05-17 13:44:15,439 - __main__ - INFO - Found Fortnite window at (0, 0, 1920, 1080)
2026-05-17 13:44:16,052 - __main__ - INFO - Found Fortnite window at (0, 0, 1920, 1080)
2026-05-17 13:44:16,537 - __main__ - INFO - Found Fortnite window at (0, 0, 1920, 1080)
2026-05-17 13:44:17,209 - __main__ - INFO - Found Fortnite window at (0, 0, 1920, 1080)
2026-05-17 13:44:17,823 - __main__ - INFO - Found Fortnite window at (0, 0, 1920, 1080)
2026-05-17 13:44:18,398 - __main__ - INFO - Found Fortnite window at (0, 0, 1920, 1080)
2026-05-17 13:44:19,008 - __main__ - INFO - Found Fortnite window at (0, 0, 1920, 1080)
2026-05-17 13:44:19,469 - __main__ - INFO - Found Fortnite window at (0, 0, 1920, 1080)
2026-05-17 13:44:19,877 - __main__ - INFO - Found Fortnite window at (0, 0, 1920, 1080)
2026-05-17 13:44:20,335 - __main__ - INFO - Found Fortnite window at (0, 0, 1920, 1080)
2026-05-17 13:44:20,762 - __main__ - INFO - Found Fortnite window at (0, 0, 1920, 1080)
2026-05-17 13:44:21,202 - __main__ - INFO - Found Fortnite window at (0, 0, 1920, 1080)
2026-05-17 13:44:21,634 - __main__ - INFO - Found Fortnite window at (0, 0, 1920, 1080)
2026-05-17 13:44:22,068 - __main__ - INFO - Found Fortnite window at (0, 0, 1920, 1080)
2026-05-17 13:44:22,486 - __main__ - INFO - Found Fortnite window at (0, 0, 1920, 1080)
2026-05-17 13:44:22,922 - __main__ - INFO - Found Fortnite window at (0, 0, 1920, 1080)
2026-05-17 13:44:23,379 - __main__ - INFO - Found Fortnite window at (0, 0, 1920, 1080)
2026-05-17 13:44:23,838 - __main__ - INFO - Found Fortnite window at (0, 0, 1920, 1080)
2026-05-17 13:44:24,262 - __main__ - INFO - Found Fortnite window at (0, 0, 1920, 1080)
2026-05-17 13:44:24,696 - __main__ - INFO - Found Fortnite window at (0, 0, 1920, 1080)
2026-05-17 13:44:25,147 - __main__ - INFO - Found Fortnite window at (0, 0, 1920, 1080)
2026-05-17 13:44:25,578 - __main__ - INFO - Found Fortnite window at (0, 0, 1920, 1080)
2026-05-17 13:44:26,008 - __main__ - INFO - Found Fortnite window at (0, 0, 1920, 1080)
2026-05-17 13:44:26,442 - __main__ - INFO - Found Fortnite window at (0, 0, 1920, 1080)
2026-05-17 13:44:26,875 - __main__ - INFO - Found Fortnite window at (0, 0, 1920, 1080)
2026-05-17 13:44:27,314 - __main__ - INFO - Found Fortnite window at (0, 0, 1920, 1080)
2026-05-17 13:44:27,747 - __main__ - INFO - Found Fortnite window at (0, 0, 1920, 1080)
2026-05-17 13:44:28,219 - __main__ - INFO - Found Fortnite window at (0, 0, 1920, 1080)
2026-05-17 13:44:28,645 - __main__ - INFO - Found Fortnite window at (0, 0, 1920, 1080)
2026-05-17 13:44:29,079 - __main__ - INFO - Found Fortnite window at (0, 0, 1920, 1080)
2026-05-17 13:44:29,525 - __main__ - INFO - Found Fortnite window at (0, 0, 1920, 1080)
2026-05-17 13:44:29,954 - __main__ - INFO - Found Fortnite window at (0, 0, 1920, 1080)
2026-05-17 13:44:30,405 - __main__ - INFO - Found Fortnite window at (0, 0, 1920, 1080)
2026-05-17 13:44:30,864 - __main__ - INFO - Found Fortnite window at (0, 0, 1920, 1080)
2026-05-17 13:44:31,287 - __main__ - INFO - Found Fortnite window at (0, 0, 1920, 1080)
2026-05-17 13:44:31,703 - __main__ - INFO - Found Fortnite window at (0, 0, 1920, 1080)
2026-05-17 13:44:32,160 - __main__ - INFO - Found Fortnite window at (0, 0, 1920, 1080)
2026-05-17 13:44:32,597 - __main__ - INFO - Found Fortnite window at (0, 0, 1920, 1080)
2026-05-17 13:44:33,040 - __main__ - INFO - Found Fortnite window at (0, 0, 1920, 1080)
2026-05-17 13:44:33,460 - __main__ - INFO - Found Fortnite window at (0, 0, 1920, 1080)
2026-05-17 13:44:33,901 - __main__ - INFO - Found Fortnite window at (0, 0, 1920, 1080)
2026-05-17 13:44:34,339 - __main__ - INFO - Found Fortnite window at (0, 0, 1920, 1080)
2026-05-17 13:44:34,774 - __main__ - INFO - Found Fortnite window at (0, 0, 1920, 1080)
2026-05-17 13:44:35,229 - __main__ - INFO - Found Fortnite window at (0, 0, 1920, 1080)
2026-05-17 13:44:35,660 - __main__ - INFO - Found Fortnite window at (0, 0, 1920, 1080)
2026-05-17 13:44:36,112 - __main__ - INFO - Found Fortnite window at (0, 0, 1920, 1080)
2026-05-17 13:44:36,609 - __main__ - INFO - Found Fortnite window at (0, 0, 1920, 1080)
2026-05-17 13:44:37,192 - __main__ - INFO - Found Fortnite window at (0, 0, 1920, 1080)
2026-05-17 13:44:37,802 - __main__ - INFO - Found Fortnite window at (0, 0, 1920, 1080)
2026-05-17 13:44:38,498 - __main__ - INFO - Found Fortnite window at (0, 0, 1920, 1080)
2026-05-17 13:44:39,114 - __main__ - INFO - Found Fortnite window at (0, 0, 1920, 1080)
2026-05-17 13:44:39,634 - __main__ - INFO - Found Fortnite window at (0, 0, 1920, 1080)
2026-05-17 13:44:40,270 - __main__ - INFO - Found Fortnite window at (0, 0, 1920, 1080)
2026-05-17 13:44:40,895 - __main__ - INFO - Found Fortnite window at (0, 0, 1920, 1080)
2026-05-17 13:44:41,458 - __main__ - INFO - Found Fortnite window at (0, 0, 1920, 1080)
2026-05-17 13:44:41,949 - __main__ - INFO - Found Fortnite window at (0, 0, 1920, 1080)
2026-05-17 13:44:42,523 - __main__ - INFO - Found Fortnite window at (0, 0, 1920, 1080)
2026-05-17 13:44:43,152 - __main__ - INFO - Found Fortnite window at (0, 0, 1920, 1080)
2026-05-17 13:44:43,734 - __main__ - INFO - Found Fortnite window at (0, 0, 1920, 1080)
2026-05-17 13:44:44,436 - __main__ - INFO - Found Fortnite window at (0, 0, 1920, 1080)
2026-05-17 13:44:45,118 - __main__ - INFO - Found Fortnite window at (0, 0, 1920, 1080)
2026-05-17 13:44:45,850 - __main__ - INFO - Found Fortnite window at (0, 0, 1920, 1080)
2026-05-17 13:44:46,588 - __main__ - INFO - Found Fortnite window at (0, 0, 1920, 1080)
2026-05-17 13:44:47,123 - __main__ - INFO - Found Fortnite window at (0, 0, 1920, 1080)
2026-05-17 13:44:47,580 - __main__ - INFO - Found Fortnite window at (0, 0, 1920, 1080)
2026-05-17 13:44:48,005 - __main__ - INFO - Found Fortnite window at (0, 0, 1920, 1080)
2026-05-17 13:44:48,444 - __main__ - INFO - Found Fortnite window at (0, 0, 1920, 1080)
2026-05-17 13:44:48,882 - __main__ - INFO - Found Fortnite window at (0, 0, 1920, 1080)
2026-05-17 13:44:49,457 - __main__ - INFO - Found Fortnite window at (0, 0, 1920, 1080)
2026-05-17 13:44:50,176 - __main__ - INFO - Found Fortnite window at (0, 0, 1920, 1080)
2026-05-17 13:44:50,813 - __main__ - INFO - Found Fortnite window at (0, 0, 1920, 1080)
2026-05-17 13:44:51,555 - __main__ - INFO - Found Fortnite window at (0, 0, 1920, 1080)
2026-05-17 13:44:52,259 - __main__ - INFO - Found Fortnite window at (0, 0, 1920, 1080)
2026-05-17 13:44:53,038 - __main__ - INFO - Found Fortnite window at (0, 0, 1920, 1080)
2026-05-17 13:44:53,530 - __main__ - INFO - Found Fortnite window at (0, 0, 1920, 1080)
2026-05-17 13:44:53,979 - __main__ - INFO - Found Fortnite window at (0, 0, 1920, 1080)
2026-05-17 13:44:54,546 - __main__ - INFO - Found Fortnite window at (0, 0, 1920, 1080)
2026-05-17 13:44:55,076 - __main__ - INFO - Found Fortnite window at (0, 0, 1920, 1080)
2026-05-17 13:44:55,607 - __main__ - INFO - Found Fortnite window at (0, 0, 1920, 1080)
2026-05-17 13:44:56,040 - __main__ - INFO - Found Fortnite window at (0, 0, 1920, 1080)
2026-05-17 13:44:56,512 - __main__ - INFO - Found Fortnite window at (0, 0, 1920, 1080)
2026-05-17 13:44:57,039 - __main__ - INFO - Found Fortnite window at (0, 0, 1920, 1080)
2026-05-17 13:44:57,583 - __main__ - INFO - Found Fortnite window at (0, 0, 1920, 1080)
2026-05-17 13:44:58,120 - __main__ - INFO - Found Fortnite window at (0, 0, 1920, 1080)
2026-05-17 13:44:58,537 - __main__ - INFO - Found Fortnite window at (0, 0, 1920, 1080)
2026-05-17 13:44:59,000 - __main__ - INFO - Found Fortnite window at (0, 0, 1920, 1080)
2026-05-17 13:44:59,423 - __main__ - INFO - Found Fortnite window at (0, 0, 1920, 1080)
2026-05-17 13:44:59,870 - __main__ - INFO - Found Fortnite window at (0, 0, 1920, 1080)
2026-05-17 13:45:00,307 - __main__ - INFO - Found Fortnite window at (0, 0, 1920, 1080)
2026-05-17 13:45:00,749 - __main__ - INFO - Found Fortnite window at (0, 0, 1920, 1080)
2026-05-17 13:45:01,171 - __main__ - INFO - Found Fortnite window at (0, 0, 1920, 1080)
2026-05-17 13:45:01,614 - __main__ - INFO - Found Fortnite window at (0, 0, 1920, 1080)
2026-05-17 13:45:02,060 - __main__ - INFO - Found Fortnite window at (0, 0, 1920, 1080)
2026-05-17 13:45:02,581 - __main__ - INFO - Found Fortnite window at (0, 0, 1920, 1080)
2026-05-17 13:45:03,005 - __main__ - INFO - Found Fortnite window at (0, 0, 1920, 1080)
2026-05-17 13:45:03,504 - __main__ - INFO - Found Fortnite window at (0, 0, 1920, 1080)
2026-05-17 13:45:04,038 - __main__ - INFO - Found Fortnite window at (0, 0, 1920, 1080)
2026-05-17 13:45:04,557 - __main__ - INFO - Found Fortnite window at (0, 0, 1920, 1080)
2026-05-17 13:45:05,016 - __main__ - INFO - Found Fortnite window at (0, 0, 1920, 1080)
2026-05-17 13:45:05,452 - __main__ - INFO - Found Fortnite window at (0, 0, 1920, 1080)
2026-05-17 13:45:05,889 - __main__ - INFO - Found Fortnite window at (0, 0, 1920, 1080)
2026-05-17 13:45:06,341 - __main__ - INFO - Found Fortnite window at (0, 0, 1920, 1080)
2026-05-17 13:45:06,885 - __main__ - INFO - Found Fortnite window at (0, 0, 1920, 1080)
2026-05-17 13:45:07,418 - __main__ - INFO - Found Fortnite window at (0, 0, 1920, 1080)
2026-05-17 13:45:07,899 - __main__ - INFO - Found Fortnite window at (0, 0, 1920, 1080)
2026-05-17 13:45:08,415 - __main__ - INFO - Found Fortnite window at (0, 0, 1920, 1080)
2026-05-17 13:45:08,923 - __main__ - INFO - Found Fortnite window at (0, 0, 1920, 1080)
2026-05-17 13:45:09,376 - __main__ - INFO - Found Fortnite window at (0, 0, 1920, 1080)
2026-05-17 13:45:09,846 - __main__ - INFO - Found Fortnite window at (0, 0, 1920, 1080)
2026-05-17 13:45:10,384 - __main__ - INFO - Found Fortnite window at (0, 0, 1920, 1080)
2026-05-17 13:45:10,922 - __main__ - INFO - Found Fortnite window at (0, 0, 1920, 1080)
2026-05-17 13:45:11,433 - __main__ - INFO - Found Fortnite window at (0, 0, 1920, 1080)
2026-05-17 13:45:11,866 - __main__ - INFO - Found Fortnite window at (0, 0, 1920, 1080)
2026-05-17 13:45:12,335 - __main__ - INFO - Found Fortnite window at (0, 0, 1920, 1080)
2026-05-17 13:45:12,772 - __main__ - INFO - Found Fortnite window at (0, 0, 1920, 1080)
2026-05-17 13:45:13,327 - __main__ - INFO - Found Fortnite window at (0, 0, 1920, 1080)
2026-05-17 13:45:13,926 - __main__ - INFO - Found Fortnite window at (0, 0, 1920, 1080)
2026-05-17 13:45:14,401 - __main__ - INFO - Found Fortnite window at (0, 0, 1920, 1080)
2026-05-17 13:45:14,828 - __main__ - INFO - Found Fortnite window at (0, 0, 1920, 1080)
2026-05-17 13:45:15,297 - __main__ - INFO - Found Fortnite window at (0, 0, 1920, 1080)
2026-05-17 13:45:15,809 - __main__ - INFO - Found Fortnite window at (0, 0, 1920, 1080)
2026-05-17 13:45:16,257 - __main__ - INFO - Found Fortnite window at (0, 0, 1920, 1080)
2026-05-17 13:45:16,685 - __main__ - INFO - Found Fortnite window at (0, 0, 1920, 1080)
2026-05-17 13:45:16,690 - __main__ - INFO - Configuration saved to aim_snap_config.json
2026-05-17 13:45:17,137 - __main__ - INFO - Found Fortnite window at (0, 0, 1920, 1080)
2026-05-17 13:45:17,576 - __main__ - INFO - Found Fortnite window at (0, 0, 1920, 1080)
2026-05-17 13:45:18,064 - __main__ - INFO - Found Fortnite window at (0, 0, 1920, 1080)
2026-05-17 13:45:18,587 - __main__ - INFO - Found Fortnite window at (0, 0, 1920, 1080)
2026-05-17 13:45:19,003 - __main__ - INFO - Found Fortnite window at (0, 0, 1920, 1080)
2026-05-17 13:45:19,471 - __main__ - INFO - Found Fortnite window at (0, 0, 1920, 1080)
2026-05-17 13:45:19,916 - __main__ - INFO - Found Fortnite window at (0, 0, 1920, 1080)
2026-05-17 13:45:20,470 - __main__ - INFO - Found Fortnite window at (0, 0, 1920, 1080)
2026-05-17 13:45:21,049 - __main__ - INFO - Found Fortnite window at (0, 0, 1920, 1080)
2026-05-17 13:45:21,588 - __main__ - INFO - Found Fortnite window at (0, 0, 1920, 1080)
2026-05-17 13:45:22,124 - __main__ - INFO - Found Fortnite window at (0, 0, 1920, 1080)
2026-05-17 13:45:22,683 - __main__ - INFO - Found Fortnite window at (0, 0, 1920, 1080)
2026-05-17 13:45:23,235 - __main__ - INFO - Found Fortnite window at (0, 0, 1920, 1080)
2026-05-17 13:45:23,779 - __main__ - INFO - Found Fortnite window at (0, 0, 1920, 1080)
2026-05-17 13:45:24,337 - __main__ - INFO - Found Fortnite window at (0, 0, 1920, 1080)
2026-05-17 13:45:24,904 - __main__ - INFO - Found Fortnite window at (0, 0, 1920, 1080)
2026-05-17 13:45:25,415 - __main__ - INFO - Found Fortnite window at (0, 0, 1920, 1080)
2026-05-17 13:45:25,953 - __main__ - INFO - Found Fortnite window at (0, 0, 1920, 1080)
2026-05-17 13:45:26,466 - __main__ - INFO - Found Fortnite window at (0, 0, 1920, 1080)
2026-05-17 13:45:26,907 - __main__ - INFO - Found Fortnite window at (0, 0, 1920, 1080)
2026-05-17 13:45:27,344 - __main__ - INFO - Found Fortnite window at (0, 0, 1920, 1080)
2026-05-17 13:45:27,778 - __main__ - INFO - Found Fortnite window at (0, 0, 1920, 1080)
2026-05-17 13:45:28,211 - __main__ - INFO - Found Fortnite window at (0, 0, 1920, 1080)
2026-05-17 13:45:28,642 - __main__ - INFO - Found Fortnite window at (0, 0, 1920, 1080)
2026-05-17 13:45:28,657 - __main__ - INFO - Configuration saved to aim_snap_config.json
2026-05-17 13:45:29,099 - __main__ - INFO - Found Fortnite window at (0, 0, 1920, 1080)
2026-05-17 13:45:29,532 - __main__ - INFO - Found Fortnite window at (0, 0, 1920, 1080)
2026-05-17 13:45:29,969 - __main__ - INFO - Found Fortnite window at (0, 0, 1920, 1080)
2026-05-17 13:45:30,394 - __main__ - INFO - Found Fortnite window at (0, 0, 1920, 1080)
2026-05-17 13:45:30,884 - __main__ - INFO - Found Fortnite window at (0, 0, 1920, 1080)
2026-05-17 13:45:31,480 - __main__ - INFO - Found Fortnite window at (0, 0, 1920, 1080)
2026-05-17 13:45:31,991 - __main__ - INFO - Found Fortnite window at (0, 0, 1920, 1080)
2026-05-17 13:45:32,572 - __main__ - INFO - Found Fortnite window at (0, 0, 1920, 1080)
2026-05-17 13:45:33,058 - __main__ - INFO - Found Fortnite window at (0, 0, 1920, 1080)
2026-05-17 13:45:33,497 - __main__ - INFO - Found Fortnite window at (0, 0, 1920, 1080)
2026-05-17 13:45:33,954 - __main__ - INFO - Found Fortnite window at (0, 0, 1920, 1080)
2026-05-17 13:45:34,491 - __main__ - INFO - Found Fortnite window at (0, 0, 1920, 1080)
2026-05-17 13:45:34,923 - __main__ - INFO - Found Fortnite window at (0, 0, 1920, 1080)
2026-05-17 13:45:35,356 - __main__ - INFO - Found Fortnite window at (0, 0, 1920, 1080)
2026-05-17 13:45:35,800 - __main__ - INFO - Found Fortnite window at (0, 0, 1920, 1080)
2026-05-17 13:45:36,247 - __main__ - INFO - Found Fortnite window at (0, 0, 1920, 1080)
2026-05-17 13:45:36,660 - __main__ - INFO - Found Fortnite window at (0, 0, 1920, 1080)
2026-05-17 13:45:37,109 - __main__ - INFO - Found Fortnite window at (0, 0, 1920, 1080)
2026-05-17 13:45:37,565 - __main__ - INFO - Found Fortnite window at (0, 0, 1920, 1080)
2026-05-17 13:45:37,983 - __main__ - INFO - Found Fortnite window at (0, 0, 1920, 1080)
2026-05-17 13:45:38,426 - __main__ - INFO - Found Fortnite window at (0, 0, 1920, 1080)
2026-05-17 13:45:38,844 - __main__ - INFO - Found Fortnite window at (0, 0, 1920, 1080)
2026-05-17 13:45:39,316 - __main__ - INFO - Found Fortnite window at (0, 0, 1920, 1080)
2026-05-17 13:45:39,859 - __main__ - INFO - Found Fortnite window at (0, 0, 1920, 1080)
2026-05-17 13:45:40,307 - __main__ - INFO - Found Fortnite window at (0, 0, 1920, 1080)
2026-05-17 13:45:40,825 - __main__ - INFO - Found Fortnite window at (0, 0, 1920, 1080)
2026-05-17 13:45:41,261 - __main__ - INFO - Found Fortnite window at (0, 0, 1920, 1080)
2026-05-17 13:45:41,701 - __main__ - INFO - Found Fortnite window at (0, 0, 1920, 1080)
2026-05-17 13:45:42,137 - __main__ - INFO - Found Fortnite window at (0, 0, 1920, 1080)
2026-05-17 13:45:42,556 - __main__ - INFO - Found Fortnite window at (0, 0, 1920, 1080)
2026-05-17 13:45:43,021 - __main__ - INFO - Found Fortnite window at (0, 0, 1920, 1080)
2026-05-17 13:45:43,467 - __main__ - INFO - Found Fortnite window at (0, 0, 1920, 1080)
2026-05-17 13:45:43,893 - __main__ - INFO - Found Fortnite window at (0, 0, 1920, 1080)
2026-05-17 13:45:44,342 - __main__ - INFO - Found Fortnite window at (0, 0, 1920, 1080)
2026-05-17 13:45:44,766 - __main__ - INFO - Found Fortnite window at (0, 0, 1920, 1080)
2026-05-17 13:45:45,417 - __main__ - INFO - Found Fortnite window at (0, 0, 1920, 1080)
2026-05-17 13:45:46,098 - __main__ - INFO - Found Fortnite window at (0, 0, 1920, 1080)
2026-05-17 13:45:46,750 - __main__ - INFO - Found Fortnite window at (0, 0, 1920, 1080)
2026-05-17 13:45:47,424 - __main__ - INFO - Found Fortnite window at (0, 0, 1920, 1080)
2026-05-17 13:45:48,197 - __main__ - INFO - Found Fortnite window at (0, 0, 1920, 1080)
2026-05-17 13:45:48,979 - __main__ - INFO - Found Fortnite window at (0, 0, 1920, 1080)
2026-05-17 13:45:49,821 - __main__ - INFO - Found Fortnite window at (0, 0, 1920, 1080)
2026-05-17 13:45:50,639 - __main__ - INFO - Found Fortnite window at (0, 0, 1920, 1080)
2026-05-17 13:45:51,555 - __main__ - INFO - Found Fortnite window at (0, 0, 1920, 1080)
2026-05-17 13:45:52,215 - __main__ - INFO - Found Fortnite window at (0, 0, 1920, 1080)
2026-05-17 13:45:52,968 - __main__ - INFO - Found Fortnite window at (0, 0, 1920, 1080)
2026-05-17 13:45:52,995 - __main__ - ERROR - Detection loop error: '_thread._local' object has no attribute 'srcdc'
2026-05-17 13:45:53,155 - __main__ - ERROR - Detection loop error: '_thread._local' object has no attribute 'srcdc'
2026-05-17 13:45:53,313 - __main__ - ERROR - Detection loop error: '_thread._local' object has no attribute 'srcdc'
2026-05-17 13:45:53,517 - __main__ - ERROR - Detection loop error: '_thread._local' object has no attribute 'srcdc'
2026-05-17 13:45:53,674 - __main__ - ERROR - Detection loop error: '_thread._local' object has no attribute 'srcdc'
2026-05-17 13:45:53,802 - __main__ - ERROR - Detection loop error: '_thread._local' object has no attribute 'srcdc'
2026-05-17 13:45:53,892 - __main__ - INFO - Found Fortnite window at (0, 0, 1920, 1080)
2026-05-17 13:45:53,951 - __main__ - ERROR - Detection loop error: '_thread._local' object has no attribute 'srcdc'
2026-05-17 13:45:54,090 - __main__ - ERROR - Detection loop error: '_thread._local' object has no attribute 'srcdc'
2026-05-17 13:45:54,260 - __main__ - ERROR - Detection loop error: '_thread._local' object has no attribute 'srcdc'
2026-05-17 13:45:54,463 - __main__ - ERROR - Detection loop error: '_thread._local' object has no attribute 'srcdc'
2026-05-17 13:45:54,681 - __main__ - ERROR - Detection loop error: '_thread._local' object has no attribute 'srcdc'
2026-05-17 13:45:54,843 - __main__ - INFO - Found Fortnite window at (0, 0, 1920, 1080)
2026-05-17 13:45:54,900 - __main__ - ERROR - Detection loop error: '_thread._local' object has no attribute 'srcdc'
2026-05-17 13:45:55,377 - __main__ - INFO - Found Fortnite window at (0, 0, 1920, 1080)
2026-05-17 13:45:55,377 - __main__ - ERROR - Detection loop error: '_thread._local' object has no attribute 'srcdc'
2026-05-17 13:45:55,664 - __main__ - ERROR - Detection loop error: '_thread._local' object has no attribute 'srcdc'
2026-05-17 13:45:55,808 - __main__ - INFO - Found Fortnite window at (0, 0, 1920, 1080)
2026-05-17 13:45:56,080 - __main__ - ERROR - Detection loop error: '_thread._local' object has no attribute 'srcdc'
2026-05-17 13:45:56,248 - __main__ - INFO - Found Fortnite window at (0, 0, 1920, 1080)
2026-05-17 13:45:56,660 - __main__ - ERROR - Detection loop error: '_thread._local' object has no attribute 'srcdc'
2026-05-17 13:45:56,660 - __main__ - INFO - Found Fortnite window at (0, 0, 1920, 1080)
2026-05-17 13:45:56,767 - __main__ - ERROR - Detection loop error: '_thread._local' object has no attribute 'srcdc'
2026-05-17 13:45:57,099 - __main__ - INFO - Found Fortnite window at (0, 0, 1920, 1080)
2026-05-17 13:45:57,451 - __main__ - ERROR - Detection loop error: '_thread._local' object has no attribute 'srcdc'
2026-05-17 13:45:57,563 - __main__ - INFO - Found Fortnite window at (0, 0, 1920, 1080)
2026-05-17 13:45:57,722 - __main__ - ERROR - Detection loop error: '_thread._local' object has no attribute 'srcdc'
2026-05-17 13:45:57,982 - __main__ - INFO - Found Fortnite window at (0, 0, 1920, 1080)
2026-05-17 13:45:58,107 - __main__ - ERROR - Detection loop error: '_thread._local' object has no attribute 'srcdc'
2026-05-17 13:45:58,425 - __main__ - INFO - Found Fortnite window at (0, 0, 1920, 1080)
2026-05-17 13:45:58,866 - __main__ - ERROR - Detection loop error: '_thread._local' object has no attribute 'srcdc'
2026-05-17 13:45:58,866 - __main__ - INFO - Found Fortnite window at (0, 0, 1920, 1080)
2026-05-17 13:45:59,122 - __main__ - ERROR - Detection loop error: '_thread._local' object has no attribute 'srcdc'
2026-05-17 13:45:59,283 - __main__ - INFO - Found Fortnite window at (0, 0, 1920, 1080)
2026-05-17 13:45:59,517 - __main__ - ERROR - Detection loop error: '_thread._local' object has no attribute 'srcdc'
2026-05-17 13:45:59,732 - __main__ - INFO - Found Fortnite window at (0, 0, 1920, 1080)
2026-05-17 13:46:00,025 - __main__ - ERROR - Detection loop error: '_thread._local' object has no attribute 'srcdc'
2026-05-17 13:46:00,179 - __main__ - INFO - Found Fortnite window at (0, 0, 1920, 1080)
2026-05-17 13:46:00,339 - __main__ - ERROR - Detection loop error: '_thread._local' object has no attribute 'srcdc'
2026-05-17 13:46:00,610 - __main__ - INFO - Found Fortnite window at (0, 0, 1920, 1080)
2026-05-17 13:46:00,818 - __main__ - ERROR - Detection loop error: '_thread._local' object has no attribute 'srcdc'
2026-05-17 13:46:01,039 - __main__ - INFO - Found Fortnite window at (0, 0, 1920, 1080)
2026-05-17 13:46:01,498 - __main__ - ERROR - Detection loop error: '_thread._local' object has no attribute 'srcdc'
2026-05-17 13:46:01,498 - __main__ - INFO - Found Fortnite window at (0, 0, 1920, 1080)
2026-05-17 13:46:01,684 - __main__ - ERROR - Detection loop error: '_thread._local' object has no attribute 'srcdc'
2026-05-17 13:46:01,920 - __main__ - INFO - Found Fortnite window at (0, 0, 1920, 1080)
2026-05-17 13:46:02,353 - __main__ - ERROR - Detection loop error: '_thread._local' object has no attribute 'srcdc'
2026-05-17 13:46:02,353 - __main__ - INFO - Found Fortnite window at (0, 0, 1920, 1080)
2026-05-17 13:46:02,803 - __main__ - ERROR - Detection loop error: '_thread._local' object has no attribute 'srcdc'
2026-05-17 13:46:02,803 - __main__ - INFO - Found Fortnite window at (0, 0, 1920, 1080)
2026-05-17 13:46:03,233 - __main__ - ERROR - Detection loop error: '_thread._local' object has no attribute 'srcdc'
2026-05-17 13:46:03,233 - __main__ - INFO - Found Fortnite window at (0, 0, 1920, 1080)
2026-05-17 13:46:03,664 - __main__ - ERROR - Detection loop error: '_thread._local' object has no attribute 'srcdc'
2026-05-17 13:46:03,664 - __main__ - INFO - Found Fortnite window at (0, 0, 1920, 1080)
2026-05-17 13:46:03,916 - __main__ - ERROR - Detection loop error: '_thread._local' object has no attribute 'srcdc'
2026-05-17 13:46:04,140 - __main__ - INFO - Found Fortnite window at (0, 0, 1920, 1080)
2026-05-17 13:46:04,245 - __main__ - ERROR - Detection loop error: '_thread._local' object has no attribute 'srcdc'
2026-05-17 13:46:04,617 - __main__ - ERROR - Detection loop error: '_thread._local' object has no attribute 'srcdc'
2026-05-17 13:46:04,647 - __main__ - INFO - Found Fortnite window at (0, 0, 1920, 1080)
2026-05-17 13:46:04,789 - __main__ - ERROR - Detection loop error: '_thread._local' object has no attribute 'srcdc'
2026-05-17 13:46:04,960 - __main__ - ERROR - Detection loop error: '_thread._local' object has no attribute 'srcdc'
2026-05-17 13:46:05,243 - __main__ - ERROR - Detection loop error: '_thread._local' object has no attribute 'srcdc'
2026-05-17 13:46:05,456 - __main__ - ERROR - Detection loop error: '_thread._local' object has no attribute 'srcdc'
2026-05-17 13:46:05,501 - __main__ - INFO - Found Fortnite window at (0, 0, 1920, 1080)
2026-05-17 13:46:05,627 - __main__ - ERROR - Detection loop error: '_thread._local' object has no attribute 'srcdc'
2026-05-17 13:46:05,796 - __main__ - ERROR - Detection loop error: '_thread._local' object has no attribute 'srcdc'
2026-05-17 13:46:05,995 - __main__ - ERROR - Detection loop error: '_thread._local' object has no attribute 'srcdc'
2026-05-17 13:46:06,205 - __main__ - ERROR - Detection loop error: '_thread._local' object has no attribute 'srcdc'
2026-05-17 13:46:06,380 - __main__ - INFO - Found Fortnite window at (0, 0, 1920, 1080)
2026-05-17 13:46:06,390 - __main__ - ERROR - Detection loop error: '_thread._local' object has no attribute 'srcdc'
2026-05-17 13:46:06,501 - __main__ - ERROR - Detection loop error: '_thread._local' object has no attribute 'srcdc'
2026-05-17 13:46:06,719 - __main__ - ERROR - Detection loop error: '_thread._local' object has no attribute 'srcdc'
2026-05-17 13:46:06,887 - __main__ - ERROR - Detection loop error: '_thread._local' object has no attribute 'srcdc'
2026-05-17 13:46:07,170 - __main__ - ERROR - Detection loop error: '_thread._local' object has no attribute 'srcdc'
2026-05-17 13:46:07,259 - __main__ - INFO - Found Fortnite window at (0, 0, 1920, 1080)
2026-05-17 13:46:07,327 - __main__ - ERROR - Detection loop error: '_thread._local' object has no attribute 'srcdc'
2026-05-17 13:46:07,499 - __main__ - ERROR - Detection loop error: '_thread._local' object has no attribute 'srcdc'
2026-05-17 13:46:07,717 - __main__ - ERROR - Detection loop error: '_thread._local' object has no attribute 'srcdc'
2026-05-17 13:46:07,887 - __main__ - ERROR - Detection loop error: '_thread._local' object has no attribute 'srcdc'
2026-05-17 13:46:08,091 - __main__ - ERROR - Detection loop error: '_thread._local' object has no attribute 'srcdc'
2026-05-17 13:46:08,102 - __main__ - INFO - Found Fortnite window at (0, 0, 1920, 1080)
2026-05-17 13:46:08,260 - __main__ - ERROR - Detection loop error: '_thread._local' object has no attribute 'srcdc'
2026-05-17 13:46:08,480 - __main__ - ERROR - Detection loop error: '_thread._local' object has no attribute 'srcdc'
2026-05-17 13:46:08,712 - __main__ - ERROR - Detection loop error: '_thread._local' object has no attribute 'srcdc'
2026-05-17 13:46:08,893 - __main__ - ERROR - Detection loop error: '_thread._local' object has no attribute 'srcdc'
2026-05-17 13:46:08,915 - __main__ - INFO - Found Fortnite window at (0, 0, 1920, 1080)
2026-05-17 13:46:09,034 - __main__ - ERROR - Detection loop error: '_thread._local' object has no attribute 'srcdc'
2026-05-17 13:46:09,261 - __main__ - ERROR - Detection loop error: '_thread._local' object has no attribute 'srcdc'
2026-05-17 13:46:09,431 - __main__ - ERROR - Detection loop error: '_thread._local' object has no attribute 'srcdc'
2026-05-17 13:46:09,602 - __main__ - ERROR - Detection loop error: '_thread._local' object has no attribute 'srcdc'
2026-05-17 13:46:09,762 - __main__ - ERROR - Detection loop error: '_thread._local' object has no attribute 'srcdc'
2026-05-17 13:46:09,821 - __main__ - INFO - Found Fortnite window at (0, 0, 1920, 1080)
2026-05-17 13:46:09,965 - __main__ - ERROR - Detection loop error: '_thread._local' object has no attribute 'srcdc'
2026-05-17 13:46:10,164 - __main__ - ERROR - Detection loop error: '_thread._local' object has no attribute 'srcdc'
2026-05-17 13:46:10,345 - __main__ - ERROR - Detection loop error: '_thread._local' object has no attribute 'srcdc'
2026-05-17 13:46:10,618 - __main__ - ERROR - Detection loop error: '_thread._local' object has no attribute 'srcdc'
2026-05-17 13:46:10,705 - __main__ - INFO - Found Fortnite window at (0, 0, 1920, 1080)
2026-05-17 13:46:10,813 - __main__ - ERROR - Detection loop error: '_thread._local' object has no attribute 'srcdc'
2026-05-17 13:46:10,962 - __main__ - ERROR - Detection loop error: '_thread._local' object has no attribute 'srcdc'
2026-05-17 13:46:11,125 - __main__ - ERROR - Detection loop error: '_thread._local' object has no attribute 'srcdc'
2026-05-17 13:46:11,355 - __main__ - ERROR - Detection loop error: '_thread._local' object has no attribute 'srcdc'
2026-05-17 13:46:11,586 - __main__ - ERROR - Detection loop error: '_thread._local' object has no attribute 'srcdc'
2026-05-17 13:46:11,591 - __main__ - INFO - Found Fortnite window at (0, 0, 1920, 1080)
2026-05-17 13:46:11,718 - __main__ - ERROR - Detection loop error: '_thread._local' object has no attribute 'srcdc'
2026-05-17 13:46:11,930 - __main__ - ERROR - Detection loop error: '_thread._local' object has no attribute 'srcdc'
2026-05-17 13:46:12,099 - __main__ - ERROR - Detection loop error: '_thread._local' object has no attribute 'srcdc'
2026-05-17 13:46:12,317 - __main__ - ERROR - Detection loop error: '_thread._local' object has no attribute 'srcdc'
2026-05-17 13:46:12,366 - __main__ - INFO - Found Fortnite window at (0, 0, 1920, 1080)
2026-05-17 13:46:12,723 - __main__ - ERROR - Detection loop error: '_thread._local' object has no attribute 'srcdc'
2026-05-17 13:46:12,839 - __main__ - INFO - Found Fortnite window at (0, 0, 1920, 1080)
2026-05-17 13:46:13,113 - __main__ - ERROR - Detection loop error: '_thread._local' object has no attribute 'srcdc'
2026-05-17 13:46:13,268 - __main__ - INFO - Found Fortnite window at (0, 0, 1920, 1080)
2026-05-17 13:46:13,458 - __main__ - ERROR - Detection loop error: '_thread._local' object has no attribute 'srcdc'
2026-05-17 13:46:13,701 - __main__ - ERROR - Detection loop error: '_thread._local' object has no attribute 'srcdc'
2026-05-17 13:46:13,701 - __main__ - INFO - Found Fortnite window at (0, 0, 1920, 1080)
2026-05-17 13:46:13,864 - __main__ - ERROR - Detection loop error: '_thread._local' object has no attribute 'srcdc'
2026-05-17 13:46:14,158 - __main__ - INFO - Found Fortnite window at (0, 0, 1920, 1080)
2026-05-17 13:46:14,369 - __main__ - ERROR - Detection loop error: '_thread._local' object has no attribute 'srcdc'
2026-05-17 13:46:14,585 - __main__ - INFO - Found Fortnite window at (0, 0, 1920, 1080)
2026-05-17 13:46:14,932 - __main__ - ERROR - Detection loop error: '_thread._local' object has no attribute 'srcdc'
2026-05-17 13:46:15,037 - __main__ - INFO - Found Fortnite window at (0, 0, 1920, 1080)
2026-05-17 13:46:15,560 - __main__ - INFO - Found Fortnite window at (0, 0, 1920, 1080)
2026-05-17 13:46:15,997 - __main__ - INFO - Found Fortnite window at (0, 0, 1920, 1080)
2026-05-17 13:46:16,436 - __main__ - INFO - Found Fortnite window at (0, 0, 1920, 1080)
2026-05-17 13:46:16,875 - __main__ - INFO - Found Fortnite window at (0, 0, 1920, 1080)
2026-05-17 13:46:17,320 - __main__ - INFO - Found Fortnite window at (0, 0, 1920, 1080)
2026-05-17 13:46:17,744 - __main__ - INFO - Found Fortnite window at (0, 0, 1920, 1080)
2026-05-17 13:46:18,183 - __main__ - INFO - Found Fortnite window at (0, 0, 1920, 1080)
2026-05-17 13:46:18,624 - __main__ - INFO - Found Fortnite window at (0, 0, 1920, 1080)
2026-05-17 13:46:19,066 - __main__ - INFO - Found Fortnite window at (0, 0, 1920, 1080)
2026-05-17 13:46:19,505 - __main__ - INFO - Found Fortnite window at (0, 0, 1920, 1080)
2026-05-17 13:46:19,947 - __main__ - INFO - Found Fortnite window at (0, 0, 1920, 1080)
2026-05-17 13:46:20,372 - __main__ - INFO - Found Fortnite window at (0, 0, 1920, 1080)
2026-05-17 13:46:20,811 - __main__ - INFO - Found Fortnite window at (0, 0, 1920, 1080)
2026-05-17 13:46:21,274 - __main__ - INFO - Found Fortnite window at (0, 0, 1920, 1080)
2026-05-17 13:46:21,715 - __main__ - INFO - Found Fortnite window at (0, 0, 1920, 1080)
2026-05-17 13:46:22,227 - __main__ - INFO - Found Fortnite window at (0, 0, 1920, 1080)
2026-05-17 13:46:22,658 - __main__ - INFO - Found Fortnite window at (0, 0, 1920, 1080)
2026-05-17 13:46:23,166 - __main__ - INFO - Found Fortnite window at (0, 0, 1920, 1080)
2026-05-17 13:46:23,598 - __main__ - INFO - Found Fortnite window at (0, 0, 1920, 1080)
2026-05-17 13:46:24,056 - __main__ - INFO - Found Fortnite window at (0, 0, 1920, 1080)
2026-05-17 13:46:24,498 - __main__ - INFO - Found Fortnite window at (0, 0, 1920, 1080)
2026-05-17 13:46:24,913 - __main__ - INFO - Found Fortnite window at (0, 0, 1920, 1080)
2026-05-17 13:46:25,390 - __main__ - INFO - Found Fortnite window at (0, 0, 1920, 1080)
2026-05-17 13:46:25,925 - __main__ - INFO - Found Fortnite window at (0, 0, 1920, 1080)
2026-05-17 13:46:26,341 - __main__ - INFO - Found Fortnite window at (0, 0, 1920, 1080)
2026-05-17 13:46:26,796 - __main__ - INFO - Found Fortnite window at (0, 0, 1920, 1080)
2026-05-17 13:46:27,248 - __main__ - INFO - Found Fortnite window at (0, 0, 1920, 1080)
2026-05-17 13:46:27,761 - __main__ - INFO - Found Fortnite window at (0, 0, 1920, 1080)
2026-05-17 13:46:28,292 - __main__ - INFO - Found Fortnite window at (0, 0, 1920, 1080)
2026-05-17 13:46:28,817 - __main__ - INFO - Found Fortnite window at (0, 0, 1920, 1080)
2026-05-17 13:46:29,339 - __main__ - INFO - Found Fortnite window at (0, 0, 1920, 1080)
2026-05-17 13:46:29,766 - __main__ - INFO - Found Fortnite window at (0, 0, 1920, 1080)
2026-05-17 13:46:30,273 - __main__ - INFO - Found Fortnite window at (0, 0, 1920, 1080)
2026-05-17 13:46:30,782 - __main__ - INFO - Found Fortnite window at (0, 0, 1920, 1080)
2026-05-17 13:46:31,236 - __main__ - INFO - Found Fortnite window at (0, 0, 1920, 1080)
2026-05-17 13:46:31,771 - __main__ - INFO - Found Fortnite window at (0, 0, 1920, 1080)
2026-05-17 13:46:32,303 - __main__ - INFO - Found Fortnite window at (0, 0, 1920, 1080)
2026-05-17 13:46:32,848 - __main__ - INFO - Found Fortnite window at (0, 0, 1920, 1080)
2026-05-17 13:46:33,390 - __main__ - INFO - Found Fortnite window at (0, 0, 1920, 1080)
2026-05-17 13:46:33,928 - __main__ - INFO - Found Fortnite window at (0, 0, 1920, 1080)
2026-05-17 13:46:34,481 - __main__ - INFO - Found Fortnite window at (0, 0, 1920, 1080)
2026-05-17 13:46:35,033 - __main__ - INFO - Found Fortnite window at (0, 0, 1920, 1080)
2026-05-17 13:46:35,565 - __main__ - INFO - Found Fortnite window at (0, 0, 1920, 1080)
2026-05-17 13:46:35,993 - __main__ - INFO - Found Fortnite window at (0, 0, 1920, 1080)
2026-05-17 13:46:36,423 - __main__ - INFO - Found Fortnite window at (0, 0, 1920, 1080)
2026-05-17 13:46:36,974 - __main__ - INFO - Found Fortnite window at (0, 0, 1920, 1080)
2026-05-17 13:46:37,592 - __main__ - INFO - Found Fortnite window at (0, 0, 1920, 1080)
2026-05-17 13:46:38,104 - __main__ - INFO - Found Fortnite window at (0, 0, 1920, 1080)
2026-05-17 13:46:38,676 - __main__ - INFO - Found Fortnite window at (0, 0, 1920, 1080)
2026-05-17 13:46:39,240 - __main__ - INFO - Found Fortnite window at (0, 0, 1920, 1080)
2026-05-17 13:46:39,775 - __main__ - INFO - Found Fortnite window at (0, 0, 1920, 1080)
2026-05-17 13:46:40,368 - __main__ - INFO - Found Fortnite window at (0, 0, 1920, 1080)
2026-05-17 13:46:40,903 - __main__ - INFO - Found Fortnite window at (0, 0, 1920, 1080)
2026-05-17 13:46:40,906 - __main__ - INFO - Configuration saved to aim_snap_config.json
2026-05-17 13:46:41,451 - __main__ - INFO - Found Fortnite window at (0, 0, 1920, 1080)
2026-05-17 13:46:42,005 - __main__ - INFO - Found Fortnite window at (0, 0, 1920, 1080)
2026-05-17 13:46:42,498 - __main__ - INFO - Found Fortnite window at (0, 0, 1920, 1080)
2026-05-17 13:46:42,947 - __main__ - INFO - Found Fortnite window at (0, 0, 1920, 1080)
2026-05-17 13:46:43,407 - __main__ - INFO - Found Fortnite window at (0, 0, 1920, 1080)
2026-05-17 13:46:43,934 - __main__ - INFO - Found Fortnite window at (0, 0, 1920, 1080)
2026-05-17 13:46:43,999 - __main__ - ERROR - Detection loop error: '_thread._local' object has no attribute 'srcdc'
2026-05-17 13:46:44,468 - __main__ - ERROR - Detection loop error: '_thread._local' object has no attribute 'srcdc'
2026-05-17 13:46:44,468 - __main__ - INFO - Found Fortnite window at (0, 0, 1920, 1080)
2026-05-17 13:46:44,594 - __main__ - ERROR - Detection loop error: '_thread._local' object has no attribute 'srcdc'
2026-05-17 13:46:44,910 - __main__ - INFO - Found Fortnite window at (0, 0, 1920, 1080)
2026-05-17 13:46:45,012 - __main__ - ERROR - Detection loop error: '_thread._local' object has no attribute 'srcdc'
2026-05-17 13:46:45,167 - __main__ - ERROR - Detection loop error: '_thread._local' object has no attribute 'srcdc'
2026-05-17 13:46:45,403 - __main__ - ERROR - Detection loop error: '_thread._local' object has no attribute 'srcdc'
2026-05-17 13:46:45,684 - __main__ - ERROR - Detection loop error: '_thread._local' object has no attribute 'srcdc'
2026-05-17 13:46:45,827 - __main__ - INFO - Found Fortnite window at (0, 0, 1920, 1080)
2026-05-17 13:46:46,012 - __main__ - ERROR - Detection loop error: '_thread._local' object has no attribute 'srcdc'
2026-05-17 13:46:46,247 - __main__ - ERROR - Detection loop error: '_thread._local' object has no attribute 'srcdc'
2026-05-17 13:46:46,401 - __main__ - ERROR - Detection loop error: '_thread._local' object has no attribute 'srcdc'
2026-05-17 13:46:46,558 - __main__ - ERROR - Detection loop error: '_thread._local' object has no attribute 'srcdc'
2026-05-17 13:46:46,591 - __main__ - INFO - Found Fortnite window at (0, 0, 1920, 1080)
2026-05-17 13:46:46,698 - __main__ - ERROR - Detection loop error: '_thread._local' object has no attribute 'srcdc'
2026-05-17 13:46:46,823 - __main__ - ERROR - Detection loop error: '_thread._local' object has no attribute 'srcdc'
2026-05-17 13:46:46,994 - __main__ - ERROR - Detection loop error: '_thread._local' object has no attribute 'srcdc'
2026-05-17 13:46:47,245 - __main__ - ERROR - Detection loop error: '_thread._local' object has no attribute 'srcdc'
2026-05-17 13:46:47,364 - __main__ - INFO - Found Fortnite window at (0, 0, 1920, 1080)
2026-05-17 13:46:47,494 - __main__ - ERROR - Detection loop error: '_thread._local' object has no attribute 'srcdc'
2026-05-17 13:46:47,664 - __main__ - ERROR - Detection loop error: '_thread._local' object has no attribute 'srcdc'
2026-05-17 13:46:47,850 - __main__ - ERROR - Detection loop error: '_thread._local' object has no attribute 'srcdc'
2026-05-17 13:46:48,007 - __main__ - ERROR - Detection loop error: '_thread._local' object has no attribute 'srcdc'
2026-05-17 13:46:48,054 - __main__ - INFO - Found Fortnite window at (0, 0, 1920, 1080)
2026-05-17 13:46:48,116 - __main__ - ERROR - Detection loop error: '_thread._local' object has no attribute 'srcdc'
2026-05-17 13:46:48,242 - __main__ - ERROR - Detection loop error: '_thread._local' object has no attribute 'srcdc'
2026-05-17 13:46:48,404 - __main__ - ERROR - Detection loop error: '_thread._local' object has no attribute 'srcdc'
2026-05-17 13:46:48,614 - __main__ - ERROR - Detection loop error: '_thread._local' object has no attribute 'srcdc'
2026-05-17 13:46:48,789 - __main__ - INFO - Found Fortnite window at (0, 0, 1920, 1080)
2026-05-17 13:46:48,832 - __main__ - ERROR - Detection loop error: '_thread._local' object has no attribute 'srcdc'
2026-05-17 13:46:48,959 - __main__ - ERROR - Detection loop error: '_thread._local' object has no attribute 'srcdc'
2026-05-17 13:46:49,099 - __main__ - ERROR - Detection loop error: '_thread._local' object has no attribute 'srcdc'
2026-05-17 13:46:49,239 - __main__ - ERROR - Detection loop error: '_thread._local' object has no attribute 'srcdc'
2026-05-17 13:46:49,392 - __main__ - ERROR - Detection loop error: '_thread._local' object has no attribute 'srcdc'
2026-05-17 13:46:49,600 - __main__ - ERROR - Detection loop error: '_thread._local' object has no attribute 'srcdc'
2026-05-17 13:46:49,600 - __main__ - INFO - Found Fortnite window at (0, 0, 1920, 1080)
2026-05-17 13:46:49,722 - __main__ - ERROR - Detection loop error: '_thread._local' object has no attribute 'srcdc'
2026-05-17 13:46:49,890 - __main__ - ERROR - Detection loop error: '_thread._local' object has no attribute 'srcdc'
2026-05-17 13:46:50,031 - __main__ - ERROR - Detection loop error: '_thread._local' object has no attribute 'srcdc'
2026-05-17 13:46:50,186 - __main__ - ERROR - Detection loop error: '_thread._local' object has no attribute 'srcdc'
2026-05-17 13:46:50,351 - __main__ - INFO - Found Fortnite window at (0, 0, 1920, 1080)
2026-05-17 13:46:50,404 - __main__ - ERROR - Detection loop error: '_thread._local' object has no attribute 'srcdc'
2026-05-17 13:46:50,531 - __main__ - ERROR - Detection loop error: '_thread._local' object has no attribute 'srcdc'
2026-05-17 13:46:50,686 - __main__ - ERROR - Detection loop error: '_thread._local' object has no attribute 'srcdc'
2026-05-17 13:46:50,856 - __main__ - ERROR - Detection loop error: '_thread._local' object has no attribute 'srcdc'
2026-05-17 13:46:51,027 - __main__ - ERROR - Detection loop error: '_thread._local' object has no attribute 'srcdc'
2026-05-17 13:46:51,145 - __main__ - INFO - Found Fortnite window at (0, 0, 1920, 1080)
2026-05-17 13:46:51,167 - __main__ - ERROR - Detection loop error: '_thread._local' object has no attribute 'srcdc'
2026-05-17 13:46:51,276 - __main__ - ERROR - Detection loop error: '_thread._local' object has no attribute 'srcdc'
2026-05-17 13:46:51,465 - __main__ - ERROR - Detection loop error: '_thread._local' object has no attribute 'srcdc'
2026-05-17 13:46:51,621 - __main__ - ERROR - Detection loop error: '_thread._local' object has no attribute 'srcdc'
2026-05-17 13:46:51,775 - __main__ - ERROR - Detection loop error: '_thread._local' object has no attribute 'srcdc'
2026-05-17 13:46:51,932 - __main__ - ERROR - Detection loop error: '_thread._local' object has no attribute 'srcdc'
2026-05-17 13:46:52,016 - __main__ - INFO - Found Fortnite window at (0, 0, 1920, 1080)
2026-05-17 13:46:52,100 - __main__ - ERROR - Detection loop error: '_thread._local' object has no attribute 'srcdc'
2026-05-17 13:46:52,241 - __main__ - ERROR - Detection loop error: '_thread._local' object has no attribute 'srcdc'
2026-05-17 13:46:52,412 - __main__ - ERROR - Detection loop error: '_thread._local' object has no attribute 'srcdc'
2026-05-17 13:46:52,586 - __main__ - ERROR - Detection loop error: '_thread._local' object has no attribute 'srcdc'
2026-05-17 13:46:52,742 - __main__ - ERROR - Detection loop error: '_thread._local' object has no attribute 'srcdc'
2026-05-17 13:46:52,773 - __main__ - INFO - Found Fortnite window at (0, 0, 1920, 1080)
2026-05-17 13:46:52,898 - __main__ - ERROR - Detection loop error: '_thread._local' object has no attribute 'srcdc'
2026-05-17 13:46:53,160 - __main__ - ERROR - Detection loop error: '_thread._local' object has no attribute 'srcdc'
2026-05-17 13:46:53,394 - __main__ - ERROR - Detection loop error: '_thread._local' object has no attribute 'srcdc'
2026-05-17 13:46:53,532 - __main__ - ERROR - Detection loop error: '_thread._local' object has no attribute 'srcdc'
2026-05-17 13:46:53,534 - __main__ - INFO - Found Fortnite window at (0, 0, 1920, 1080)
2026-05-17 13:46:53,658 - __main__ - ERROR - Detection loop error: '_thread._local' object has no attribute 'srcdc'
2026-05-17 13:46:53,862 - __main__ - ERROR - Detection loop error: '_thread._local' object has no attribute 'srcdc'
2026-05-17 13:46:54,017 - __main__ - ERROR - Detection loop error: '_thread._local' object has no attribute 'srcdc'
2026-05-17 13:46:54,205 - __main__ - ERROR - Detection loop error: '_thread._local' object has no attribute 'srcdc'
2026-05-17 13:46:54,367 - __main__ - INFO - Found Fortnite window at (0, 0, 1920, 1080)
2026-05-17 13:46:54,379 - __main__ - ERROR - Detection loop error: '_thread._local' object has no attribute 'srcdc'
2026-05-17 13:46:54,502 - __main__ - ERROR - Detection loop error: '_thread._local' object has no attribute 'srcdc'
2026-05-17 13:46:54,673 - __main__ - ERROR - Detection loop error: '_thread._local' object has no attribute 'srcdc'
2026-05-17 13:46:54,829 - __main__ - ERROR - Detection loop error: '_thread._local' object has no attribute 'srcdc'
2026-05-17 13:46:55,029 - __main__ - ERROR - Detection loop error: '_thread._local' object has no attribute 'srcdc'
2026-05-17 13:46:55,168 - __main__ - ERROR - Detection loop error: '_thread._local' object has no attribute 'srcdc'
2026-05-17 13:46:55,181 - __main__ - INFO - Found Fortnite window at (0, 0, 1920, 1080)
2026-05-17 13:46:55,306 - __main__ - ERROR - Detection loop error: '_thread._local' object has no attribute 'srcdc'
2026-05-17 13:46:55,499 - __main__ - ERROR - Detection loop error: '_thread._local' object has no attribute 'srcdc'
2026-05-17 13:46:55,651 - __main__ - ERROR - Detection loop error: '_thread._local' object has no attribute 'srcdc'
2026-05-17 13:46:55,867 - __main__ - ERROR - Detection loop error: '_thread._local' object has no attribute 'srcdc'
2026-05-17 13:46:55,963 - __main__ - INFO - Found Fortnite window at (0, 0, 1920, 1080)
2026-05-17 13:46:56,070 - __main__ - ERROR - Detection loop error: '_thread._local' object has no attribute 'srcdc'
2026-05-17 13:46:56,306 - __main__ - ERROR - Detection loop error: '_thread._local' object has no attribute 'srcdc'
2026-05-17 13:46:56,586 - __main__ - ERROR - Detection loop error: '_thread._local' object has no attribute 'srcdc'
2026-05-17 13:46:56,625 - __main__ - INFO - Found Fortnite window at (0, 0, 1920, 1080)
2026-05-17 13:46:56,742 - __main__ - ERROR - Detection loop error: '_thread._local' object has no attribute 'srcdc'
2026-05-17 13:46:56,913 - __main__ - ERROR - Detection loop error: '_thread._local' object has no attribute 'srcdc'
2026-05-17 13:46:57,116 - __main__ - ERROR - Detection loop error: '_thread._local' object has no attribute 'srcdc'
2026-05-17 13:46:57,287 - __main__ - ERROR - Detection loop error: '_thread._local' object has no attribute 'srcdc'
2026-05-17 13:46:57,287 - __main__ - INFO - Found Fortnite window at (0, 0, 1920, 1080)
2026-05-17 13:46:57,412 - __main__ - ERROR - Detection loop error: '_thread._local' object has no attribute 'srcdc'
2026-05-17 13:46:57,589 - __main__ - ERROR - Detection loop error: '_thread._local' object has no attribute 'srcdc'
2026-05-17 13:46:57,740 - __main__ - ERROR - Detection loop error: '_thread._local' object has no attribute 'srcdc'
2026-05-17 13:46:57,953 - __main__ - ERROR - Detection loop error: '_thread._local' object has no attribute 'srcdc'
2026-05-17 13:46:57,964 - __main__ - INFO - Found Fortnite window at (0, 0, 1920, 1080)
2026-05-17 13:46:58,078 - __main__ - ERROR - Detection loop error: '_thread._local' object has no attribute 'srcdc'
2026-05-17 13:46:58,303 - __main__ - ERROR - Detection loop error: '_thread._local' object has no attribute 'srcdc'
2026-05-17 13:46:58,467 - __main__ - ERROR - Detection loop error: '_thread._local' object has no attribute 'srcdc'
2026-05-17 13:46:58,570 - __main__ - INFO - Found Fortnite window at (0, 0, 1920, 1080)
2026-05-17 13:46:58,609 - __main__ - ERROR - Detection loop error: '_thread._local' object has no attribute 'srcdc'
2026-05-17 13:46:58,733 - __main__ - ERROR - Detection loop error: '_thread._local' object has no attribute 'srcdc'
2026-05-17 13:46:58,906 - __main__ - ERROR - Detection loop error: '_thread._local' object has no attribute 'srcdc'
2026-05-17 13:46:59,145 - __main__ - ERROR - Detection loop error: '_thread._local' object has no attribute 'srcdc'
2026-05-17 13:46:59,294 - __main__ - ERROR - Detection loop error: '_thread._local' object has no attribute 'srcdc'
2026-05-17 13:46:59,351 - __main__ - INFO - Found Fortnite window at (0, 0, 1920, 1080)
2026-05-17 13:46:59,480 - __main__ - ERROR - Detection loop error: '_thread._local' object has no attribute 'srcdc'
2026-05-17 13:46:59,667 - __main__ - ERROR - Detection loop error: '_thread._local' object has no attribute 'srcdc'
2026-05-17 13:46:59,824 - __main__ - ERROR - Detection loop error: '_thread._local' object has no attribute 'srcdc'
2026-05-17 13:46:59,979 - __main__ - ERROR - Detection loop error: '_thread._local' object has no attribute 'srcdc'
2026-05-17 13:46:59,983 - __main__ - INFO - Found Fortnite window at (0, 0, 1920, 1080)
2026-05-17 13:47:00,089 - __main__ - ERROR - Detection loop error: '_thread._local' object has no attribute 'srcdc'
2026-05-17 13:47:00,199 - __main__ - ERROR - Detection loop error: '_thread._local' object has no attribute 'srcdc'
2026-05-17 13:47:00,574 - __main__ - ERROR - Detection loop error: '_thread._local' object has no attribute 'srcdc'
2026-05-17 13:47:00,693 - __main__ - INFO - Found Fortnite window at (0, 0, 1920, 1080)
2026-05-17 13:47:00,806 - __main__ - ERROR - Detection loop error: '_thread._local' object has no attribute 'srcdc'
2026-05-17 13:47:01,059 - __main__ - ERROR - Detection loop error: '_thread._local' object has no attribute 'srcdc'
2026-05-17 13:47:01,196 - __main__ - ERROR - Detection loop error: '_thread._local' object has no attribute 'srcdc'
2026-05-17 13:47:01,302 - __main__ - INFO - Found Fortnite window at (0, 0, 1920, 1080)
2026-05-17 13:47:01,382 - __main__ - ERROR - Detection loop error: '_thread._local' object has no attribute 'srcdc'
2026-05-17 13:47:01,539 - __main__ - ERROR - Detection loop error: '_thread._local' object has no attribute 'srcdc'
2026-05-17 13:47:01,710 - __main__ - ERROR - Detection loop error: '_thread._local' object has no attribute 'srcdc'
2026-05-17 13:47:01,864 - __main__ - ERROR - Detection loop error: '_thread._local' object has no attribute 'srcdc'
2026-05-17 13:47:01,938 - __main__ - INFO - Found Fortnite window at (0, 0, 1920, 1080)
2026-05-17 13:47:02,097 - __main__ - ERROR - Detection loop error: '_thread._local' object has no attribute 'srcdc'
2026-05-17 13:47:02,237 - __main__ - ERROR - Detection loop error: '_thread._local' object has no attribute 'srcdc'
2026-05-17 13:47:02,379 - __main__ - ERROR - Detection loop error: '_thread._local' object has no attribute 'srcdc'
2026-05-17 13:47:02,502 - __main__ - ERROR - Detection loop error: '_thread._local' object has no attribute 'srcdc'
2026-05-17 13:47:02,627 - __main__ - ERROR - Detection loop error: '_thread._local' object has no attribute 'srcdc'
2026-05-17 13:47:02,778 - __main__ - INFO - Found Fortnite window at (0, 0, 1920, 1080)
2026-05-17 13:47:02,800 - __main__ - ERROR - Detection loop error: '_thread._local' object has no attribute 'srcdc'
2026-05-17 13:47:02,926 - __main__ - ERROR - Detection loop error: '_thread._local' object has no attribute 'srcdc'
2026-05-17 13:47:03,051 - __main__ - ERROR - Detection loop error: '_thread._local' object has no attribute 'srcdc'
2026-05-17 13:47:03,190 - __main__ - ERROR - Detection loop error: '_thread._local' object has no attribute 'srcdc'
2026-05-17 13:47:03,345 - __main__ - ERROR - Detection loop error: '_thread._local' object has no attribute 'srcdc'
2026-05-17 13:47:03,500 - __main__ - ERROR - Detection loop error: '_thread._local' object has no attribute 'srcdc'
2026-05-17 13:47:03,711 - __main__ - ERROR - Detection loop error: '_thread._local' object has no attribute 'srcdc'
2026-05-17 13:47:03,711 - __main__ - INFO - Found Fortnite window at (0, 0, 1920, 1080)
2026-05-17 13:47:03,842 - __main__ - ERROR - Detection loop error: '_thread._local' object has no attribute 'srcdc'
2026-05-17 13:47:04,078 - __main__ - ERROR - Detection loop error: '_thread._local' object has no attribute 'srcdc'
2026-05-17 13:47:04,313 - __main__ - ERROR - Detection loop error: '_thread._local' object has no attribute 'srcdc'
2026-05-17 13:47:04,498 - __main__ - ERROR - Detection loop error: '_thread._local' object has no attribute 'srcdc'
2026-05-17 13:47:04,563 - __main__ - INFO - Found Fortnite window at (0, 0, 1920, 1080)
2026-05-17 13:47:04,679 - __main__ - ERROR - Detection loop error: '_thread._local' object has no attribute 'srcdc'
2026-05-17 13:47:04,842 - __main__ - ERROR - Detection loop error: '_thread._local' object has no attribute 'srcdc'
2026-05-17 13:47:05,099 - __main__ - ERROR - Detection loop error: '_thread._local' object has no attribute 'srcdc'
2026-05-17 13:47:05,477 - __main__ - ERROR - Detection loop error: '_thread._local' object has no attribute 'srcdc'
2026-05-17 13:47:05,535 - __main__ - INFO - Found Fortnite window at (0, 0, 1920, 1080)
2026-05-17 13:47:05,688 - __main__ - ERROR - Detection loop error: '_thread._local' object has no attribute 'srcdc'
2026-05-17 13:47:05,864 - __main__ - ERROR - Detection loop error: '_thread._local' object has no attribute 'srcdc'
2026-05-17 13:47:06,096 - __main__ - ERROR - Detection loop error: '_thread._local' object has no attribute 'srcdc'
2026-05-17 13:47:06,252 - __main__ - ERROR - Detection loop error: '_thread._local' object has no attribute 'srcdc'
2026-05-17 13:47:06,378 - __main__ - ERROR - Detection loop error: '_thread._local' object has no attribute 'srcdc'
2026-05-17 13:47:06,546 - __main__ - INFO - Found Fortnite window at (0, 0, 1920, 1080)
2026-05-17 13:47:06,568 - __main__ - ERROR - Detection loop error: '_thread._local' object has no attribute 'srcdc'
2026-05-17 13:47:06,691 - __main__ - ERROR - Detection loop error: '_thread._local' object has no attribute 'srcdc'
2026-05-17 13:47:06,848 - __main__ - ERROR - Detection loop error: '_thread._local' object has no attribute 'srcdc'
2026-05-17 13:47:07,017 - __main__ - ERROR - Detection loop error: '_thread._local' object has no attribute 'srcdc'
2026-05-17 13:47:07,250 - __main__ - ERROR - Detection loop error: '_thread._local' object has no attribute 'srcdc'
2026-05-17 13:47:07,550 - __main__ - ERROR - Detection loop error: '_thread._local' object has no attribute 'srcdc'
2026-05-17 13:47:07,657 - __main__ - INFO - Found Fortnite window at (0, 0, 1920, 1080)
2026-05-17 13:47:07,736 - __main__ - ERROR - Detection loop error: '_thread._local' object has no attribute 'srcdc'
2026-05-17 13:47:07,860 - __main__ - ERROR - Detection loop error: '_thread._local' object has no attribute 'srcdc'
2026-05-17 13:47:08,032 - __main__ - ERROR - Detection loop error: '_thread._local' object has no attribute 'srcdc'
2026-05-17 13:47:08,225 - __main__ - ERROR - Detection loop error: '_thread._local' object has no attribute 'srcdc'
2026-05-17 13:47:08,396 - __main__ - ERROR - Detection loop error: '_thread._local' object has no attribute 'srcdc'
2026-05-17 13:47:08,704 - __main__ - ERROR - Detection loop error: '_thread._local' object has no attribute 'srcdc'
2026-05-17 13:47:08,746 - __main__ - INFO - Found Fortnite window at (0, 0, 1920, 1080)
2026-05-17 13:47:08,875 - __main__ - ERROR - Detection loop error: '_thread._local' object has no attribute 'srcdc'
2026-05-17 13:47:09,028 - __main__ - ERROR - Detection loop error: '_thread._local' object has no attribute 'srcdc'
2026-05-17 13:47:09,286 - __main__ - ERROR - Detection loop error: '_thread._local' object has no attribute 'srcdc'
2026-05-17 13:47:09,478 - __main__ - INFO - Found Fortnite window at (0, 0, 1920, 1080)
2026-05-17 13:47:09,497 - __main__ - ERROR - Detection loop error: '_thread._local' object has no attribute 'srcdc'
2026-05-17 13:47:09,651 - __main__ - ERROR - Detection loop error: '_thread._local' object has no attribute 'srcdc'
2026-05-17 13:47:09,792 - __main__ - ERROR - Detection loop error: '_thread._local' object has no attribute 'srcdc'
2026-05-17 13:47:09,963 - __main__ - ERROR - Detection loop error: '_thread._local' object has no attribute 'srcdc'
2026-05-17 13:47:10,133 - __main__ - ERROR - Detection loop error: '_thread._local' object has no attribute 'srcdc'
2026-05-17 13:47:10,241 - __main__ - INFO - Found Fortnite window at (0, 0, 1920, 1080)
2026-05-17 13:47:10,243 - __main__ - ERROR - Detection loop error: '_thread._local' object has no attribute 'srcdc'
2026-05-17 13:47:10,371 - __main__ - ERROR - Detection loop error: '_thread._local' object has no attribute 'srcdc'
2026-05-17 13:47:10,492 - __main__ - ERROR - Detection loop error: '_thread._local' object has no attribute 'srcdc'
2026-05-17 13:47:10,709 - __main__ - ERROR - Detection loop error: '_thread._local' object has no attribute 'srcdc'
2026-05-17 13:47:10,896 - __main__ - ERROR - Detection loop error: '_thread._local' object has no attribute 'srcdc'
2026-05-17 13:47:10,988 - __main__ - INFO - Found Fortnite window at (0, 0, 1920, 1080)
2026-05-17 13:47:11,036 - __main__ - ERROR - Detection loop error: '_thread._local' object has no attribute 'srcdc'
2026-05-17 13:47:11,177 - __main__ - ERROR - Detection loop error: '_thread._local' object has no attribute 'srcdc'
2026-05-17 13:47:11,393 - __main__ - ERROR - Detection loop error: '_thread._local' object has no attribute 'srcdc'
2026-05-17 13:47:11,565 - __main__ - ERROR - Detection loop error: '_thread._local' object has no attribute 'srcdc'
2026-05-17 13:47:11,726 - __main__ - INFO - Found Fortnite window at (0, 0, 1920, 1080)
2026-05-17 13:47:11,737 - __main__ - ERROR - Detection loop error: '_thread._local' object has no attribute 'srcdc'
2026-05-17 13:47:11,846 - __main__ - ERROR - Detection loop error: '_thread._local' object has no attribute 'srcdc'
2026-05-17 13:47:11,987 - __main__ - ERROR - Detection loop error: '_thread._local' object has no attribute 'srcdc'
2026-05-17 13:47:12,204 - __main__ - ERROR - Detection loop error: '_thread._local' object has no attribute 'srcdc'
2026-05-17 13:47:12,373 - __main__ - ERROR - Detection loop error: '_thread._local' object has no attribute 'srcdc'
2026-05-17 13:47:12,443 - __main__ - INFO - Found Fortnite window at (0, 0, 1920, 1080)
2026-05-17 13:47:12,513 - __main__ - ERROR - Detection loop error: '_thread._local' object has no attribute 'srcdc'
2026-05-17 13:47:12,630 - __main__ - ERROR - Detection loop error: '_thread._local' object has no attribute 'srcdc'
2026-05-17 13:47:12,824 - __main__ - ERROR - Detection loop error: '_thread._local' object has no attribute 'srcdc'
2026-05-17 13:47:12,995 - __main__ - ERROR - Detection loop error: '_thread._local' object has no attribute 'srcdc'
2026-05-17 13:47:13,125 - __main__ - INFO - Found Fortnite window at (0, 0, 1920, 1080)
2026-05-17 13:47:13,262 - __main__ - ERROR - Detection loop error: '_thread._local' object has no attribute 'srcdc'
2026-05-17 13:47:13,407 - __main__ - ERROR - Detection loop error: '_thread._local' object has no attribute 'srcdc'
2026-05-17 13:47:13,560 - __main__ - ERROR - Detection loop error: '_thread._local' object has no attribute 'srcdc'
2026-05-17 13:47:13,699 - __main__ - ERROR - Detection loop error: '_thread._local' object has no attribute 'srcdc'
2026-05-17 13:47:13,810 - __main__ - INFO - Found Fortnite window at (0, 0, 1920, 1080)
2026-05-17 13:47:13,896 - __main__ - ERROR - Detection loop error: '_thread._local' object has no attribute 'srcdc'
2026-05-17 13:47:14,134 - __main__ - ERROR - Detection loop error: '_thread._local' object has no attribute 'srcdc'
2026-05-17 13:47:14,291 - __main__ - ERROR - Detection loop error: '_thread._local' object has no attribute 'srcdc'
2026-05-17 13:47:14,451 - __main__ - INFO - Found Fortnite window at (0, 0, 1920, 1080)
2026-05-17 13:47:14,569 - __main__ - ERROR - Detection loop error: '_thread._local' object has no attribute 'srcdc'
2026-05-17 13:47:14,805 - __main__ - ERROR - Detection loop error: '_thread._local' object has no attribute 'srcdc'
2026-05-17 13:47:15,050 - __main__ - INFO - Found Fortnite window at (0, 0, 1920, 1080)
2026-05-17 13:47:15,070 - __main__ - ERROR - Detection loop error: '_thread._local' object has no attribute 'srcdc'
2026-05-17 13:47:15,195 - __main__ - ERROR - Detection loop error: '_thread._local' object has no attribute 'srcdc'
2026-05-17 13:47:15,365 - __main__ - ERROR - Detection loop error: '_thread._local' object has no attribute 'srcdc'
2026-05-17 13:47:15,528 - __main__ - ERROR - Detection loop error: '_thread._local' object has no attribute 'srcdc'
2026-05-17 13:47:15,660 - __main__ - INFO - Found Fortnite window at (0, 0, 1920, 1080)
2026-05-17 13:47:15,837 - __main__ - ERROR - Detection loop error: '_thread._local' object has no attribute 'srcdc'
2026-05-17 13:47:16,060 - __main__ - ERROR - Detection loop error: '_thread._local' object has no attribute 'srcdc'
2026-05-17 13:47:16,226 - __main__ - ERROR - Detection loop error: '_thread._local' object has no attribute 'srcdc'
2026-05-17 13:47:16,227 - __main__ - INFO - Found Fortnite window at (0, 0, 1920, 1080)
2026-05-17 13:47:16,336 - __main__ - ERROR - Detection loop error: '_thread._local' object has no attribute 'srcdc'
2026-05-17 13:47:16,555 - __main__ - ERROR - Detection loop error: '_thread._local' object has no attribute 'srcdc'
2026-05-17 13:47:16,854 - __main__ - ERROR - Detection loop error: '_thread._local' object has no attribute 'srcdc'
2026-05-17 13:47:16,855 - __main__ - INFO - Found Fortnite window at (0, 0, 1920, 1080)
2026-05-17 13:47:17,010 - __main__ - ERROR - Detection loop error: '_thread._local' object has no attribute 'srcdc'
2026-05-17 13:47:17,333 - __main__ - ERROR - Detection loop error: '_thread._local' object has no attribute 'srcdc'
2026-05-17 13:47:17,456 - __main__ - INFO - Found Fortnite window at (0, 0, 1920, 1080)
2026-05-17 13:47:17,506 - __main__ - ERROR - Detection loop error: '_thread._local' object has no attribute 'srcdc'
2026-05-17 13:47:17,664 - __main__ - ERROR - Detection loop error: '_thread._local' object has no attribute 'srcdc'
2026-05-17 13:47:18,065 - __main__ - ERROR - Detection loop error: '_thread._local' object has no attribute 'srcdc'
2026-05-17 13:47:18,066 - __main__ - INFO - Found Fortnite window at (0, 0, 1920, 1080)
2026-05-17 13:47:18,196 - __main__ - ERROR - Detection loop error: '_thread._local' object has no attribute 'srcdc'
2026-05-17 13:47:18,367 - __main__ - ERROR - Detection loop error: '_thread._local' object has no attribute 'srcdc'
2026-05-17 13:47:18,566 - __main__ - ERROR - Detection loop error: '_thread._local' object has no attribute 'srcdc'
2026-05-17 13:47:18,628 - __main__ - INFO - Found Fortnite window at (0, 0, 1920, 1080)
2026-05-17 13:47:18,863 - __main__ - ERROR - Detection loop error: '_thread._local' object has no attribute 'srcdc'
2026-05-17 13:47:19,154 - __main__ - INFO - Found Fortnite window at (0, 0, 1920, 1080)
2026-05-17 13:47:19,174 - __main__ - ERROR - Detection loop error: '_thread._local' object has no attribute 'srcdc'
2026-05-17 13:47:19,282 - __main__ - ERROR - Detection loop error: '_thread._local' object has no attribute 'srcdc'
2026-05-17 13:47:19,457 - __main__ - ERROR - Detection loop error: '_thread._local' object has no attribute 'srcdc'
2026-05-17 13:47:19,689 - __main__ - ERROR - Detection loop error: '_thread._local' object has no attribute 'srcdc'
2026-05-17 13:47:19,754 - __main__ - INFO - Found Fortnite window at (0, 0, 1920, 1080)
2026-05-17 13:47:19,800 - __main__ - ERROR - Detection loop error: '_thread._local' object has no attribute 'srcdc'
2026-05-17 13:47:19,940 - __main__ - ERROR - Detection loop error: '_thread._local' object has no attribute 'srcdc'
2026-05-17 13:47:20,097 - __main__ - ERROR - Detection loop error: '_thread._local' object has no attribute 'srcdc'
2026-05-17 13:47:20,299 - __main__ - ERROR - Detection loop error: '_thread._local' object has no attribute 'srcdc'
2026-05-17 13:47:20,407 - __main__ - INFO - Found Fortnite window at (0, 0, 1920, 1080)
2026-05-17 13:47:20,532 - __main__ - ERROR - Detection loop error: '_thread._local' object has no attribute 'srcdc'
2026-05-17 13:47:20,862 - __main__ - ERROR - Detection loop error: '_thread._local' object has no attribute 'srcdc'
2026-05-17 13:47:20,996 - __main__ - INFO - Found Fortnite window at (0, 0, 1920, 1080)
2026-05-17 13:47:21,002 - __main__ - ERROR - Detection loop error: '_thread._local' object has no attribute 'srcdc'
2026-05-17 13:47:21,127 - __main__ - ERROR - Detection loop error: '_thread._local' object has no attribute 'srcdc'
2026-05-17 13:47:21,324 - __main__ - ERROR - Detection loop error: '_thread._local' object has no attribute 'srcdc'
2026-05-17 13:47:21,471 - __main__ - ERROR - Detection loop error: '_thread._local' object has no attribute 'srcdc'
2026-05-17 13:47:21,618 - __main__ - INFO - Found Fortnite window at (0, 0, 1920, 1080)
2026-05-17 13:47:21,694 - __main__ - ERROR - Detection loop error: '_thread._local' object has no attribute 'srcdc'
2026-05-17 13:47:21,957 - __main__ - ERROR - Detection loop error: '_thread._local' object has no attribute 'srcdc'
2026-05-17 13:47:22,228 - __main__ - ERROR - Detection loop error: '_thread._local' object has no attribute 'srcdc'
2026-05-17 13:47:22,228 - __main__ - INFO - Found Fortnite window at (0, 0, 1920, 1080)
2026-05-17 13:47:22,420 - __main__ - ERROR - Detection loop error: '_thread._local' object has no attribute 'srcdc'
2026-05-17 13:47:22,767 - __main__ - ERROR - Detection loop error: '_thread._local' object has no attribute 'srcdc'
2026-05-17 13:47:22,843 - __main__ - INFO - Found Fortnite window at (0, 0, 1920, 1080)
2026-05-17 13:47:22,952 - __main__ - ERROR - Detection loop error: '_thread._local' object has no attribute 'srcdc'
2026-05-17 13:47:23,172 - __main__ - ERROR - Detection loop error: '_thread._local' object has no attribute 'srcdc'
2026-05-17 13:47:23,420 - __main__ - ERROR - Detection loop error: '_thread._local' object has no attribute 'srcdc'
2026-05-17 13:47:23,522 - __main__ - INFO - Found Fortnite window at (0, 0, 1920, 1080)
2026-05-17 13:47:23,575 - __main__ - ERROR - Detection loop error: '_thread._local' object has no attribute 'srcdc'
2026-05-17 13:47:23,699 - __main__ - ERROR - Detection loop error: '_thread._local' object has no attribute 'srcdc'
2026-05-17 13:47:23,855 - __main__ - ERROR - Detection loop error: '_thread._local' object has no attribute 'srcdc'
2026-05-17 13:47:23,997 - __main__ - ERROR - Detection loop error: '_thread._local' object has no attribute 'srcdc'
2026-05-17 13:47:24,168 - __main__ - ERROR - Detection loop error: '_thread._local' object has no attribute 'srcdc'
2026-05-17 13:47:24,293 - __main__ - INFO - Found Fortnite window at (0, 0, 1920, 1080)
2026-05-17 13:47:24,356 - __main__ - ERROR - Detection loop error: '_thread._local' object has no attribute 'srcdc'
2026-05-17 13:47:24,509 - __main__ - ERROR - Detection loop error: '_thread._local' object has no attribute 'srcdc'
2026-05-17 13:47:24,710 - __main__ - ERROR - Detection loop error: '_thread._local' object has no attribute 'srcdc'
2026-05-17 13:47:24,879 - __main__ - ERROR - Detection loop error: '_thread._local' object has no attribute 'srcdc'
2026-05-17 13:47:25,095 - __main__ - ERROR - Detection loop error: '_thread._local' object has no attribute 'srcdc'
2026-05-17 13:47:25,136 - __main__ - INFO - Found Fortnite window at (0, 0, 1920, 1080)
2026-05-17 13:47:25,623 - __main__ - ERROR - Detection loop error: '_thread._local' object has no attribute 'srcdc'
2026-05-17 13:47:25,664 - __main__ - INFO - Found Fortnite window at (0, 0, 1920, 1080)
2026-05-17 13:47:25,816 - __main__ - ERROR - Detection loop error: '_thread._local' object has no attribute 'srcdc'
2026-05-17 13:47:25,996 - __main__ - ERROR - Detection loop error: '_thread._local' object has no attribute 'srcdc'
2026-05-17 13:47:26,122 - __main__ - INFO - Found Fortnite window at (0, 0, 1920, 1080)
2026-05-17 13:47:26,292 - __main__ - ERROR - Detection loop error: '_thread._local' object has no attribute 'srcdc'
2026-05-17 13:47:26,447 - __main__ - ERROR - Detection loop error: '_thread._local' object has no attribute 'srcdc'
2026-05-17 13:47:26,704 - __main__ - ERROR - Detection loop error: '_thread._local' object has no attribute 'srcdc'
2026-05-17 13:47:26,745 - __main__ - INFO - Found Fortnite window at (0, 0, 1920, 1080)
2026-05-17 13:47:26,851 - __main__ - ERROR - Detection loop error: '_thread._local' object has no attribute 'srcdc'
2026-05-17 13:47:27,055 - __main__ - ERROR - Detection loop error: '_thread._local' object has no attribute 'srcdc'
2026-05-17 13:47:27,287 - __main__ - ERROR - Detection loop error: '_thread._local' object has no attribute 'srcdc'
2026-05-17 13:47:27,426 - __main__ - INFO - Found Fortnite window at (0, 0, 1920, 1080)
2026-05-17 13:47:27,554 - __main__ - ERROR - Detection loop error: '_thread._local' object has no attribute 'srcdc'
2026-05-17 13:47:27,850 - __main__ - ERROR - Detection loop error: '_thread._local' object has no attribute 'srcdc'
2026-05-17 13:47:28,039 - __main__ - INFO - Found Fortnite window at (0, 0, 1920, 1080)
2026-05-17 13:47:28,117 - __main__ - ERROR - Detection loop error: '_thread._local' object has no attribute 'srcdc'
2026-05-17 13:47:28,320 - __main__ - ERROR - Detection loop error: '_thread._local' object has no attribute 'srcdc'
2026-05-17 13:47:28,585 - __main__ - ERROR - Detection loop error: '_thread._local' object has no attribute 'srcdc'
2026-05-17 13:47:28,585 - __main__ - INFO - Found Fortnite window at (0, 0, 1920, 1080)
2026-05-17 13:47:28,763 - __main__ - ERROR - Detection loop error: '_thread._local' object has no attribute 'srcdc'
2026-05-17 13:47:28,961 - __main__ - ERROR - Detection loop error: '_thread._local' object has no attribute 'srcdc'
2026-05-17 13:47:29,157 - __main__ - ERROR - Detection loop error: '_thread._local' object has no attribute 'srcdc'
2026-05-17 13:47:29,237 - __main__ - INFO - Found Fortnite window at (0, 0, 1920, 1080)
2026-05-17 13:47:29,351 - __main__ - ERROR - Detection loop error: '_thread._local' object has no attribute 'srcdc'
2026-05-17 13:47:29,648 - __main__ - ERROR - Detection loop error: '_thread._local' object has no attribute 'srcdc'
2026-05-17 13:47:29,839 - __main__ - ERROR - Detection loop error: '_thread._local' object has no attribute 'srcdc'
2026-05-17 13:47:29,892 - __main__ - INFO - Found Fortnite window at (0, 0, 1920, 1080)
2026-05-17 13:47:30,083 - __main__ - ERROR - Detection loop error: '_thread._local' object has no attribute 'srcdc'
2026-05-17 13:47:30,286 - __main__ - ERROR - Detection loop error: '_thread._local' object has no attribute 'srcdc'
2026-05-17 13:47:30,456 - __main__ - ERROR - Detection loop error: '_thread._local' object has no attribute 'srcdc'
2026-05-17 13:47:30,460 - __main__ - INFO - Found Fortnite window at (0, 0, 1920, 1080)
2026-05-17 13:47:30,587 - __main__ - ERROR - Detection loop error: '_thread._local' object has no attribute 'srcdc'
2026-05-17 13:47:30,877 - __main__ - ERROR - Detection loop error: '_thread._local' object has no attribute 'srcdc'
2026-05-17 13:47:31,031 - __main__ - INFO - Found Fortnite window at (0, 0, 1920, 1080)
2026-05-17 13:47:31,409 - __main__ - ERROR - Detection loop error: '_thread._local' object has no attribute 'srcdc'
2026-05-17 13:47:31,528 - __main__ - INFO - Found Fortnite window at (0, 0, 1920, 1080)
2026-05-17 13:47:31,965 - __main__ - ERROR - Detection loop error: '_thread._local' object has no attribute 'srcdc'
2026-05-17 13:47:31,965 - __main__ - INFO - Found Fortnite window at (0, 0, 1920, 1080)
2026-05-17 13:47:32,434 - __main__ - ERROR - Detection loop error: '_thread._local' object has no attribute 'srcdc'
2026-05-17 13:47:32,434 - __main__ - INFO - Found Fortnite window at (0, 0, 1920, 1080)
2026-05-17 13:47:32,844 - __main__ - ERROR - Detection loop error: '_thread._local' object has no attribute 'srcdc'
2026-05-17 13:47:32,845 - __main__ - INFO - Found Fortnite window at (0, 0, 1920, 1080)
2026-05-17 13:47:33,234 - __main__ - ERROR - Detection loop error: '_thread._local' object has no attribute 'srcdc'
2026-05-17 13:47:33,304 - __main__ - INFO - Found Fortnite window at (0, 0, 1920, 1080)
2026-05-17 13:47:33,737 - __main__ - ERROR - Detection loop error: '_thread._local' object has no attribute 'srcdc'
2026-05-17 13:47:33,737 - __main__ - INFO - Found Fortnite window at (0, 0, 1920, 1080)
2026-05-17 13:47:34,109 - __main__ - ERROR - Detection loop error: '_thread._local' object has no attribute 'srcdc'
2026-05-17 13:47:34,178 - __main__ - INFO - Found Fortnite window at (0, 0, 1920, 1080)
2026-05-17 13:47:34,314 - __main__ - ERROR - Detection loop error: '_thread._local' object has no attribute 'srcdc'
2026-05-17 13:47:34,647 - __main__ - INFO - Found Fortnite window at (0, 0, 1920, 1080)
2026-05-17 13:47:35,189 - __main__ - INFO - Found Fortnite window at (0, 0, 1920, 1080)
2026-05-17 13:47:35,608 - __main__ - INFO - Found Fortnite window at (0, 0, 1920, 1080)
2026-05-17 13:47:36,062 - __main__ - INFO - Found Fortnite window at (0, 0, 1920, 1080)
2026-05-17 13:47:36,507 - __main__ - INFO - Found Fortnite window at (0, 0, 1920, 1080)
2026-05-17 13:47:36,936 - __main__ - INFO - Found Fortnite window at (0, 0, 1920, 1080)
2026-05-17 13:47:37,678 - __main__ - INFO - Found Fortnite window at (0, 0, 1920, 1080)
2026-05-17 13:47:38,341 - __main__ - INFO - Found Fortnite window at (0, 0, 1920, 1080)
2026-05-17 13:47:38,932 - __main__ - INFO - Found Fortnite window at (0, 0, 1920, 1080)
2026-05-17 13:47:39,610 - __main__ - INFO - Found Fortnite window at (0, 0, 1920, 1080)
2026-05-17 13:47:40,197 - __main__ - INFO - Found Fortnite window at (0, 0, 1920, 1080)
2026-05-17 13:47:40,788 - __main__ - INFO - Found Fortnite window at (0, 0, 1920, 1080)
2026-05-17 13:47:41,340 - __main__ - INFO - Found Fortnite window at (0, 0, 1920, 1080)
2026-05-17 13:47:42,080 - __main__ - INFO - Found Fortnite window at (0, 0, 1920, 1080)
2026-05-17 13:47:42,950 - __main__ - INFO - Found Fortnite window at (0, 0, 1920, 1080)
2026-05-17 13:47:43,583 - __main__ - INFO - Found Fortnite window at (0, 0, 1920, 1080)
2026-05-17 13:47:44,156 - __main__ - INFO - Found Fortnite window at (0, 0, 1920, 1080)
2026-05-17 13:47:44,793 - __main__ - INFO - Found Fortnite window at (0, 0, 1920, 1080)
2026-05-17 13:47:45,327 - __main__ - INFO - Found Fortnite window at (0, 0, 1920, 1080)
2026-05-17 13:47:45,891 - __main__ - INFO - Found Fortnite window at (0, 0, 1920, 1080)
2026-05-17 13:47:46,414 - __main__ - INFO - Found Fortnite window at (0, 0, 1920, 1080)
2026-05-17 13:47:47,032 - __main__ - INFO - Found Fortnite window at (0, 0, 1920, 1080)
2026-05-17 13:47:47,074 - __main__ - ERROR - Detection loop error: '_thread._local' object has no attribute 'srcdc'
2026-05-17 13:47:47,394 - __main__ - ERROR - Detection loop error: '_thread._local' object has no attribute 'srcdc'
2026-05-17 13:47:47,602 - __main__ - INFO - Found Fortnite window at (0, 0, 1920, 1080)
2026-05-17 13:47:47,633 - __main__ - ERROR - Detection loop error: '_thread._local' object has no attribute 'srcdc'
2026-05-17 13:47:47,817 - __main__ - ERROR - Detection loop error: '_thread._local' object has no attribute 'srcdc'
2026-05-17 13:47:47,941 - __main__ - ERROR - Detection loop error: '_thread._local' object has no attribute 'srcdc'
2026-05-17 13:47:48,112 - __main__ - ERROR - Detection loop error: '_thread._local' object has no attribute 'srcdc'
2026-05-17 13:47:48,211 - __main__ - INFO - Found Fortnite window at (0, 0, 1920, 1080)
2026-05-17 13:47:48,317 - __main__ - ERROR - Detection loop error: '_thread._local' object has no attribute 'srcdc'
2026-05-17 13:47:48,442 - __main__ - ERROR - Detection loop error: '_thread._local' object has no attribute 'srcdc'
2026-05-17 13:47:48,677 - __main__ - ERROR - Detection loop error: '_thread._local' object has no attribute 'srcdc'
2026-05-17 13:47:48,848 - __main__ - ERROR - Detection loop error: '_thread._local' object has no attribute 'srcdc'
2026-05-17 13:47:48,900 - __main__ - INFO - Found Fortnite window at (0, 0, 1920, 1080)
2026-05-17 13:47:48,989 - __main__ - ERROR - Detection loop error: '_thread._local' object has no attribute 'srcdc'
2026-05-17 13:47:49,111 - __main__ - ERROR - Detection loop error: '_thread._local' object has no attribute 'srcdc'
2026-05-17 13:47:49,313 - __main__ - ERROR - Detection loop error: '_thread._local' object has no attribute 'srcdc'
2026-05-17 13:47:49,547 - __main__ - ERROR - Detection loop error: '_thread._local' object has no attribute 'srcdc'
2026-05-17 13:47:49,658 - __main__ - INFO - Found Fortnite window at (0, 0, 1920, 1080)
2026-05-17 13:47:49,722 - __main__ - ERROR - Detection loop error: '_thread._local' object has no attribute 'srcdc'
2026-05-17 13:47:49,895 - __main__ - ERROR - Detection loop error: '_thread._local' object has no attribute 'srcdc'
2026-05-17 13:47:50,067 - __main__ - ERROR - Detection loop error: '_thread._local' object has no attribute 'srcdc'
2026-05-17 13:47:50,220 - __main__ - ERROR - Detection loop error: '_thread._local' object has no attribute 'srcdc'
2026-05-17 13:47:50,317 - __main__ - INFO - Found Fortnite window at (0, 0, 1920, 1080)
2026-05-17 13:47:50,329 - __main__ - ERROR - Detection loop error: '_thread._local' object has no attribute 'srcdc'
2026-05-17 13:47:50,438 - __main__ - ERROR - Detection loop error: '_thread._local' object has no attribute 'srcdc'
2026-05-17 13:47:50,564 - __main__ - ERROR - Detection loop error: '_thread._local' object has no attribute 'srcdc'
2026-05-17 13:47:50,846 - __main__ - ERROR - Detection loop error: '_thread._local' object has no attribute 'srcdc'
2026-05-17 13:47:50,989 - __main__ - INFO - Found Fortnite window at (0, 0, 1920, 1080)
2026-05-17 13:47:51,001 - __main__ - ERROR - Detection loop error: '_thread._local' object has no attribute 'srcdc'
2026-05-17 13:47:51,143 - __main__ - ERROR - Detection loop error: '_thread._local' object has no attribute 'srcdc'
2026-05-17 13:47:51,376 - __main__ - ERROR - Detection loop error: '_thread._local' object has no attribute 'srcdc'
2026-05-17 13:47:51,546 - __main__ - ERROR - Detection loop error: '_thread._local' object has no attribute 'srcdc'
2026-05-17 13:47:51,583 - __main__ - INFO - Found Fortnite window at (0, 0, 1920, 1080)
2026-05-17 13:47:51,719 - __main__ - ERROR - Detection loop error: '_thread._local' object has no attribute 'srcdc'
2026-05-17 13:47:51,939 - __main__ - ERROR - Detection loop error: '_thread._local' object has no attribute 'srcdc'
2026-05-17 13:47:52,144 - __main__ - ERROR - Detection loop error: '_thread._local' object has no attribute 'srcdc'
2026-05-17 13:47:52,153 - __main__ - INFO - Found Fortnite window at (0, 0, 1920, 1080)
2026-05-17 13:47:52,319 - __main__ - ERROR - Detection loop error: '_thread._local' object has no attribute 'srcdc'
2026-05-17 13:47:52,581 - __main__ - ERROR - Detection loop error: '_thread._local' object has no attribute 'srcdc'
2026-05-17 13:47:52,689 - __main__ - INFO - Found Fortnite window at (0, 0, 1920, 1080)
2026-05-17 13:47:52,752 - __main__ - ERROR - Detection loop error: '_thread._local' object has no attribute 'srcdc'
2026-05-17 13:47:52,909 - __main__ - ERROR - Detection loop error: '_thread._local' object has no attribute 'srcdc'
2026-05-17 13:47:53,170 - __main__ - ERROR - Detection loop error: '_thread._local' object has no attribute 'srcdc'
2026-05-17 13:47:53,318 - __main__ - INFO - Found Fortnite window at (0, 0, 1920, 1080)
2026-05-17 13:47:53,386 - __main__ - ERROR - Detection loop error: '_thread._local' object has no attribute 'srcdc'
2026-05-17 13:47:53,575 - __main__ - ERROR - Detection loop error: '_thread._local' object has no attribute 'srcdc'
2026-05-17 13:47:53,809 - __main__ - ERROR - Detection loop error: '_thread._local' object has no attribute 'srcdc'
2026-05-17 13:47:53,939 - __main__ - INFO - Found Fortnite window at (0, 0, 1920, 1080)
2026-05-17 13:47:54,545 - __main__ - INFO - Found Fortnite window at (0, 0, 1920, 1080)
2026-05-17 13:47:55,034 - __main__ - INFO - Found Fortnite window at (0, 0, 1920, 1080)
2026-05-17 13:47:55,620 - __main__ - INFO - Found Fortnite window at (0, 0, 1920, 1080)
2026-05-17 13:47:56,200 - __main__ - INFO - Found Fortnite window at (0, 0, 1920, 1080)
2026-05-17 13:47:56,844 - __main__ - INFO - Found Fortnite window at (0, 0, 1920, 1080)
2026-05-17 13:47:57,349 - __main__ - INFO - Found Fortnite window at (0, 0, 1920, 1080)
2026-05-17 13:47:57,946 - __main__ - INFO - Found Fortnite window at (0, 0, 1920, 1080)
2026-05-17 13:47:58,727 - __main__ - INFO - Found Fortnite window at (0, 0, 1920, 1080)
2026-05-17 13:47:59,347 - __main__ - INFO - Found Fortnite window at (0, 0, 1920, 1080)
2026-05-17 13:47:59,944 - __main__ - INFO - Found Fortnite window at (0, 0, 1920, 1080)
2026-05-17 13:48:00,619 - __main__ - INFO - Found Fortnite window at (0, 0, 1920, 1080)
2026-05-17 13:48:01,226 - __main__ - INFO - Found Fortnite window at (0, 0, 1920, 1080)
2026-05-17 13:48:01,717 - __main__ - INFO - Found Fortnite window at (0, 0, 1920, 1080)
2026-05-17 13:48:02,392 - __main__ - INFO - Found Fortnite window at (0, 0, 1920, 1080)
2026-05-17 13:48:03,134 - __main__ - INFO - Found Fortnite window at (0, 0, 1920, 1080)
2026-05-17 13:48:03,713 - __main__ - INFO - Found Fortnite window at (0, 0, 1920, 1080)
2026-05-17 13:48:04,312 - __main__ - INFO - Found Fortnite window at (0, 0, 1920, 1080)
2026-05-17 13:48:04,801 - __main__ - INFO - Found Fortnite window at (0, 0, 1920, 1080)
2026-05-17 13:48:05,301 - __main__ - INFO - Found Fortnite window at (0, 0, 1920, 1080)
2026-05-17 13:48:05,775 - __main__ - INFO - Found Fortnite window at (0, 0, 1920, 1080)
2026-05-17 13:48:06,297 - __main__ - INFO - Found Fortnite window at (0, 0, 1920, 1080)
2026-05-17 13:48:06,748 - __main__ - INFO - Found Fortnite window at (0, 0, 1920, 1080)
2026-05-17 13:48:07,191 - __main__ - INFO - Found Fortnite window at (0, 0, 1920, 1080)
2026-05-17 13:48:07,671 - __main__ - INFO - Found Fortnite window at (0, 0, 1920, 1080)
2026-05-17 13:48:08,331 - __main__ - INFO - Found Fortnite window at (0, 0, 1920, 1080)
2026-05-17 13:48:09,045 - __main__ - INFO - Found Fortnite window at (0, 0, 1920, 1080)
2026-05-17 13:48:09,683 - __main__ - INFO - Found Fortnite window at (0, 0, 1920, 1080)
2026-05-17 13:48:10,204 - __main__ - INFO - Found Fortnite window at (0, 0, 1920, 1080)
2026-05-17 13:48:10,664 - __main__ - INFO - Found Fortnite window at (0, 0, 1920, 1080)
2026-05-17 13:48:11,171 - __main__ - INFO - Found Fortnite window at (0, 0, 1920, 1080)
2026-05-17 13:48:11,683 - __main__ - INFO - Found Fortnite window at (0, 0, 1920, 1080)
2026-05-17 13:48:12,278 - __main__ - INFO - Found Fortnite window at (0, 0, 1920, 1080)
2026-05-17 13:48:12,729 - __main__ - INFO - Found Fortnite window at (0, 0, 1920, 1080)
2026-05-17 13:48:13,276 - __main__ - INFO - Found Fortnite window at (0, 0, 1920, 1080)
2026-05-17 13:48:13,731 - __main__ - INFO - Found Fortnite window at (0, 0, 1920, 1080)
2026-05-17 13:48:14,316 - __main__ - INFO - Found Fortnite window at (0, 0, 1920, 1080)
2026-05-17 13:48:14,941 - __main__ - INFO - Found Fortnite window at (0, 0, 1920, 1080)
2026-05-17 13:48:15,662 - __main__ - INFO - Found Fortnite window at (0, 0, 1920, 1080)
2026-05-17 13:48:16,226 - __main__ - INFO - Found Fortnite window at (0, 0, 1920, 1080)
2026-05-17 13:48:16,807 - __main__ - INFO - Found Fortnite window at (0, 0, 1920, 1080)
2026-05-17 13:48:17,315 - __main__ - INFO - Found Fortnite window at (0, 0, 1920, 1080)
2026-05-17 13:48:17,759 - __main__ - INFO - Found Fortnite window at (0, 0, 1920, 1080)
2026-05-17 13:48:18,309 - __main__ - INFO - Found Fortnite window at (0, 0, 1920, 1080)
2026-05-17 13:48:18,892 - __main__ - INFO - Found Fortnite window at (0, 0, 1920, 1080)
2026-05-17 13:48:19,371 - __main__ - INFO - Found Fortnite window at (0, 0, 1920, 1080)
2026-05-17 13:48:19,917 - __main__ - INFO - Found Fortnite window at (0, 0, 1920, 1080)
2026-05-17 13:48:20,429 - __main__ - INFO - Found Fortnite window at (0, 0, 1920, 1080)
2026-05-17 13:48:21,100 - __main__ - INFO - Found Fortnite window at (0, 0, 1920, 1080)
2026-05-17 13:48:21,729 - __main__ - INFO - Found Fortnite window at (0, 0, 1920, 1080)
2026-05-17 13:48:22,290 - __main__ - INFO - Found Fortnite window at (0, 0, 1920, 1080)
2026-05-17 13:48:22,818 - __main__ - INFO - Found Fortnite window at (0, 0, 1920, 1080)
2026-05-17 13:48:23,403 - __main__ - INFO - Found Fortnite window at (0, 0, 1920, 1080)
2026-05-17 13:48:23,918 - __main__ - INFO - Found Fortnite window at (0, 0, 1920, 1080)
2026-05-17 13:48:24,372 - __main__ - INFO - Found Fortnite window at (0, 0, 1920, 1080)
2026-05-17 13:48:24,903 - __main__ - INFO - Found Fortnite window at (0, 0, 1920, 1080)
2026-05-17 13:48:25,340 - __main__ - INFO - Found Fortnite window at (0, 0, 1920, 1080)
2026-05-17 13:48:26,024 - __main__ - INFO - Found Fortnite window at (0, 0, 1920, 1080)
2026-05-17 13:48:26,635 - __main__ - INFO - Found Fortnite window at (0, 0, 1920, 1080)
2026-05-17 13:48:27,352 - __main__ - INFO - Found Fortnite window at (0, 0, 1920, 1080)
2026-05-17 13:48:27,961 - __main__ - INFO - Found Fortnite window at (0, 0, 1920, 1080)
2026-05-17 13:48:28,554 - __main__ - INFO - Found Fortnite window at (0, 0, 1920, 1080)
2026-05-17 13:48:29,051 - __main__ - INFO - Found Fortnite window at (0, 0, 1920, 1080)
2026-05-17 13:48:29,621 - __main__ - INFO - Found Fortnite window at (0, 0, 1920, 1080)
2026-05-17 13:48:30,144 - __main__ - INFO - Found Fortnite window at (0, 0, 1920, 1080)
2026-05-17 13:48:30,743 - __main__ - INFO - Found Fortnite window at (0, 0, 1920, 1080)
2026-05-17 13:48:31,328 - __main__ - INFO - Found Fortnite window at (0, 0, 1920, 1080)
2026-05-17 13:48:31,914 - __main__ - INFO - Found Fortnite window at (0, 0, 1920, 1080)
2026-05-17 13:48:32,518 - __main__ - INFO - Found Fortnite window at (0, 0, 1920, 1080)
2026-05-17 13:48:33,125 - __main__ - INFO - Found Fortnite window at (0, 0, 1920, 1080)
2026-05-17 13:48:33,757 - __main__ - INFO - Found Fortnite window at (0, 0, 1920, 1080)
2026-05-17 13:48:34,253 - __main__ - INFO - Found Fortnite window at (0, 0, 1920, 1080)
2026-05-17 13:48:34,684 - __main__ - INFO - Found Fortnite window at (0, 0, 1920, 1080)
2026-05-17 13:48:35,121 - __main__ - INFO - Found Fortnite window at (0, 0, 1920, 1080)
2026-05-17 13:48:35,559 - __main__ - INFO - Found Fortnite window at (0, 0, 1920, 1080)
2026-05-17 13:48:36,000 - __main__ - INFO - Found Fortnite window at (0, 0, 1920, 1080)
2026-05-17 13:48:36,439 - __main__ - INFO - Found Fortnite window at (0, 0, 1920, 1080)
2026-05-17 13:48:36,891 - __main__ - INFO - Found Fortnite window at (0, 0, 1920, 1080)
2026-05-17 13:48:37,332 - __main__ - INFO - Found Fortnite window at (0, 0, 1920, 1080)
2026-05-17 13:48:37,780 - __main__ - INFO - Found Fortnite window at (0, 0, 1920, 1080)
2026-05-17 13:48:38,212 - __main__ - INFO - Found Fortnite window at (0, 0, 1920, 1080)
2026-05-17 13:48:38,658 - __main__ - INFO - Found Fortnite window at (0, 0, 1920, 1080)
2026-05-17 13:48:39,103 - __main__ - INFO - Found Fortnite window at (0, 0, 1920, 1080)
2026-05-17 13:48:39,538 - __main__ - INFO - Found Fortnite window at (0, 0, 1920, 1080)
2026-05-17 13:48:39,956 - __main__ - INFO - Found Fortnite window at (0, 0, 1920, 1080)
2026-05-17 13:48:40,388 - __main__ - INFO - Found Fortnite window at (0, 0, 1920, 1080)
2026-05-17 13:48:40,825 - __main__ - INFO - Found Fortnite window at (0, 0, 1920, 1080)
2026-05-17 13:48:41,262 - __main__ - INFO - Found Fortnite window at (0, 0, 1920, 1080)
2026-05-17 13:48:41,696 - __main__ - INFO - Found Fortnite window at (0, 0, 1920, 1080)
2026-05-17 13:48:42,132 - __main__ - INFO - Found Fortnite window at (0, 0, 1920, 1080)
2026-05-17 13:48:42,571 - __main__ - INFO - Found Fortnite window at (0, 0, 1920, 1080)
2026-05-17 13:48:43,005 - __main__ - INFO - Found Fortnite window at (0, 0, 1920, 1080)
2026-05-17 13:48:43,444 - __main__ - INFO - Found Fortnite window at (0, 0, 1920, 1080)
2026-05-17 13:48:43,888 - __main__ - INFO - Found Fortnite window at (0, 0, 1920, 1080)
2026-05-17 13:48:44,322 - __main__ - INFO - Found Fortnite window at (0, 0, 1920, 1080)
2026-05-17 13:48:44,777 - __main__ - INFO - Found Fortnite window at (0, 0, 1920, 1080)
2026-05-17 13:48:45,212 - __main__ - INFO - Found Fortnite window at (0, 0, 1920, 1080)
2026-05-17 13:48:45,651 - __main__ - INFO - Found Fortnite window at (0, 0, 1920, 1080)
2026-05-17 13:48:46,078 - __main__ - INFO - Found Fortnite window at (0, 0, 1920, 1080)
2026-05-17 13:48:46,519 - __main__ - INFO - Found Fortnite window at (0, 0, 1920, 1080)
2026-05-17 13:48:46,594 - __main__ - INFO - Detection engine stopped
2026-05-17 13:48:46,610 - __main__ - INFO - Aimbot engine stopped
2026-05-17 13:48:46,628 - __main__ - INFO - Configuration saved to aim_snap_config.json
2026-05-17 13:48:47,049 - __main__ - INFO - Found Fortnite window at (0, 0, 1920, 1080)
2026-05-17 13:48:47,521 - __main__ - INFO - Found Fortnite window at (0, 0, 1920, 1080)
2026-05-17 13:48:47,949 - __main__ - INFO - Found Fortnite window at (0, 0, 1920, 1080)
